{
    "TN": 84,
    "FP": 84,
    "FN": 81,
    "TP": 130,
    "AP": 0.6127315250930143,
    "recall": 0.6161137440758294,
    "precision": 0.6074766355140186,
    "specificity": 0.5,
    "accuracy": 0.5646437994722955,
    "expected AP": 0.5567282321899736,
    "auroc": 0.5720774091627171,
    "balanced accuracy": 0.5580568720379147,
    "adjusted balanced accuracy": 0.1161137440758293
}
