{
    "TN": 134,
    "FP": 34,
    "FN": 156,
    "TP": 55,
    "AP": 0.6270605265416648,
    "recall": 0.26066350710900477,
    "precision": 0.6179775280898876,
    "specificity": 0.7976190476190477,
    "accuracy": 0.49868073878627966,
    "expected AP": 0.5567282321899736,
    "auroc": 0.6330963665086887,
    "balanced accuracy": 0.5291412773640263,
    "adjusted balanced accuracy": 0.05828255472805255
}
