{
    "TN": 932,
    "FP": 14,
    "FN": 66,
    "TP": 6,
    "AP": 0.12037948596712646,
    "recall": 0.08333333333333333,
    "precision": 0.3,
    "specificity": 0.985200845665962,
    "accuracy": 0.9214145383104125,
    "expected AP": 0.07072691552062868,
    "auroc": 0.5922891707775428,
    "balanced accuracy": 0.5342670894996476,
    "adjusted balanced accuracy": 0.06853417899929526
}
