{
    "TN": 1049,
    "FP": 51,
    "FN": 62,
    "TP": 14,
    "AP": 0.14301732809094916,
    "recall": 0.18421052631578946,
    "precision": 0.2153846153846154,
    "specificity": 0.9536363636363636,
    "accuracy": 0.9039115646258503,
    "expected AP": 0.06462585034013606,
    "auroc": 0.6551435406698565,
    "balanced accuracy": 0.5689234449760765,
    "adjusted balanced accuracy": 0.137846889952153
}
