{
    "overall": {
        "mAP": 0.47267436425182846,
        "accuracy": 0.43559718969555034,
        "expected mAP": 0.25,
        "balanced accuracy": 0.3516161766161766,
        "adjusted balanced accuracy": 0.1354882354882355
    },
    "classwise": {
        "0": {
            "TN": 69,
            "FP": 210,
            "FN": 12,
            "TP": 136,
            "AP": 0.49765840876187684,
            "recall": 0.918918918918919,
            "precision": 0.3930635838150289,
            "specificity": 0.24731182795698925,
            "accuracy": 0.48009367681498827,
            "expected AP": 0.34660421545667447
        },
        "1": {
            "TN": 192,
            "FP": 25,
            "FN": 169,
            "TP": 41,
            "AP": 0.5842691935478189,
            "recall": 0.19523809523809524,
            "precision": 0.6212121212121212,
            "specificity": 0.8847926267281107,
            "accuracy": 0.5456674473067916,
            "expected AP": 0.4918032786885246
        },
        "2": {
            "TN": 382,
            "FP": 6,
            "FN": 38,
            "TP": 1,
            "AP": 0.13288647523410718,
            "recall": 0.02564102564102564,
            "precision": 0.14285714285714285,
            "specificity": 0.9845360824742269,
            "accuracy": 0.8969555035128806,
            "expected AP": 0.09133489461358314
        },
        "3": {
            "TN": 397,
            "FP": 0,
            "FN": 22,
            "TP": 8,
            "AP": 0.6758833794635108,
            "recall": 0.26666666666666666,
            "precision": 1.0,
            "specificity": 1.0,
            "accuracy": 0.9484777517564403,
            "expected AP": 0.0702576112412178
        }
    }
}
