{
    "TN": 389,
    "FP": 5,
    "FN": 32,
    "TP": 1,
    "AP": 0.10456831861527502,
    "recall": 0.030303030303030304,
    "precision": 0.16666666666666666,
    "specificity": 0.9873096446700508,
    "accuracy": 0.9133489461358314,
    "expected AP": 0.07728337236533958,
    "auroc": 0.5673742501153669,
    "balanced accuracy": 0.5088063374865406,
    "adjusted balanced accuracy": 0.017612674973081166
}
