{
    "overall": {
        "mAP": 0.4745789925822196,
        "accuracy": 0.4628930817610063,
        "expected mAP": 0.25
    },
    "classwise": {
        "0": {
            "TN": 3715,
            "FP": 5443,
            "FN": 584,
            "TP": 3773,
            "AP": 0.5374904455039052,
            "recall": 0.865962818453064,
            "precision": 0.4093967013888889,
            "specificity": 0.4056562568246342,
            "accuracy": 0.5540510543840178,
            "expected AP": 0.3223825379208287
        },
        "1": {
            "TN": 5566,
            "FP": 1575,
            "FN": 4241,
            "TP": 2133,
            "AP": 0.5746537299562657,
            "recall": 0.33464072795732663,
            "precision": 0.5752427184466019,
            "specificity": 0.7794426550903235,
            "accuracy": 0.5696633370329264,
            "expected AP": 0.4716241213466519
        },
        "2": {
            "TN": 11316,
            "FP": 234,
            "FN": 1858,
            "TP": 107,
            "AP": 0.19248915660487642,
            "recall": 0.0544529262086514,
            "precision": 0.31378299120234604,
            "specificity": 0.9797402597402597,
            "accuracy": 0.8452090270070293,
            "expected AP": 0.1453940066592675
        },
        "3": {
            "TN": 12689,
            "FP": 7,
            "FN": 576,
            "TP": 243,
            "AP": 0.593682638263831,
            "recall": 0.2967032967032967,
            "precision": 0.972,
            "specificity": 0.9994486452425961,
            "accuracy": 0.9568627450980393,
            "expected AP": 0.060599334073251944
        }
    }
}
