{
    "overall": {
        "mAP": 0.44412570609010227,
        "accuracy": 0.3981264637002342,
        "expected mAP": 0.25,
        "balanced accuracy": 0.31406048906048906,
        "adjusted balanced accuracy": 0.08541398541398541
    },
    "classwise": {
        "0": {
            "TN": 47,
            "FP": 232,
            "FN": 10,
            "TP": 138,
            "AP": 0.4520868728451486,
            "recall": 0.9324324324324325,
            "precision": 0.372972972972973,
            "specificity": 0.16845878136200718,
            "accuracy": 0.4332552693208431,
            "expected AP": 0.34660421545667447
        },
        "1": {
            "TN": 198,
            "FP": 19,
            "FN": 184,
            "TP": 26,
            "AP": 0.5609546131009688,
            "recall": 0.12380952380952381,
            "precision": 0.5777777777777777,
            "specificity": 0.9124423963133641,
            "accuracy": 0.5245901639344263,
            "expected AP": 0.4918032786885246
        },
        "2": {
            "TN": 383,
            "FP": 5,
            "FN": 39,
            "TP": 0,
            "AP": 0.1508999882162133,
            "recall": 0.0,
            "precision": 0.0,
            "specificity": 0.9871134020618557,
            "accuracy": 0.8969555035128806,
            "expected AP": 0.09133489461358314
        },
        "3": {
            "TN": 396,
            "FP": 1,
            "FN": 24,
            "TP": 6,
            "AP": 0.6125613501980783,
            "recall": 0.2,
            "precision": 0.8571428571428571,
            "specificity": 0.9974811083123426,
            "accuracy": 0.9414519906323185,
            "expected AP": 0.0702576112412178
        }
    }
}
