{
    "overall": {
        "mAP": 0.4748437742925531,
        "accuracy": 0.41920374707259955,
        "expected mAP": 0.25,
        "balanced accuracy": 0.337065637065637,
        "adjusted balanced accuracy": 0.11608751608751604
    },
    "classwise": {
        "0": {
            "TN": 60,
            "FP": 219,
            "FN": 14,
            "TP": 134,
            "AP": 0.4845759203018195,
            "recall": 0.9054054054054054,
            "precision": 0.37960339943342775,
            "specificity": 0.21505376344086022,
            "accuracy": 0.45433255269320844,
            "expected AP": 0.34660421545667447
        },
        "1": {
            "TN": 193,
            "FP": 24,
            "FN": 173,
            "TP": 37,
            "AP": 0.5784724556370248,
            "recall": 0.1761904761904762,
            "precision": 0.6065573770491803,
            "specificity": 0.8894009216589862,
            "accuracy": 0.5386416861826698,
            "expected AP": 0.4918032786885246
        },
        "2": {
            "TN": 383,
            "FP": 5,
            "FN": 39,
            "TP": 0,
            "AP": 0.13253313235744085,
            "recall": 0.0,
            "precision": 0.0,
            "specificity": 0.9871134020618557,
            "accuracy": 0.8969555035128806,
            "expected AP": 0.09133489461358314
        },
        "3": {
            "TN": 397,
            "FP": 0,
            "FN": 22,
            "TP": 8,
            "AP": 0.7037935888739274,
            "recall": 0.26666666666666666,
            "precision": 1.0,
            "specificity": 1.0,
            "accuracy": 0.9484777517564403,
            "expected AP": 0.0702576112412178
        }
    }
}
