{
    "TN": 916,
    "FP": 184,
    "FN": 56,
    "TP": 20,
    "AP": 0.08701532774899848,
    "recall": 0.2631578947368421,
    "precision": 0.09803921568627451,
    "specificity": 0.8327272727272728,
    "accuracy": 0.7959183673469388,
    "expected AP": 0.06462585034013606,
    "auroc": 0.6032775119617224,
    "balanced accuracy": 0.5479425837320574,
    "adjusted balanced accuracy": 0.0958851674641148
}
