{
    "TN": 390,
    "FP": 4,
    "FN": 32,
    "TP": 1,
    "AP": 0.14583349473825846,
    "recall": 0.030303030303030304,
    "precision": 0.2,
    "specificity": 0.9898477157360406,
    "accuracy": 0.9156908665105387,
    "expected AP": 0.07728337236533958,
    "auroc": 0.5959083217966467,
    "balanced accuracy": 0.5100753730195354,
    "adjusted balanced accuracy": 0.020150746039070855
}
