{
    "overall": {
        "mAP": 0.4722325338645731,
        "accuracy": 0.41920374707259955,
        "expected mAP": 0.25,
        "balanced accuracy": 0.3350707850707851,
        "adjusted balanced accuracy": 0.11342771342771345
    },
    "classwise": {
        "0": {
            "TN": 67,
            "FP": 212,
            "FN": 18,
            "TP": 130,
            "AP": 0.4967554226464258,
            "recall": 0.8783783783783784,
            "precision": 0.38011695906432746,
            "specificity": 0.24014336917562723,
            "accuracy": 0.4613583138173302,
            "expected AP": 0.34660421545667447
        },
        "1": {
            "TN": 187,
            "FP": 30,
            "FN": 169,
            "TP": 41,
            "AP": 0.5794479645304912,
            "recall": 0.19523809523809524,
            "precision": 0.5774647887323944,
            "specificity": 0.8617511520737328,
            "accuracy": 0.5339578454332553,
            "expected AP": 0.4918032786885246
        },
        "2": {
            "TN": 383,
            "FP": 5,
            "FN": 39,
            "TP": 0,
            "AP": 0.1265545171209185,
            "recall": 0.0,
            "precision": 0.0,
            "specificity": 0.9871134020618557,
            "accuracy": 0.8969555035128806,
            "expected AP": 0.09133489461358314
        },
        "3": {
            "TN": 396,
            "FP": 1,
            "FN": 22,
            "TP": 8,
            "AP": 0.6861722311604569,
            "recall": 0.26666666666666666,
            "precision": 0.8888888888888888,
            "specificity": 0.9974811083123426,
            "accuracy": 0.9461358313817331,
            "expected AP": 0.0702576112412178
        }
    }
}
