{
    "overall": {
        "mAP": 0.46646297712630114,
        "accuracy": 0.405152224824356,
        "expected mAP": 0.25,
        "balanced accuracy": 0.3279279279279279,
        "adjusted balanced accuracy": 0.10390390390390387
    },
    "classwise": {
        "0": {
            "TN": 60,
            "FP": 219,
            "FN": 18,
            "TP": 130,
            "AP": 0.4801973191112461,
            "recall": 0.8783783783783784,
            "precision": 0.37249283667621774,
            "specificity": 0.21505376344086022,
            "accuracy": 0.4449648711943794,
            "expected AP": 0.34660421545667447
        },
        "1": {
            "TN": 188,
            "FP": 29,
            "FN": 175,
            "TP": 35,
            "AP": 0.569284208630648,
            "recall": 0.16666666666666666,
            "precision": 0.546875,
            "specificity": 0.8663594470046083,
            "accuracy": 0.522248243559719,
            "expected AP": 0.4918032786885246
        },
        "2": {
            "TN": 383,
            "FP": 5,
            "FN": 39,
            "TP": 0,
            "AP": 0.11734564299998515,
            "recall": 0.0,
            "precision": 0.0,
            "specificity": 0.9871134020618557,
            "accuracy": 0.8969555035128806,
            "expected AP": 0.09133489461358314
        },
        "3": {
            "TN": 396,
            "FP": 1,
            "FN": 22,
            "TP": 8,
            "AP": 0.6990247377633255,
            "recall": 0.26666666666666666,
            "precision": 0.8888888888888888,
            "specificity": 0.9974811083123426,
            "accuracy": 0.9461358313817331,
            "expected AP": 0.0702576112412178
        }
    }
}
