{
    "overall": {
        "mAP": 0.46645209350782824,
        "accuracy": 0.6146366427840327,
        "expected mAP": 0.25,
        "balanced accuracy": 0.47258087181997865,
        "adjusted balanced accuracy": 0.29677449575997156
    },
    "classwise": {
        "0": {
            "TN": 431,
            "FP": 337,
            "FN": 183,
            "TP": 1003,
            "AP": 0.8510457938729296,
            "recall": 0.845699831365936,
            "precision": 0.7485074626865672,
            "specificity": 0.5611979166666666,
            "accuracy": 0.7338792221084954,
            "expected AP": 0.6069600818833163
        },
        "1": {
            "TN": 1245,
            "FP": 337,
            "FN": 219,
            "TP": 153,
            "AP": 0.3023857108083192,
            "recall": 0.4112903225806452,
            "precision": 0.3122448979591837,
            "specificity": 0.7869785082174463,
            "accuracy": 0.7154554759467758,
            "expected AP": 0.19037871033776868
        },
        "2": {
            "TN": 1620,
            "FP": 4,
            "FN": 326,
            "TP": 4,
            "AP": 0.3452922259614366,
            "recall": 0.012121212121212121,
            "precision": 0.5,
            "specificity": 0.9975369458128078,
            "accuracy": 0.8311156601842374,
            "expected AP": 0.16888433981576254
        },
        "3": {
            "TN": 1813,
            "FP": 75,
            "FN": 25,
            "TP": 41,
            "AP": 0.36708464338862773,
            "recall": 0.6212121212121212,
            "precision": 0.35344827586206895,
            "specificity": 0.9602754237288136,
            "accuracy": 0.9488229273285568,
            "expected AP": 0.033776867963152504
        }
    }
}
