{
    "overall": {
        "mAP": 0.4608831637030365,
        "accuracy": 0.4583333333333333,
        "expected mAP": 0.25,
        "balanced accuracy": 0.343300937381043
    },
    "classwise": {
        "0": {
            "TN": 82,
            "FP": 202,
            "FN": 23,
            "TP": 125,
            "AP": 0.570226230870077,
            "recall": 0.8445945945945946,
            "precision": 0.382262996941896,
            "specificity": 0.2887323943661972,
            "accuracy": 0.4791666666666667,
            "expected AP": 0.3425925925925926
        },
        "1": {
            "TN": 191,
            "FP": 28,
            "FN": 147,
            "TP": 66,
            "AP": 0.6863960125701626,
            "recall": 0.30985915492957744,
            "precision": 0.7021276595744681,
            "specificity": 0.8721461187214612,
            "accuracy": 0.5949074074074074,
            "expected AP": 0.4930555555555556
        },
        "2": {
            "TN": 390,
            "FP": 3,
            "FN": 39,
            "TP": 0,
            "AP": 0.08776282110377406,
            "recall": 0.0,
            "precision": 0.0,
            "specificity": 0.9923664122137404,
            "accuracy": 0.9027777777777778,
            "expected AP": 0.09027777777777778
        },
        "3": {
            "TN": 399,
            "FP": 1,
            "FN": 25,
            "TP": 7,
            "AP": 0.49914759026813227,
            "recall": 0.21875,
            "precision": 0.875,
            "specificity": 0.9975,
            "accuracy": 0.9398148148148148,
            "expected AP": 0.07407407407407407
        }
    }
}
