{
    "TN": 440,
    "FP": 128,
    "FN": 71,
    "TP": 148,
    "AP": 0.550992534387287,
    "recall": 0.6757990867579908,
    "precision": 0.5362318840579711,
    "specificity": 0.7746478873239436,
    "accuracy": 0.747141041931385,
    "expected AP": 0.2782719186785261,
    "auroc": 0.8007910476557978,
    "balanced accuracy": 0.7252234870409673,
    "adjusted balanced accuracy": 0.45044697408193457
}
