{
    "TN": 115,
    "FP": 53,
    "FN": 106,
    "TP": 105,
    "AP": 0.6755634807408174,
    "recall": 0.4976303317535545,
    "precision": 0.6645569620253164,
    "specificity": 0.6845238095238095,
    "accuracy": 0.5804749340369393,
    "expected AP": 0.5567282321899736,
    "auroc": 0.655396637327917,
    "balanced accuracy": 0.591077070638682,
    "adjusted balanced accuracy": 0.18215414127736396
}
