{
    "TN": 440,
    "FP": 128,
    "FN": 57,
    "TP": 162,
    "AP": 0.6906716254626183,
    "recall": 0.7397260273972602,
    "precision": 0.5586206896551724,
    "specificity": 0.7746478873239436,
    "accuracy": 0.7649301143583227,
    "expected AP": 0.2782719186785261,
    "auroc": 0.8503480931249598,
    "balanced accuracy": 0.7571869573606019,
    "adjusted balanced accuracy": 0.5143739147212039
}
