{
    "overall": {
        "mAP": 0.47675868199223526,
        "accuracy": 0.4873103958564558,
        "expected mAP": 0.25
    },
    "classwise": {
        "0": {
            "TN": 4291,
            "FP": 4867,
            "FN": 671,
            "TP": 3686,
            "AP": 0.5430856320669921,
            "recall": 0.8459949506541198,
            "precision": 0.4309598971121244,
            "specificity": 0.4685520856082114,
            "accuracy": 0.5902330743618202,
            "expected AP": 0.3223825379208287
        },
        "1": {
            "TN": 5301,
            "FP": 1840,
            "FN": 3846,
            "TP": 2528,
            "AP": 0.5681524056791456,
            "recall": 0.39661123313460933,
            "precision": 0.5787545787545788,
            "specificity": 0.7423330065817112,
            "accuracy": 0.5792822789493156,
            "expected AP": 0.4716241213466519
        },
        "2": {
            "TN": 11334,
            "FP": 216,
            "FN": 1842,
            "TP": 123,
            "AP": 0.1937207184835671,
            "recall": 0.06259541984732825,
            "precision": 0.36283185840707965,
            "specificity": 0.9812987012987013,
            "accuracy": 0.8477247502774695,
            "expected AP": 0.1453940066592675
        },
        "3": {
            "TN": 12690,
            "FP": 6,
            "FN": 570,
            "TP": 249,
            "AP": 0.6020759717392364,
            "recall": 0.304029304029304,
            "precision": 0.9764705882352941,
            "specificity": 0.9995274102079396,
            "accuracy": 0.9573806881243063,
            "expected AP": 0.060599334073251944
        }
    }
}
