{
    "overall": {
        "mAP": 0.544561665726116,
        "accuracy": 0.5115740740740741,
        "expected mAP": 0.25,
        "balanced accuracy": 0.38173784564629637
    },
    "classwise": {
        "0": {
            "TN": 136,
            "FP": 148,
            "FN": 34,
            "TP": 114,
            "AP": 0.5671907798876542,
            "recall": 0.7702702702702703,
            "precision": 0.4351145038167939,
            "specificity": 0.4788732394366197,
            "accuracy": 0.5787037037037037,
            "expected AP": 0.3425925925925926
        },
        "1": {
            "TN": 174,
            "FP": 45,
            "FN": 116,
            "TP": 97,
            "AP": 0.6995643127657494,
            "recall": 0.45539906103286387,
            "precision": 0.6830985915492958,
            "specificity": 0.7945205479452054,
            "accuracy": 0.6273148148148148,
            "expected AP": 0.4930555555555556
        },
        "2": {
            "TN": 376,
            "FP": 17,
            "FN": 37,
            "TP": 2,
            "AP": 0.09490735828223487,
            "recall": 0.05128205128205128,
            "precision": 0.10526315789473684,
            "specificity": 0.9567430025445293,
            "accuracy": 0.875,
            "expected AP": 0.09027777777777778
        },
        "3": {
            "TN": 399,
            "FP": 1,
            "FN": 24,
            "TP": 8,
            "AP": 0.8165842119688257,
            "recall": 0.25,
            "precision": 0.8888888888888888,
            "specificity": 0.9975,
            "accuracy": 0.9421296296296297,
            "expected AP": 0.07407407407407407
        }
    }
}
