{
    "overall": {
        "mAP": 0.40601380259582337,
        "accuracy": 0.5209222886421861,
        "expected mAP": 0.25,
        "balanced accuracy": 0.38639767187000296,
        "adjusted balanced accuracy": 0.18186356249333727
    },
    "classwise": {
        "0": {
            "TN": 287,
            "FP": 149,
            "FN": 265,
            "TP": 470,
            "AP": 0.7790790149346979,
            "recall": 0.6394557823129252,
            "precision": 0.7592891760904685,
            "specificity": 0.658256880733945,
            "accuracy": 0.6464560204953032,
            "expected AP": 0.627668659265585
        },
        "1": {
            "TN": 625,
            "FP": 328,
            "FN": 112,
            "TP": 106,
            "AP": 0.2592434063328408,
            "recall": 0.48623853211009177,
            "precision": 0.24423963133640553,
            "specificity": 0.6558237145855194,
            "accuracy": 0.6242527754056362,
            "expected AP": 0.18616567036720752
        },
        "2": {
            "TN": 898,
            "FP": 80,
            "FN": 166,
            "TP": 27,
            "AP": 0.24440633805023526,
            "recall": 0.13989637305699482,
            "precision": 0.2523364485981308,
            "specificity": 0.918200408997955,
            "accuracy": 0.7899231426131511,
            "expected AP": 0.16481639624252775
        },
        "3": {
            "TN": 1142,
            "FP": 4,
            "FN": 18,
            "TP": 7,
            "AP": 0.3413264510655196,
            "recall": 0.28,
            "precision": 0.6363636363636364,
            "specificity": 0.9965095986038395,
            "accuracy": 0.9812126387702819,
            "expected AP": 0.02134927412467976
        }
    }
}
