{
    "overall": {
        "mAP": 0.41957246230786494,
        "accuracy": 0.5465498357064622,
        "expected mAP": 0.24999999999999997,
        "balanced accuracy": 0.40788434916326394,
        "adjusted balanced accuracy": 0.21051246555101857
    },
    "classwise": {
        "0": {
            "TN": 220,
            "FP": 109,
            "FN": 197,
            "TP": 387,
            "AP": 0.7857037453593989,
            "recall": 0.6626712328767124,
            "precision": 0.780241935483871,
            "specificity": 0.668693009118541,
            "accuracy": 0.664841182913472,
            "expected AP": 0.6396495071193866
        },
        "1": {
            "TN": 510,
            "FP": 236,
            "FN": 81,
            "TP": 86,
            "AP": 0.28028190012395193,
            "recall": 0.5149700598802395,
            "precision": 0.2670807453416149,
            "specificity": 0.6836461126005362,
            "accuracy": 0.6527929901423878,
            "expected AP": 0.1829134720700986
        },
        "2": {
            "TN": 708,
            "FP": 65,
            "FN": 121,
            "TP": 19,
            "AP": 0.22261069041710108,
            "recall": 0.1357142857142857,
            "precision": 0.2261904761904762,
            "specificity": 0.9159120310478654,
            "accuracy": 0.7962760131434831,
            "expected AP": 0.1533406352683461
        },
        "3": {
            "TN": 887,
            "FP": 4,
            "FN": 15,
            "TP": 7,
            "AP": 0.3896935133310081,
            "recall": 0.3181818181818182,
            "precision": 0.6363636363636364,
            "specificity": 0.9955106621773289,
            "accuracy": 0.9791894852135816,
            "expected AP": 0.024096385542168676
        }
    }
}
