{
    "overall": {
        "mAP": 0.44125258615804924,
        "accuracy": 0.5092592592592593,
        "expected mAP": 0.25,
        "balanced accuracy": 0.3276808939220911
    },
    "classwise": {
        "0": {
            "TN": 158,
            "FP": 126,
            "FN": 39,
            "TP": 109,
            "AP": 0.6755951800032441,
            "recall": 0.7364864864864865,
            "precision": 0.46382978723404256,
            "specificity": 0.5563380281690141,
            "accuracy": 0.6180555555555556,
            "expected AP": 0.3425925925925926
        },
        "1": {
            "TN": 149,
            "FP": 70,
            "FN": 104,
            "TP": 109,
            "AP": 0.6823096811211341,
            "recall": 0.5117370892018779,
            "precision": 0.6089385474860335,
            "specificity": 0.680365296803653,
            "accuracy": 0.5972222222222222,
            "expected AP": 0.4930555555555556
        },
        "2": {
            "TN": 378,
            "FP": 15,
            "FN": 39,
            "TP": 0,
            "AP": 0.14772044315823135,
            "recall": 0.0,
            "precision": 0.0,
            "specificity": 0.9618320610687023,
            "accuracy": 0.875,
            "expected AP": 0.09027777777777778
        },
        "3": {
            "TN": 399,
            "FP": 1,
            "FN": 30,
            "TP": 2,
            "AP": 0.2593850403495874,
            "recall": 0.0625,
            "precision": 0.6666666666666666,
            "specificity": 0.9975,
            "accuracy": 0.9282407407407407,
            "expected AP": 0.07407407407407407
        }
    }
}
