{
    "overall": {
        "mAP": 0.5187763599207008,
        "accuracy": 0.5762538382804504,
        "expected mAP": 0.25,
        "balanced accuracy": 0.4867942672660347,
        "adjusted balanced accuracy": 0.31572568968804626
    },
    "classwise": {
        "0": {
            "TN": 642,
            "FP": 126,
            "FN": 401,
            "TP": 785,
            "AP": 0.8907661185324751,
            "recall": 0.6618887015177066,
            "precision": 0.8616904500548848,
            "specificity": 0.8359375,
            "accuracy": 0.7302968270214943,
            "expected AP": 0.6069600818833163
        },
        "1": {
            "TN": 977,
            "FP": 605,
            "FN": 81,
            "TP": 291,
            "AP": 0.3581188205584165,
            "recall": 0.782258064516129,
            "precision": 0.3247767857142857,
            "specificity": 0.6175726927939317,
            "accuracy": 0.6489252814738997,
            "expected AP": 0.19037871033776868
        },
        "2": {
            "TN": 1598,
            "FP": 26,
            "FN": 309,
            "TP": 21,
            "AP": 0.40404873884153386,
            "recall": 0.06363636363636363,
            "precision": 0.44680851063829785,
            "specificity": 0.9839901477832512,
            "accuracy": 0.8285568065506653,
            "expected AP": 0.16888433981576254
        },
        "3": {
            "TN": 1817,
            "FP": 71,
            "FN": 37,
            "TP": 29,
            "AP": 0.42217176175037774,
            "recall": 0.4393939393939394,
            "precision": 0.29,
            "specificity": 0.9623940677966102,
            "accuracy": 0.9447287615148413,
            "expected AP": 0.033776867963152504
        }
    }
}
