{
    "TN": 125,
    "FP": 43,
    "FN": 119,
    "TP": 92,
    "AP": 0.666872122762261,
    "recall": 0.43601895734597157,
    "precision": 0.6814814814814815,
    "specificity": 0.7440476190476191,
    "accuracy": 0.5725593667546174,
    "expected AP": 0.5567282321899736,
    "auroc": 0.6455794403069285,
    "balanced accuracy": 0.5900332881967953,
    "adjusted balanced accuracy": 0.1800665763935907
}
