{
    "TN": 118,
    "FP": 50,
    "FN": 119,
    "TP": 92,
    "AP": 0.6678331413313918,
    "recall": 0.43601895734597157,
    "precision": 0.647887323943662,
    "specificity": 0.7023809523809523,
    "accuracy": 0.554089709762533,
    "expected AP": 0.5567282321899736,
    "auroc": 0.6431110358835478,
    "balanced accuracy": 0.569199954863462,
    "adjusted balanced accuracy": 0.13839990972692395
}
