{
    "overall": {
        "mAP": 0.43312037748472626,
        "accuracy": 0.5046296296296297,
        "expected mAP": 0.25,
        "balanced accuracy": 0.3248179958127141
    },
    "classwise": {
        "0": {
            "TN": 161,
            "FP": 123,
            "FN": 40,
            "TP": 108,
            "AP": 0.6606273571138824,
            "recall": 0.7297297297297297,
            "precision": 0.4675324675324675,
            "specificity": 0.5669014084507042,
            "accuracy": 0.6226851851851852,
            "expected AP": 0.3425925925925926
        },
        "1": {
            "TN": 143,
            "FP": 76,
            "FN": 105,
            "TP": 108,
            "AP": 0.6768956928110811,
            "recall": 0.5070422535211268,
            "precision": 0.5869565217391305,
            "specificity": 0.6529680365296804,
            "accuracy": 0.5810185185185185,
            "expected AP": 0.4930555555555556
        },
        "2": {
            "TN": 379,
            "FP": 14,
            "FN": 39,
            "TP": 0,
            "AP": 0.14657653356971082,
            "recall": 0.0,
            "precision": 0.0,
            "specificity": 0.9643765903307888,
            "accuracy": 0.8773148148148148,
            "expected AP": 0.09027777777777778
        },
        "3": {
            "TN": 399,
            "FP": 1,
            "FN": 30,
            "TP": 2,
            "AP": 0.2483819264442306,
            "recall": 0.0625,
            "precision": 0.6666666666666666,
            "specificity": 0.9975,
            "accuracy": 0.9282407407407407,
            "expected AP": 0.07407407407407407
        }
    }
}
