{
    "TN": 110,
    "FP": 58,
    "FN": 116,
    "TP": 95,
    "AP": 0.6484964005957082,
    "recall": 0.45023696682464454,
    "precision": 0.6209150326797386,
    "specificity": 0.6547619047619048,
    "accuracy": 0.5408970976253298,
    "expected AP": 0.5567282321899736,
    "auroc": 0.6147878582712706,
    "balanced accuracy": 0.5524994357932747,
    "adjusted balanced accuracy": 0.1049988715865493
}
