{
    "TN": 353,
    "FP": 41,
    "FN": 21,
    "TP": 12,
    "AP": 0.2858855536440192,
    "recall": 0.36363636363636365,
    "precision": 0.22641509433962265,
    "specificity": 0.8959390862944162,
    "accuracy": 0.8548009367681498,
    "expected AP": 0.07728337236533958,
    "auroc": 0.699277034302415,
    "balanced accuracy": 0.6297877249653899,
    "adjusted balanced accuracy": 0.25957544993077986
}
