{
    "TN": 1147,
    "FP": 41,
    "FN": 73,
    "TP": 6,
    "AP": 0.10474662842087643,
    "recall": 0.0759493670886076,
    "precision": 0.1276595744680851,
    "specificity": 0.9654882154882155,
    "accuracy": 0.9100236779794791,
    "expected AP": 0.062352012628255724,
    "auroc": 0.6292140817457273,
    "balanced accuracy": 0.5207187912884116,
    "adjusted balanced accuracy": 0.04143758257682317
}
