{
    "overall": {
        "mAP": 0.4849244357710736,
        "accuracy": 0.585261353898886,
        "expected mAP": 0.25,
        "balanced accuracy": 0.49911494343016255,
        "adjusted balanced accuracy": 0.3321532579068834
    },
    "classwise": {
        "0": {
            "TN": 679,
            "FP": 175,
            "FN": 462,
            "TP": 1018,
            "AP": 0.8968300875972494,
            "recall": 0.6878378378378378,
            "precision": 0.8533109807208717,
            "specificity": 0.7950819672131147,
            "accuracy": 0.7270779777206512,
            "expected AP": 0.6341045415595544
        },
        "1": {
            "TN": 1191,
            "FP": 701,
            "FN": 159,
            "TP": 283,
            "AP": 0.3308514309508693,
            "recall": 0.6402714932126696,
            "precision": 0.28760162601626016,
            "specificity": 0.629492600422833,
            "accuracy": 0.6315338474721508,
            "expected AP": 0.1893744644387318
        },
        "2": {
            "TN": 1930,
            "FP": 43,
            "FN": 325,
            "TP": 36,
            "AP": 0.3582391249212863,
            "recall": 0.0997229916897507,
            "precision": 0.45569620253164556,
            "specificity": 0.9782057780030411,
            "accuracy": 0.8423307626392459,
            "expected AP": 0.1546700942587832
        },
        "3": {
            "TN": 2234,
            "FP": 49,
            "FN": 22,
            "TP": 29,
            "AP": 0.3537770996148893,
            "recall": 0.5686274509803921,
            "precision": 0.3717948717948718,
            "specificity": 0.9785370127025843,
            "accuracy": 0.9695801199657241,
            "expected AP": 0.021850899742930592
        }
    }
}
