{
    "overall": {
        "mAP": 0.461015263417333,
        "accuracy": 0.49537037037037035,
        "expected mAP": 0.25,
        "balanced accuracy": 0.3257934430909783
    },
    "classwise": {
        "0": {
            "TN": 141,
            "FP": 143,
            "FN": 29,
            "TP": 119,
            "AP": 0.6766009502306236,
            "recall": 0.8040540540540541,
            "precision": 0.4541984732824427,
            "specificity": 0.4964788732394366,
            "accuracy": 0.6018518518518519,
            "expected AP": 0.3425925925925926
        },
        "1": {
            "TN": 160,
            "FP": 59,
            "FN": 120,
            "TP": 93,
            "AP": 0.6835530314457541,
            "recall": 0.43661971830985913,
            "precision": 0.6118421052631579,
            "specificity": 0.730593607305936,
            "accuracy": 0.5856481481481481,
            "expected AP": 0.4930555555555556
        },
        "2": {
            "TN": 378,
            "FP": 15,
            "FN": 39,
            "TP": 0,
            "AP": 0.17214119955269985,
            "recall": 0.0,
            "precision": 0.0,
            "specificity": 0.9618320610687023,
            "accuracy": 0.875,
            "expected AP": 0.09027777777777778
        },
        "3": {
            "TN": 399,
            "FP": 1,
            "FN": 30,
            "TP": 2,
            "AP": 0.31176587244025467,
            "recall": 0.0625,
            "precision": 0.6666666666666666,
            "specificity": 0.9975,
            "accuracy": 0.9282407407407407,
            "expected AP": 0.07407407407407407
        }
    }
}
