{
    "TN": 115,
    "FP": 53,
    "FN": 114,
    "TP": 97,
    "AP": 0.656994124070299,
    "recall": 0.4597156398104265,
    "precision": 0.6466666666666666,
    "specificity": 0.6845238095238095,
    "accuracy": 0.5593667546174143,
    "expected AP": 0.5567282321899736,
    "auroc": 0.6336041525614986,
    "balanced accuracy": 0.572119724667118,
    "adjusted balanced accuracy": 0.14423944933423605
}
