{
    "TN": 424,
    "FP": 144,
    "FN": 75,
    "TP": 144,
    "AP": 0.5426479262403311,
    "recall": 0.6575342465753424,
    "precision": 0.5,
    "specificity": 0.7464788732394366,
    "accuracy": 0.7217280813214739,
    "expected AP": 0.2782719186785261,
    "auroc": 0.7651094925718697,
    "balanced accuracy": 0.7020065599073895,
    "adjusted balanced accuracy": 0.40401311981477894
}
