{
    "TN": 1145,
    "FP": 43,
    "FN": 71,
    "TP": 8,
    "AP": 0.13766067691658979,
    "recall": 0.10126582278481013,
    "precision": 0.1568627450980392,
    "specificity": 0.9638047138047138,
    "accuracy": 0.9100236779794791,
    "expected AP": 0.062352012628255724,
    "auroc": 0.7223287729616844,
    "balanced accuracy": 0.5325352682947619,
    "adjusted balanced accuracy": 0.06507053658952389
}
