{
    "overall": {
        "mAP": 0.4824119669320228,
        "accuracy": 0.48834628190899,
        "expected mAP": 0.25
    },
    "classwise": {
        "0": {
            "TN": 4375,
            "FP": 4783,
            "FN": 682,
            "TP": 3675,
            "AP": 0.562380294089444,
            "recall": 0.8434702777140234,
            "precision": 0.43449988176873966,
            "specificity": 0.47772439397248306,
            "accuracy": 0.5956344802071772,
            "expected AP": 0.3223825379208287
        },
        "1": {
            "TN": 5283,
            "FP": 1858,
            "FN": 3840,
            "TP": 2534,
            "AP": 0.569419434915271,
            "recall": 0.39755255726388455,
            "precision": 0.5769581056466302,
            "specificity": 0.739812351211315,
            "accuracy": 0.578394376618572,
            "expected AP": 0.4716241213466519
        },
        "2": {
            "TN": 11285,
            "FP": 265,
            "FN": 1839,
            "TP": 126,
            "AP": 0.19382578826191899,
            "recall": 0.06412213740458016,
            "precision": 0.32225063938618925,
            "specificity": 0.9770562770562771,
            "accuracy": 0.8443211246762856,
            "expected AP": 0.1453940066592675
        },
        "3": {
            "TN": 12687,
            "FP": 9,
            "FN": 554,
            "TP": 265,
            "AP": 0.6040223504614572,
            "recall": 0.3235653235653236,
            "precision": 0.9671532846715328,
            "specificity": 0.9992911153119093,
            "accuracy": 0.9583425823159453,
            "expected AP": 0.060599334073251944
        }
    }
}
