{
    "overall": {
        "mAP": 0.4846576233053138,
        "accuracy": 0.6105892399658411,
        "expected mAP": 0.25,
        "balanced accuracy": 0.4789441699577583,
        "adjusted balanced accuracy": 0.30525889327701106
    },
    "classwise": {
        "0": {
            "TN": 321,
            "FP": 115,
            "FN": 173,
            "TP": 562,
            "AP": 0.8878143378789038,
            "recall": 0.7646258503401361,
            "precision": 0.8301329394387001,
            "specificity": 0.7362385321100917,
            "accuracy": 0.7540563620836892,
            "expected AP": 0.627668659265585
        },
        "1": {
            "TN": 680,
            "FP": 273,
            "FN": 118,
            "TP": 100,
            "AP": 0.28174562084458704,
            "recall": 0.45871559633027525,
            "precision": 0.2680965147453083,
            "specificity": 0.7135362014690452,
            "accuracy": 0.6660973526900086,
            "expected AP": 0.18616567036720752
        },
        "2": {
            "TN": 935,
            "FP": 43,
            "FN": 152,
            "TP": 41,
            "AP": 0.4229909103091346,
            "recall": 0.21243523316062177,
            "precision": 0.4880952380952381,
            "specificity": 0.9560327198364008,
            "accuracy": 0.8334756618274979,
            "expected AP": 0.16481639624252775
        },
        "3": {
            "TN": 1122,
            "FP": 24,
            "FN": 13,
            "TP": 12,
            "AP": 0.3460796241886296,
            "recall": 0.48,
            "precision": 0.3333333333333333,
            "specificity": 0.9790575916230366,
            "accuracy": 0.968403074295474,
            "expected AP": 0.02134927412467976
        }
    }
}
