{
    "overall": {
        "mAP": 0.47246160489833317,
        "accuracy": 0.5980284775465499,
        "expected mAP": 0.24999999999999997,
        "balanced accuracy": 0.4819876769322057,
        "adjusted balanced accuracy": 0.30931690257627426
    },
    "classwise": {
        "0": {
            "TN": 243,
            "FP": 86,
            "FN": 153,
            "TP": 431,
            "AP": 0.8875450362259394,
            "recall": 0.738013698630137,
            "precision": 0.8336557059961315,
            "specificity": 0.7386018237082067,
            "accuracy": 0.7382256297918949,
            "expected AP": 0.6396495071193866
        },
        "1": {
            "TN": 525,
            "FP": 221,
            "FN": 88,
            "TP": 79,
            "AP": 0.29424839110996154,
            "recall": 0.47305389221556887,
            "precision": 0.2633333333333333,
            "specificity": 0.7037533512064343,
            "accuracy": 0.6615553121577218,
            "expected AP": 0.1829134720700986
        },
        "2": {
            "TN": 738,
            "FP": 35,
            "FN": 116,
            "TP": 24,
            "AP": 0.341127229251258,
            "recall": 0.17142857142857143,
            "precision": 0.4067796610169492,
            "specificity": 0.9547218628719275,
            "accuracy": 0.8346111719605696,
            "expected AP": 0.1533406352683461
        },
        "3": {
            "TN": 867,
            "FP": 24,
            "FN": 10,
            "TP": 12,
            "AP": 0.3669257630061738,
            "recall": 0.5454545454545454,
            "precision": 0.3333333333333333,
            "specificity": 0.9730639730639731,
            "accuracy": 0.9627601314348302,
            "expected AP": 0.024096385542168676
        }
    }
}
