{
    "overall": {
        "mAP": 0.431072082848072,
        "accuracy": 0.7113300492610838,
        "expected mAP": 0.25,
        "balanced accuracy": 0.43129118843553405,
        "adjusted balanced accuracy": 0.24172158458071205
    },
    "classwise": {
        "0": {
            "TN": 188,
            "FP": 119,
            "FN": 77,
            "TP": 631,
            "AP": 0.9306610928000527,
            "recall": 0.8912429378531074,
            "precision": 0.8413333333333334,
            "specificity": 0.6123778501628665,
            "accuracy": 0.8068965517241379,
            "expected AP": 0.6975369458128079
        },
        "1": {
            "TN": 698,
            "FP": 134,
            "FN": 105,
            "TP": 78,
            "AP": 0.3025934751714783,
            "recall": 0.4262295081967213,
            "precision": 0.36792452830188677,
            "specificity": 0.8389423076923077,
            "accuracy": 0.7645320197044335,
            "expected AP": 0.18029556650246306
        },
        "2": {
            "TN": 909,
            "FP": 2,
            "FN": 98,
            "TP": 6,
            "AP": 0.3386631097156755,
            "recall": 0.057692307692307696,
            "precision": 0.75,
            "specificity": 0.9978046103183315,
            "accuracy": 0.9014778325123153,
            "expected AP": 0.10246305418719212
        },
        "3": {
            "TN": 957,
            "FP": 38,
            "FN": 13,
            "TP": 7,
            "AP": 0.15237065370508168,
            "recall": 0.35,
            "precision": 0.15555555555555556,
            "specificity": 0.9618090452261306,
            "accuracy": 0.9497536945812808,
            "expected AP": 0.019704433497536946
        }
    }
}
