{
    "TN": 385,
    "FP": 9,
    "FN": 28,
    "TP": 5,
    "AP": 0.22360450359160716,
    "recall": 0.15151515151515152,
    "precision": 0.35714285714285715,
    "specificity": 0.9771573604060914,
    "accuracy": 0.9133489461358314,
    "expected AP": 0.07728337236533958,
    "auroc": 0.6728195662205814,
    "balanced accuracy": 0.5643362559606214,
    "adjusted balanced accuracy": 0.12867251192124285
}
