{
    "overall": {
        "mAP": 0.4828557953830096,
        "accuracy": 0.47561968183499814,
        "expected mAP": 0.25
    },
    "classwise": {
        "0": {
            "TN": 3811,
            "FP": 5347,
            "FN": 677,
            "TP": 3680,
            "AP": 0.5425877493754152,
            "recall": 0.8446178563231581,
            "precision": 0.40766589121524316,
            "specificity": 0.4161388949552304,
            "accuracy": 0.5542730299667037,
            "expected AP": 0.3223825379208287
        },
        "1": {
            "TN": 5681,
            "FP": 1460,
            "FN": 3989,
            "TP": 2385,
            "AP": 0.6056931669436807,
            "recall": 0.3741763413868842,
            "precision": 0.6202860858257477,
            "specificity": 0.7955468421789665,
            "accuracy": 0.5968183499815021,
            "expected AP": 0.4716241213466519
        },
        "2": {
            "TN": 11286,
            "FP": 264,
            "FN": 1862,
            "TP": 103,
            "AP": 0.2040180498106604,
            "recall": 0.052417302798982185,
            "precision": 0.28065395095367845,
            "specificity": 0.9771428571428571,
            "accuracy": 0.842693303736589,
            "expected AP": 0.1453940066592675
        },
        "3": {
            "TN": 12680,
            "FP": 16,
            "FN": 559,
            "TP": 260,
            "AP": 0.5791242154022819,
            "recall": 0.31746031746031744,
            "precision": 0.9420289855072463,
            "specificity": 0.9987397605545053,
            "accuracy": 0.9574546799852016,
            "expected AP": 0.060599334073251944
        }
    }
}
