{
    "overall": {
        "mAP": 0.45116856205588696,
        "accuracy": 0.605465414175918,
        "expected mAP": 0.25,
        "balanced accuracy": 0.42480970521973116,
        "adjusted balanced accuracy": 0.23307960695964156
    },
    "classwise": {
        "0": {
            "TN": 265,
            "FP": 171,
            "FN": 143,
            "TP": 592,
            "AP": 0.8717539646840826,
            "recall": 0.8054421768707483,
            "precision": 0.7758846657929227,
            "specificity": 0.6077981651376146,
            "accuracy": 0.7318531169940222,
            "expected AP": 0.627668659265585
        },
        "1": {
            "TN": 687,
            "FP": 266,
            "FN": 116,
            "TP": 102,
            "AP": 0.2593900945575812,
            "recall": 0.46788990825688076,
            "precision": 0.27717391304347827,
            "specificity": 0.720881427072403,
            "accuracy": 0.6737830913748932,
            "expected AP": 0.18616567036720752
        },
        "2": {
            "TN": 972,
            "FP": 6,
            "FN": 188,
            "TP": 5,
            "AP": 0.3271852039256984,
            "recall": 0.025906735751295335,
            "precision": 0.45454545454545453,
            "specificity": 0.9938650306748467,
            "accuracy": 0.8343296327924851,
            "expected AP": 0.16481639624252775
        },
        "3": {
            "TN": 1127,
            "FP": 19,
            "FN": 15,
            "TP": 10,
            "AP": 0.3463449850561855,
            "recall": 0.4,
            "precision": 0.3448275862068966,
            "specificity": 0.9834205933682374,
            "accuracy": 0.9709649871904356,
            "expected AP": 0.02134927412467976
        }
    }
}
