{
    "overall": {
        "mAP": 0.4729990270977834,
        "accuracy": 0.6232201533406353,
        "expected mAP": 0.24999999999999997,
        "balanced accuracy": 0.4473742206034471,
        "adjusted balanced accuracy": 0.2631656274712628
    },
    "classwise": {
        "0": {
            "TN": 206,
            "FP": 123,
            "FN": 112,
            "TP": 472,
            "AP": 0.8911993566038494,
            "recall": 0.8082191780821918,
            "precision": 0.7932773109243697,
            "specificity": 0.6261398176291794,
            "accuracy": 0.7426067907995619,
            "expected AP": 0.6396495071193866
        },
        "1": {
            "TN": 549,
            "FP": 197,
            "FN": 85,
            "TP": 82,
            "AP": 0.2807747997278708,
            "recall": 0.49101796407185627,
            "precision": 0.2939068100358423,
            "specificity": 0.7359249329758714,
            "accuracy": 0.6911281489594743,
            "expected AP": 0.1829134720700986
        },
        "2": {
            "TN": 768,
            "FP": 5,
            "FN": 135,
            "TP": 5,
            "AP": 0.3428011077229567,
            "recall": 0.03571428571428571,
            "precision": 0.5,
            "specificity": 0.9935316946959897,
            "accuracy": 0.8466593647316539,
            "expected AP": 0.1533406352683461
        },
        "3": {
            "TN": 872,
            "FP": 19,
            "FN": 12,
            "TP": 10,
            "AP": 0.37722084433645675,
            "recall": 0.45454545454545453,
            "precision": 0.3448275862068966,
            "specificity": 0.978675645342312,
            "accuracy": 0.9660460021905805,
            "expected AP": 0.024096385542168676
        }
    }
}
