{
    "overall": {
        "mAP": 0.4761863977593819,
        "accuracy": 0.40046838407494145,
        "expected mAP": 0.25,
        "balanced accuracy": 0.3356821106821107,
        "adjusted balanced accuracy": 0.11424281424281424
    },
    "classwise": {
        "0": {
            "TN": 47,
            "FP": 232,
            "FN": 12,
            "TP": 136,
            "AP": 0.558344834248289,
            "recall": 0.918918918918919,
            "precision": 0.3695652173913043,
            "specificity": 0.16845878136200718,
            "accuracy": 0.42857142857142855,
            "expected AP": 0.34660421545667447
        },
        "1": {
            "TN": 200,
            "FP": 17,
            "FN": 184,
            "TP": 26,
            "AP": 0.5999369622404797,
            "recall": 0.12380952380952381,
            "precision": 0.6046511627906976,
            "specificity": 0.9216589861751152,
            "accuracy": 0.5292740046838408,
            "expected AP": 0.4918032786885246
        },
        "2": {
            "TN": 382,
            "FP": 6,
            "FN": 39,
            "TP": 0,
            "AP": 0.10746701034315533,
            "recall": 0.0,
            "precision": 0.0,
            "specificity": 0.9845360824742269,
            "accuracy": 0.8946135831381733,
            "expected AP": 0.09133489461358314
        },
        "3": {
            "TN": 396,
            "FP": 1,
            "FN": 21,
            "TP": 9,
            "AP": 0.6389967842056034,
            "recall": 0.3,
            "precision": 0.9,
            "specificity": 0.9974811083123426,
            "accuracy": 0.9484777517564403,
            "expected AP": 0.0702576112412178
        }
    }
}
