{
    "overall": {
        "mAP": 0.4927123988188524,
        "accuracy": 0.4927118017018128,
        "expected mAP": 0.25
    },
    "classwise": {
        "0": {
            "TN": 4380,
            "FP": 4778,
            "FN": 735,
            "TP": 3622,
            "AP": 0.5878433291036796,
            "recall": 0.8313059444571953,
            "precision": 0.4311904761904762,
            "specificity": 0.47827036470845163,
            "accuracy": 0.5920828708842027,
            "expected AP": 0.3223825379208287
        },
        "1": {
            "TN": 5229,
            "FP": 1912,
            "FN": 3668,
            "TP": 2706,
            "AP": 0.5612195313023951,
            "recall": 0.4245371823031064,
            "precision": 0.5859679514941533,
            "specificity": 0.7322503851001261,
            "accuracy": 0.5871254162042175,
            "expected AP": 0.4716241213466519
        },
        "2": {
            "TN": 11391,
            "FP": 159,
            "FN": 1909,
            "TP": 56,
            "AP": 0.19829995338680834,
            "recall": 0.028498727735368958,
            "precision": 0.26046511627906976,
            "specificity": 0.9862337662337662,
            "accuracy": 0.8469848316685165,
            "expected AP": 0.1453940066592675
        },
        "3": {
            "TN": 12689,
            "FP": 7,
            "FN": 544,
            "TP": 275,
            "AP": 0.6234867814825267,
            "recall": 0.33577533577533575,
            "precision": 0.975177304964539,
            "specificity": 0.9994486452425961,
            "accuracy": 0.9592304846466889,
            "expected AP": 0.060599334073251944
        }
    }
}
