{
    "overall": {
        "mAP": 0.4799726749793293,
        "accuracy": 0.4809470958194599,
        "expected mAP": 0.25
    },
    "classwise": {
        "0": {
            "TN": 4199,
            "FP": 4959,
            "FN": 648,
            "TP": 3709,
            "AP": 0.542423131990288,
            "recall": 0.8512738122561395,
            "precision": 0.42789570835256113,
            "specificity": 0.45850622406639,
            "accuracy": 0.5851276359600444,
            "expected AP": 0.3223825379208287
        },
        "1": {
            "TN": 5307,
            "FP": 1834,
            "FN": 3965,
            "TP": 2409,
            "AP": 0.5621854029544655,
            "recall": 0.37794163790398494,
            "precision": 0.5677586613245346,
            "specificity": 0.74317322503851,
            "accuracy": 0.5709211986681465,
            "expected AP": 0.4716241213466519
        },
        "2": {
            "TN": 11336,
            "FP": 214,
            "FN": 1841,
            "TP": 124,
            "AP": 0.20267331376012107,
            "recall": 0.06310432569974554,
            "precision": 0.3668639053254438,
            "specificity": 0.9814718614718615,
            "accuracy": 0.8479467258601554,
            "expected AP": 0.1453940066592675
        },
        "3": {
            "TN": 12688,
            "FP": 8,
            "FN": 561,
            "TP": 258,
            "AP": 0.6126088512124425,
            "recall": 0.315018315018315,
            "precision": 0.9699248120300752,
            "specificity": 0.9993698802772527,
            "accuracy": 0.9578986311505734,
            "expected AP": 0.060599334073251944
        }
    }
}
