{
    "overall": {
        "mAP": 0.46644583307935494,
        "accuracy": 0.4925638179800222,
        "expected mAP": 0.25
    },
    "classwise": {
        "0": {
            "TN": 4452,
            "FP": 4706,
            "FN": 714,
            "TP": 3643,
            "AP": 0.5514819419284331,
            "recall": 0.8361257746155611,
            "precision": 0.43633968139896995,
            "specificity": 0.48613234330639876,
            "accuracy": 0.5989641139474657,
            "expected AP": 0.3223825379208287
        },
        "1": {
            "TN": 5237,
            "FP": 1904,
            "FN": 3729,
            "TP": 2645,
            "AP": 0.5615974735194269,
            "recall": 0.41496705365547537,
            "precision": 0.5814464717520335,
            "specificity": 0.7333706763758577,
            "accuracy": 0.5832038475767666,
            "expected AP": 0.4716241213466519
        },
        "2": {
            "TN": 11310,
            "FP": 240,
            "FN": 1850,
            "TP": 115,
            "AP": 0.1776640575067081,
            "recall": 0.058524173027989825,
            "precision": 0.323943661971831,
            "specificity": 0.9792207792207792,
            "accuracy": 0.8453570107288199,
            "expected AP": 0.1453940066592675
        },
        "3": {
            "TN": 12688,
            "FP": 8,
            "FN": 565,
            "TP": 254,
            "AP": 0.5750398593628515,
            "recall": 0.31013431013431014,
            "precision": 0.9694656488549618,
            "specificity": 0.9993698802772527,
            "accuracy": 0.9576026637069922,
            "expected AP": 0.060599334073251944
        }
    }
}
