{
    "TN": 943,
    "FP": 3,
    "FN": 68,
    "TP": 4,
    "AP": 0.27488161930817057,
    "recall": 0.05555555555555555,
    "precision": 0.5714285714285714,
    "specificity": 0.9968287526427061,
    "accuracy": 0.9302554027504911,
    "expected AP": 0.07072691552062868,
    "auroc": 0.731398285177355,
    "balanced accuracy": 0.5261921540991308,
    "adjusted balanced accuracy": 0.052384308198261564
}
