{
    "overall": {
        "mAP": 0.47105286095218046,
        "accuracy": 0.3793911007025761,
        "expected mAP": 0.25,
        "balanced accuracy": 0.2993886743886744,
        "adjusted balanced accuracy": 0.06585156585156586
    },
    "classwise": {
        "0": {
            "TN": 23,
            "FP": 256,
            "FN": 6,
            "TP": 142,
            "AP": 0.4809634039044142,
            "recall": 0.9594594594594594,
            "precision": 0.35678391959798994,
            "specificity": 0.08243727598566308,
            "accuracy": 0.3864168618266979,
            "expected AP": 0.34660421545667447
        },
        "1": {
            "TN": 211,
            "FP": 6,
            "FN": 195,
            "TP": 15,
            "AP": 0.6394872042573431,
            "recall": 0.07142857142857142,
            "precision": 0.7142857142857143,
            "specificity": 0.9723502304147466,
            "accuracy": 0.5292740046838408,
            "expected AP": 0.4918032786885246
        },
        "2": {
            "TN": 385,
            "FP": 3,
            "FN": 39,
            "TP": 0,
            "AP": 0.10045055026387889,
            "recall": 0.0,
            "precision": 0.0,
            "specificity": 0.9922680412371134,
            "accuracy": 0.9016393442622951,
            "expected AP": 0.09133489461358314
        },
        "3": {
            "TN": 397,
            "FP": 0,
            "FN": 25,
            "TP": 5,
            "AP": 0.6633102853830856,
            "recall": 0.16666666666666666,
            "precision": 1.0,
            "specificity": 1.0,
            "accuracy": 0.9414519906323185,
            "expected AP": 0.0702576112412178
        }
    }
}
