{
    "overall": {
        "mAP": 0.47704208522214836,
        "accuracy": 0.624315443592552,
        "expected mAP": 0.24999999999999997,
        "balanced accuracy": 0.40759908310047754,
        "adjusted balanced accuracy": 0.21013211080063673
    },
    "classwise": {
        "0": {
            "TN": 198,
            "FP": 131,
            "FN": 100,
            "TP": 484,
            "AP": 0.8921660170615549,
            "recall": 0.8287671232876712,
            "precision": 0.7869918699186992,
            "specificity": 0.601823708206687,
            "accuracy": 0.7469879518072289,
            "expected AP": 0.6396495071193866
        },
        "1": {
            "TN": 559,
            "FP": 187,
            "FN": 97,
            "TP": 70,
            "AP": 0.2609406546305021,
            "recall": 0.41916167664670656,
            "precision": 0.2723735408560311,
            "specificity": 0.7493297587131368,
            "accuracy": 0.6889375684556407,
            "expected AP": 0.1829134720700986
        },
        "2": {
            "TN": 764,
            "FP": 9,
            "FN": 131,
            "TP": 9,
            "AP": 0.3473622676519713,
            "recall": 0.06428571428571428,
            "precision": 0.5,
            "specificity": 0.9883570504527813,
            "accuracy": 0.8466593647316539,
            "expected AP": 0.1533406352683461
        },
        "3": {
            "TN": 875,
            "FP": 16,
            "FN": 15,
            "TP": 7,
            "AP": 0.40769940154456535,
            "recall": 0.3181818181818182,
            "precision": 0.30434782608695654,
            "specificity": 0.9820426487093153,
            "accuracy": 0.9660460021905805,
            "expected AP": 0.024096385542168676
        }
    }
}
