{
    "overall": {
        "mAP": 0.45647334823766095,
        "accuracy": 0.6088812980358668,
        "expected mAP": 0.25,
        "balanced accuracy": 0.3905249723600045,
        "adjusted balanced accuracy": 0.18736662981333932
    },
    "classwise": {
        "0": {
            "TN": 259,
            "FP": 177,
            "FN": 127,
            "TP": 608,
            "AP": 0.8704508636727591,
            "recall": 0.8272108843537415,
            "precision": 0.7745222929936306,
            "specificity": 0.5940366972477065,
            "accuracy": 0.740392826643894,
            "expected AP": 0.627668659265585
        },
        "1": {
            "TN": 699,
            "FP": 254,
            "FN": 129,
            "TP": 89,
            "AP": 0.24697938285769633,
            "recall": 0.40825688073394495,
            "precision": 0.2594752186588921,
            "specificity": 0.7334732423924449,
            "accuracy": 0.672929120409906,
            "expected AP": 0.18616567036720752
        },
        "2": {
            "TN": 967,
            "FP": 11,
            "FN": 184,
            "TP": 9,
            "AP": 0.34190295166464746,
            "recall": 0.046632124352331605,
            "precision": 0.45,
            "specificity": 0.9887525562372188,
            "accuracy": 0.8334756618274979,
            "expected AP": 0.16481639624252775
        },
        "3": {
            "TN": 1130,
            "FP": 16,
            "FN": 18,
            "TP": 7,
            "AP": 0.3665601947555409,
            "recall": 0.28,
            "precision": 0.30434782608695654,
            "specificity": 0.9860383944153578,
            "accuracy": 0.9709649871904356,
            "expected AP": 0.02134927412467976
        }
    }
}
