{
    "overall": {
        "mAP": 0.464581584620972,
        "accuracy": 0.4028103044496487,
        "expected mAP": 0.25,
        "balanced accuracy": 0.32773487773487775,
        "adjusted balanced accuracy": 0.10364650364650367
    },
    "classwise": {
        "0": {
            "TN": 55,
            "FP": 224,
            "FN": 16,
            "TP": 132,
            "AP": 0.4838537652648064,
            "recall": 0.8918918918918919,
            "precision": 0.3707865168539326,
            "specificity": 0.1971326164874552,
            "accuracy": 0.4379391100702576,
            "expected AP": 0.34660421545667447
        },
        "1": {
            "TN": 192,
            "FP": 25,
            "FN": 178,
            "TP": 32,
            "AP": 0.5789528959568955,
            "recall": 0.1523809523809524,
            "precision": 0.5614035087719298,
            "specificity": 0.8847926267281107,
            "accuracy": 0.5245901639344263,
            "expected AP": 0.4918032786885246
        },
        "2": {
            "TN": 383,
            "FP": 5,
            "FN": 39,
            "TP": 0,
            "AP": 0.11035641447570763,
            "recall": 0.0,
            "precision": 0.0,
            "specificity": 0.9871134020618557,
            "accuracy": 0.8969555035128806,
            "expected AP": 0.09133489461358314
        },
        "3": {
            "TN": 396,
            "FP": 1,
            "FN": 22,
            "TP": 8,
            "AP": 0.6851632627864784,
            "recall": 0.26666666666666666,
            "precision": 0.8888888888888888,
            "specificity": 0.9974811083123426,
            "accuracy": 0.9461358313817331,
            "expected AP": 0.0702576112412178
        }
    }
}
