{
    "TN": 3495,
    "FP": 1434,
    "FN": 3226,
    "TP": 2710,
    "AP": 0.6443962031557634,
    "recall": 0.45653638814016173,
    "precision": 0.653957528957529,
    "specificity": 0.7090687766281193,
    "accuracy": 0.5710998619420157,
    "expected AP": 0.5463414634146342,
    "auroc": 0.6009438131986335,
    "balanced accuracy": 0.5828025823841405,
    "adjusted balanced accuracy": 0.16560516476828102
}
