{
    "TN": 386,
    "FP": 8,
    "FN": 31,
    "TP": 2,
    "AP": 0.11389368605260485,
    "recall": 0.06060606060606061,
    "precision": 0.2,
    "specificity": 0.9796954314720813,
    "accuracy": 0.9086651053864169,
    "expected AP": 0.07728337236533958,
    "auroc": 0.5505306875865252,
    "balanced accuracy": 0.520150746039071,
    "adjusted balanced accuracy": 0.04030149207814193
}
