{
    "overall": {
        "mAP": 0.4967376616285025,
        "accuracy": 0.4332552693208431,
        "expected mAP": 0.25,
        "balanced accuracy": 0.36421270171270165,
        "adjusted balanced accuracy": 0.1522836022836022
    },
    "classwise": {
        "0": {
            "TN": 63,
            "FP": 216,
            "FN": 13,
            "TP": 135,
            "AP": 0.5300619472010797,
            "recall": 0.9121621621621622,
            "precision": 0.38461538461538464,
            "specificity": 0.22580645161290322,
            "accuracy": 0.4637002341920375,
            "expected AP": 0.34660421545667447
        },
        "1": {
            "TN": 200,
            "FP": 17,
            "FN": 171,
            "TP": 39,
            "AP": 0.6392149795048072,
            "recall": 0.18571428571428572,
            "precision": 0.6964285714285714,
            "specificity": 0.9216589861751152,
            "accuracy": 0.5597189695550351,
            "expected AP": 0.4918032786885246
        },
        "2": {
            "TN": 380,
            "FP": 8,
            "FN": 38,
            "TP": 1,
            "AP": 0.10786731536891025,
            "recall": 0.02564102564102564,
            "precision": 0.1111111111111111,
            "specificity": 0.979381443298969,
            "accuracy": 0.892271662763466,
            "expected AP": 0.09133489461358314
        },
        "3": {
            "TN": 396,
            "FP": 1,
            "FN": 20,
            "TP": 10,
            "AP": 0.7098064044392128,
            "recall": 0.3333333333333333,
            "precision": 0.9090909090909091,
            "specificity": 0.9974811083123426,
            "accuracy": 0.9508196721311475,
            "expected AP": 0.0702576112412178
        }
    }
}
