{
    "overall": {
        "mAP": 0.4774455637869669,
        "accuracy": 0.4215456674473068,
        "expected mAP": 0.25,
        "balanced accuracy": 0.3382561132561132,
        "adjusted balanced accuracy": 0.11767481767481762
    },
    "classwise": {
        "0": {
            "TN": 63,
            "FP": 216,
            "FN": 14,
            "TP": 134,
            "AP": 0.48031289597326504,
            "recall": 0.9054054054054054,
            "precision": 0.38285714285714284,
            "specificity": 0.22580645161290322,
            "accuracy": 0.4613583138173302,
            "expected AP": 0.34660421545667447
        },
        "1": {
            "TN": 191,
            "FP": 26,
            "FN": 172,
            "TP": 38,
            "AP": 0.5748559101933501,
            "recall": 0.18095238095238095,
            "precision": 0.59375,
            "specificity": 0.880184331797235,
            "accuracy": 0.5362997658079626,
            "expected AP": 0.4918032786885246
        },
        "2": {
            "TN": 383,
            "FP": 5,
            "FN": 39,
            "TP": 0,
            "AP": 0.14211010385896763,
            "recall": 0.0,
            "precision": 0.0,
            "specificity": 0.9871134020618557,
            "accuracy": 0.8969555035128806,
            "expected AP": 0.09133489461358314
        },
        "3": {
            "TN": 397,
            "FP": 0,
            "FN": 22,
            "TP": 8,
            "AP": 0.712503345122285,
            "recall": 0.26666666666666666,
            "precision": 1.0,
            "specificity": 1.0,
            "accuracy": 0.9484777517564403,
            "expected AP": 0.0702576112412178
        }
    }
}
