{
    "overall": {
        "mAP": 0.24454138379263501,
        "accuracy": 0.714867617107943,
        "expected mAP": 0.25,
        "balanced accuracy": 0.2446645962732919,
        "adjusted balanced accuracy": -0.007113871635610798
    },
    "classwise": {
        "0": {
            "TN": 37,
            "FP": 177,
            "FN": 358,
            "TP": 1392,
            "AP": 0.861653603746157,
            "recall": 0.7954285714285714,
            "precision": 0.887189292543021,
            "specificity": 0.17289719626168223,
            "accuracy": 0.7275967413441955,
            "expected AP": 0.8910386965376782
        },
        "1": {
            "TN": 1683,
            "FP": 120,
            "FN": 156,
            "TP": 5,
            "AP": 0.08664944852170908,
            "recall": 0.031055900621118012,
            "precision": 0.04,
            "specificity": 0.9334442595673876,
            "accuracy": 0.8594704684317719,
            "expected AP": 0.08197556008146639
        },
        "2": {
            "TN": 1696,
            "FP": 222,
            "FN": 39,
            "TP": 7,
            "AP": 0.026634423292272058,
            "recall": 0.15217391304347827,
            "precision": 0.03056768558951965,
            "specificity": 0.8842544316996872,
            "accuracy": 0.8671079429735234,
            "expected AP": 0.023421588594704685
        },
        "3": {
            "TN": 1916,
            "FP": 41,
            "FN": 7,
            "TP": 0,
            "AP": 0.003228059610401909,
            "recall": 0.0,
            "precision": 0.0,
            "specificity": 0.9790495656617272,
            "accuracy": 0.9755600814663951,
            "expected AP": 0.003564154786150713
        }
    }
}
