{
    "overall": {
        "mAP": 0.45138891568918693,
        "accuracy": 0.41217798594847777,
        "expected mAP": 0.25,
        "balanced accuracy": 0.33963963963963967,
        "adjusted balanced accuracy": 0.11951951951951956
    },
    "classwise": {
        "0": {
            "TN": 63,
            "FP": 216,
            "FN": 16,
            "TP": 132,
            "AP": 0.4554499686608351,
            "recall": 0.8918918918918919,
            "precision": 0.3793103448275862,
            "specificity": 0.22580645161290322,
            "accuracy": 0.4566744730679157,
            "expected AP": 0.34660421545667447
        },
        "1": {
            "TN": 189,
            "FP": 28,
            "FN": 175,
            "TP": 35,
            "AP": 0.5444620826772703,
            "recall": 0.16666666666666666,
            "precision": 0.5555555555555556,
            "specificity": 0.8709677419354839,
            "accuracy": 0.5245901639344263,
            "expected AP": 0.4918032786885246
        },
        "2": {
            "TN": 382,
            "FP": 6,
            "FN": 39,
            "TP": 0,
            "AP": 0.11127121323353582,
            "recall": 0.0,
            "precision": 0.0,
            "specificity": 0.9845360824742269,
            "accuracy": 0.8946135831381733,
            "expected AP": 0.09133489461358314
        },
        "3": {
            "TN": 396,
            "FP": 1,
            "FN": 21,
            "TP": 9,
            "AP": 0.6943723981851067,
            "recall": 0.3,
            "precision": 0.9,
            "specificity": 0.9974811083123426,
            "accuracy": 0.9484777517564403,
            "expected AP": 0.0702576112412178
        }
    }
}
