{
    "TN": 440,
    "FP": 128,
    "FN": 54,
    "TP": 165,
    "AP": 0.6707094068762284,
    "recall": 0.7534246575342466,
    "precision": 0.5631399317406144,
    "specificity": 0.7746478873239436,
    "accuracy": 0.7687420584498094,
    "expected AP": 0.2782719186785261,
    "auroc": 0.8418065470448262,
    "balanced accuracy": 0.7640362724290951,
    "adjusted balanced accuracy": 0.5280725448581902
}
