{
    "overall": {
        "mAP": 0.34947041372161874,
        "accuracy": 0.5970443349753695,
        "expected mAP": 0.25,
        "balanced accuracy": 0.38445962553700813,
        "adjusted balanced accuracy": 0.17927950071601084
    },
    "classwise": {
        "0": {
            "TN": 176,
            "FP": 131,
            "FN": 190,
            "TP": 518,
            "AP": 0.8452000778470902,
            "recall": 0.731638418079096,
            "precision": 0.7981510015408321,
            "specificity": 0.5732899022801303,
            "accuracy": 0.683743842364532,
            "expected AP": 0.6975369458128079
        },
        "1": {
            "TN": 618,
            "FP": 214,
            "FN": 115,
            "TP": 68,
            "AP": 0.22210478678499054,
            "recall": 0.37158469945355194,
            "precision": 0.24113475177304963,
            "specificity": 0.7427884615384616,
            "accuracy": 0.6758620689655173,
            "expected AP": 0.18029556650246306
        },
        "2": {
            "TN": 868,
            "FP": 43,
            "FN": 90,
            "TP": 14,
            "AP": 0.17895379138801706,
            "recall": 0.1346153846153846,
            "precision": 0.24561403508771928,
            "specificity": 0.9527991218441273,
            "accuracy": 0.8689655172413793,
            "expected AP": 0.10246305418719212
        },
        "3": {
            "TN": 974,
            "FP": 21,
            "FN": 14,
            "TP": 6,
            "AP": 0.1516229988663773,
            "recall": 0.3,
            "precision": 0.2222222222222222,
            "specificity": 0.978894472361809,
            "accuracy": 0.9655172413793104,
            "expected AP": 0.019704433497536946
        }
    }
}
