{
    "overall": {
        "mAP": 0.38404461875296625,
        "accuracy": 0.5618838992332968,
        "expected mAP": 0.24999999999999997,
        "balanced accuracy": 0.3871853850562529,
        "adjusted balanced accuracy": 0.18291384674167052
    },
    "classwise": {
        "0": {
            "TN": 192,
            "FP": 137,
            "FN": 161,
            "TP": 423,
            "AP": 0.7735346567552801,
            "recall": 0.7243150684931506,
            "precision": 0.7553571428571428,
            "specificity": 0.5835866261398176,
            "accuracy": 0.6736035049288062,
            "expected AP": 0.6396495071193866
        },
        "1": {
            "TN": 526,
            "FP": 220,
            "FN": 92,
            "TP": 75,
            "AP": 0.2607491614841183,
            "recall": 0.4491017964071856,
            "precision": 0.2542372881355932,
            "specificity": 0.7050938337801609,
            "accuracy": 0.6582694414019715,
            "expected AP": 0.1829134720700986
        },
        "2": {
            "TN": 735,
            "FP": 38,
            "FN": 132,
            "TP": 8,
            "AP": 0.19771691212693382,
            "recall": 0.05714285714285714,
            "precision": 0.17391304347826086,
            "specificity": 0.9508408796895214,
            "accuracy": 0.8138006571741512,
            "expected AP": 0.1533406352683461
        },
        "3": {
            "TN": 886,
            "FP": 5,
            "FN": 15,
            "TP": 7,
            "AP": 0.30417774464553304,
            "recall": 0.3181818181818182,
            "precision": 0.5833333333333334,
            "specificity": 0.9943883277216611,
            "accuracy": 0.9780941949616648,
            "expected AP": 0.024096385542168676
        }
    }
}
