{
    "overall": {
        "mAP": 0.3796318707906381,
        "accuracy": 0.5516652433817251,
        "expected mAP": 0.25,
        "balanced accuracy": 0.3872647948755012,
        "adjusted balanced accuracy": 0.18301972650066825
    },
    "classwise": {
        "0": {
            "TN": 257,
            "FP": 179,
            "FN": 216,
            "TP": 519,
            "AP": 0.7756139027009371,
            "recall": 0.7061224489795919,
            "precision": 0.7435530085959885,
            "specificity": 0.5894495412844036,
            "accuracy": 0.6626814688300597,
            "expected AP": 0.627668659265585
        },
        "1": {
            "TN": 657,
            "FP": 296,
            "FN": 119,
            "TP": 99,
            "AP": 0.25360372174135254,
            "recall": 0.4541284403669725,
            "precision": 0.25063291139240507,
            "specificity": 0.689401888772298,
            "accuracy": 0.645602049530316,
            "expected AP": 0.18616567036720752
        },
        "2": {
            "TN": 932,
            "FP": 46,
            "FN": 172,
            "TP": 21,
            "AP": 0.2347468070936991,
            "recall": 0.10880829015544041,
            "precision": 0.31343283582089554,
            "specificity": 0.9529652351738241,
            "accuracy": 0.8138343296327925,
            "expected AP": 0.16481639624252775
        },
        "3": {
            "TN": 1142,
            "FP": 4,
            "FN": 18,
            "TP": 7,
            "AP": 0.2545630516265636,
            "recall": 0.28,
            "precision": 0.6363636363636364,
            "specificity": 0.9965095986038395,
            "accuracy": 0.9812126387702819,
            "expected AP": 0.02134927412467976
        }
    }
}
