{
    "overall": {
        "mAP": 0.45523806728287153,
        "accuracy": 0.5046296296296297,
        "expected mAP": 0.25,
        "balanced accuracy": 0.3273953971577211
    },
    "classwise": {
        "0": {
            "TN": 152,
            "FP": 132,
            "FN": 35,
            "TP": 113,
            "AP": 0.6820742499367366,
            "recall": 0.7635135135135135,
            "precision": 0.46122448979591835,
            "specificity": 0.5352112676056338,
            "accuracy": 0.6134259259259259,
            "expected AP": 0.3425925925925926
        },
        "1": {
            "TN": 153,
            "FP": 66,
            "FN": 110,
            "TP": 103,
            "AP": 0.6856161771756109,
            "recall": 0.4835680751173709,
            "precision": 0.6094674556213018,
            "specificity": 0.6986301369863014,
            "accuracy": 0.5925925925925926,
            "expected AP": 0.4930555555555556
        },
        "2": {
            "TN": 378,
            "FP": 15,
            "FN": 39,
            "TP": 0,
            "AP": 0.16180974628396994,
            "recall": 0.0,
            "precision": 0.0,
            "specificity": 0.9618320610687023,
            "accuracy": 0.875,
            "expected AP": 0.09027777777777778
        },
        "3": {
            "TN": 399,
            "FP": 1,
            "FN": 30,
            "TP": 2,
            "AP": 0.29145209573516884,
            "recall": 0.0625,
            "precision": 0.6666666666666666,
            "specificity": 0.9975,
            "accuracy": 0.9282407407407407,
            "expected AP": 0.07407407407407407
        }
    }
}
