{
    "overall": {
        "mAP": 0.4743394674269361,
        "accuracy": 0.4215456674473068,
        "expected mAP": 0.25,
        "balanced accuracy": 0.3449002574002574,
        "adjusted balanced accuracy": 0.12653367653367656
    },
    "classwise": {
        "0": {
            "TN": 60,
            "FP": 219,
            "FN": 15,
            "TP": 133,
            "AP": 0.477015675916854,
            "recall": 0.8986486486486487,
            "precision": 0.3778409090909091,
            "specificity": 0.21505376344086022,
            "accuracy": 0.4519906323185012,
            "expected AP": 0.34660421545667447
        },
        "1": {
            "TN": 197,
            "FP": 20,
            "FN": 172,
            "TP": 38,
            "AP": 0.5847528110626081,
            "recall": 0.18095238095238095,
            "precision": 0.6551724137931034,
            "specificity": 0.9078341013824884,
            "accuracy": 0.550351288056206,
            "expected AP": 0.4918032786885246
        },
        "2": {
            "TN": 381,
            "FP": 7,
            "FN": 39,
            "TP": 0,
            "AP": 0.11723532484248342,
            "recall": 0.0,
            "precision": 0.0,
            "specificity": 0.9819587628865979,
            "accuracy": 0.892271662763466,
            "expected AP": 0.09133489461358314
        },
        "3": {
            "TN": 396,
            "FP": 1,
            "FN": 21,
            "TP": 9,
            "AP": 0.7183540578857989,
            "recall": 0.3,
            "precision": 0.9,
            "specificity": 0.9974811083123426,
            "accuracy": 0.9484777517564403,
            "expected AP": 0.0702576112412178
        }
    }
}
