{
    "TN": 408,
    "FP": 160,
    "FN": 82,
    "TP": 137,
    "AP": 0.4915581261822772,
    "recall": 0.6255707762557078,
    "precision": 0.4612794612794613,
    "specificity": 0.7183098591549296,
    "accuracy": 0.6925031766200762,
    "expected AP": 0.2782719186785261,
    "auroc": 0.7421699144639526,
    "balanced accuracy": 0.6719403177053187,
    "adjusted balanced accuracy": 0.3438806354106374
}
