{
    "overall": {
        "mAP": 0.43710946846573684,
        "accuracy": 0.4675925925925926,
        "expected mAP": 0.25,
        "balanced accuracy": 0.3305943487501586
    },
    "classwise": {
        "0": {
            "TN": 100,
            "FP": 184,
            "FN": 31,
            "TP": 117,
            "AP": 0.4062068549269651,
            "recall": 0.7905405405405406,
            "precision": 0.38870431893687707,
            "specificity": 0.352112676056338,
            "accuracy": 0.5023148148148148,
            "expected AP": 0.3425925925925926
        },
        "1": {
            "TN": 179,
            "FP": 40,
            "FN": 133,
            "TP": 80,
            "AP": 0.6584429461610279,
            "recall": 0.3755868544600939,
            "precision": 0.6666666666666666,
            "specificity": 0.817351598173516,
            "accuracy": 0.5995370370370371,
            "expected AP": 0.4930555555555556
        },
        "2": {
            "TN": 388,
            "FP": 5,
            "FN": 39,
            "TP": 0,
            "AP": 0.10050858377775358,
            "recall": 0.0,
            "precision": 0.0,
            "specificity": 0.9872773536895675,
            "accuracy": 0.8981481481481481,
            "expected AP": 0.09027777777777778
        },
        "3": {
            "TN": 399,
            "FP": 1,
            "FN": 27,
            "TP": 5,
            "AP": 0.5832794889972008,
            "recall": 0.15625,
            "precision": 0.8333333333333334,
            "specificity": 0.9975,
            "accuracy": 0.9351851851851852,
            "expected AP": 0.07407407407407407
        }
    }
}
