{
    "overall": {
        "mAP": 0.46658386223542997,
        "accuracy": 0.4981132075471698,
        "expected mAP": 0.25
    },
    "classwise": {
        "0": {
            "TN": 4688,
            "FP": 4470,
            "FN": 838,
            "TP": 3519,
            "AP": 0.5468496624494353,
            "recall": 0.80766582510902,
            "precision": 0.44048066090874954,
            "specificity": 0.5119021620441144,
            "accuracy": 0.6072512023677396,
            "expected AP": 0.3223825379208287
        },
        "1": {
            "TN": 5099,
            "FP": 2042,
            "FN": 3539,
            "TP": 2835,
            "AP": 0.5642063170155039,
            "recall": 0.44477565108252276,
            "precision": 0.5812999794955915,
            "specificity": 0.7140456518694861,
            "accuracy": 0.5870514243433222,
            "expected AP": 0.4716241213466519
        },
        "2": {
            "TN": 11284,
            "FP": 266,
            "FN": 1837,
            "TP": 128,
            "AP": 0.17970251373721075,
            "recall": 0.06513994910941476,
            "precision": 0.3248730964467005,
            "specificity": 0.9769696969696969,
            "accuracy": 0.8443951165371809,
            "expected AP": 0.1453940066592675
        },
        "3": {
            "TN": 12691,
            "FP": 5,
            "FN": 569,
            "TP": 250,
            "AP": 0.5755769557395698,
            "recall": 0.3052503052503053,
            "precision": 0.9803921568627451,
            "specificity": 0.9996061751732829,
            "accuracy": 0.9575286718460969,
            "expected AP": 0.060599334073251944
        }
    }
}
