{
    "overall": {
        "mAP": 0.4825465491228788,
        "accuracy": 0.483684794672586,
        "expected mAP": 0.25
    },
    "classwise": {
        "0": {
            "TN": 4428,
            "FP": 4730,
            "FN": 704,
            "TP": 3653,
            "AP": 0.5835063168015746,
            "recall": 0.8384209318338306,
            "precision": 0.43576285339377313,
            "specificity": 0.4835116837737497,
            "accuracy": 0.5979282278949316,
            "expected AP": 0.3223825379208287
        },
        "1": {
            "TN": 5261,
            "FP": 1880,
            "FN": 3879,
            "TP": 2495,
            "AP": 0.5700130549424209,
            "recall": 0.39143395042359586,
            "precision": 0.5702857142857143,
            "specificity": 0.7367315502030528,
            "accuracy": 0.5738808731039585,
            "expected AP": 0.4716241213466519
        },
        "2": {
            "TN": 11194,
            "FP": 356,
            "FN": 1832,
            "TP": 133,
            "AP": 0.18162471028749788,
            "recall": 0.06768447837150127,
            "precision": 0.2719836400817996,
            "specificity": 0.9691774891774891,
            "accuracy": 0.8381058083610803,
            "expected AP": 0.1453940066592675
        },
        "3": {
            "TN": 12684,
            "FP": 12,
            "FN": 563,
            "TP": 256,
            "AP": 0.5950421144600218,
            "recall": 0.3125763125763126,
            "precision": 0.9552238805970149,
            "specificity": 0.999054820415879,
            "accuracy": 0.9574546799852016,
            "expected AP": 0.060599334073251944
        }
    }
}
