{
    "overall": {
        "mAP": 0.42802464813820157,
        "accuracy": 0.43559718969555034,
        "expected mAP": 0.25,
        "balanced accuracy": 0.3372586872586873,
        "adjusted balanced accuracy": 0.1163449163449164
    },
    "classwise": {
        "0": {
            "TN": 73,
            "FP": 206,
            "FN": 16,
            "TP": 132,
            "AP": 0.49491404422612156,
            "recall": 0.8918918918918919,
            "precision": 0.3905325443786982,
            "specificity": 0.2616487455197133,
            "accuracy": 0.48009367681498827,
            "expected AP": 0.34660421545667447
        },
        "1": {
            "TN": 194,
            "FP": 23,
            "FN": 163,
            "TP": 47,
            "AP": 0.5903309421315158,
            "recall": 0.22380952380952382,
            "precision": 0.6714285714285714,
            "specificity": 0.8940092165898618,
            "accuracy": 0.5644028103044496,
            "expected AP": 0.4918032786885246
        },
        "2": {
            "TN": 379,
            "FP": 9,
            "FN": 39,
            "TP": 0,
            "AP": 0.08950024574082929,
            "recall": 0.0,
            "precision": 0.0,
            "specificity": 0.9768041237113402,
            "accuracy": 0.8875878220140515,
            "expected AP": 0.09133489461358314
        },
        "3": {
            "TN": 394,
            "FP": 3,
            "FN": 23,
            "TP": 7,
            "AP": 0.5373533604543395,
            "recall": 0.23333333333333334,
            "precision": 0.7,
            "specificity": 0.9924433249370277,
            "accuracy": 0.9391100702576113,
            "expected AP": 0.0702576112412178
        }
    }
}
