{
    "TN": 115,
    "FP": 53,
    "FN": 119,
    "TP": 92,
    "AP": 0.6499777069886172,
    "recall": 0.43601895734597157,
    "precision": 0.6344827586206897,
    "specificity": 0.6845238095238095,
    "accuracy": 0.5461741424802111,
    "expected AP": 0.5567282321899736,
    "auroc": 0.6222353870458136,
    "balanced accuracy": 0.5602713834348906,
    "adjusted balanced accuracy": 0.12054276686978116
}
