{
    "overall": {
        "mAP": 0.4646592466209765,
        "accuracy": 0.4168618266978923,
        "expected mAP": 0.25,
        "balanced accuracy": 0.32823359073359076,
        "adjusted balanced accuracy": 0.10431145431145435
    },
    "classwise": {
        "0": {
            "TN": 63,
            "FP": 216,
            "FN": 15,
            "TP": 133,
            "AP": 0.4575242918673106,
            "recall": 0.8986486486486487,
            "precision": 0.38108882521489973,
            "specificity": 0.22580645161290322,
            "accuracy": 0.45901639344262296,
            "expected AP": 0.34660421545667447
        },
        "1": {
            "TN": 189,
            "FP": 28,
            "FN": 172,
            "TP": 38,
            "AP": 0.5733437997312972,
            "recall": 0.18095238095238095,
            "precision": 0.5757575757575758,
            "specificity": 0.8709677419354839,
            "accuracy": 0.531615925058548,
            "expected AP": 0.4918032786885246
        },
        "2": {
            "TN": 383,
            "FP": 5,
            "FN": 39,
            "TP": 0,
            "AP": 0.11648449324344708,
            "recall": 0.0,
            "precision": 0.0,
            "specificity": 0.9871134020618557,
            "accuracy": 0.8969555035128806,
            "expected AP": 0.09133489461358314
        },
        "3": {
            "TN": 397,
            "FP": 0,
            "FN": 23,
            "TP": 7,
            "AP": 0.7112844016418514,
            "recall": 0.23333333333333334,
            "precision": 1.0,
            "specificity": 1.0,
            "accuracy": 0.9461358313817331,
            "expected AP": 0.0702576112412178
        }
    }
}
