{
    "overall": {
        "mAP": 0.47958278245475716,
        "accuracy": 0.4332552693208431,
        "expected mAP": 0.25,
        "balanced accuracy": 0.3494282744282744,
        "adjusted balanced accuracy": 0.13257103257103253
    },
    "classwise": {
        "0": {
            "TN": 66,
            "FP": 213,
            "FN": 14,
            "TP": 134,
            "AP": 0.5058198508252383,
            "recall": 0.9054054054054054,
            "precision": 0.3861671469740634,
            "specificity": 0.23655913978494625,
            "accuracy": 0.468384074941452,
            "expected AP": 0.34660421545667447
        },
        "1": {
            "TN": 194,
            "FP": 23,
            "FN": 168,
            "TP": 42,
            "AP": 0.5877981229682854,
            "recall": 0.2,
            "precision": 0.6461538461538462,
            "specificity": 0.8940092165898618,
            "accuracy": 0.5526932084309133,
            "expected AP": 0.4918032786885246
        },
        "2": {
            "TN": 383,
            "FP": 5,
            "FN": 38,
            "TP": 1,
            "AP": 0.14117809294805048,
            "recall": 0.02564102564102564,
            "precision": 0.16666666666666666,
            "specificity": 0.9871134020618557,
            "accuracy": 0.8992974238875878,
            "expected AP": 0.09133489461358314
        },
        "3": {
            "TN": 396,
            "FP": 1,
            "FN": 22,
            "TP": 8,
            "AP": 0.6835350630774546,
            "recall": 0.26666666666666666,
            "precision": 0.8888888888888888,
            "specificity": 0.9974811083123426,
            "accuracy": 0.9461358313817331,
            "expected AP": 0.0702576112412178
        }
    }
}
