{
    "overall": {
        "mAP": 0.4751678805164269,
        "accuracy": 0.4262295081967213,
        "expected mAP": 0.25,
        "balanced accuracy": 0.3324967824967825,
        "adjusted balanced accuracy": 0.10999570999571
    },
    "classwise": {
        "0": {
            "TN": 68,
            "FP": 211,
            "FN": 16,
            "TP": 132,
            "AP": 0.4948317336926029,
            "recall": 0.8918918918918919,
            "precision": 0.3848396501457726,
            "specificity": 0.24372759856630824,
            "accuracy": 0.468384074941452,
            "expected AP": 0.34660421545667447
        },
        "1": {
            "TN": 188,
            "FP": 29,
            "FN": 167,
            "TP": 43,
            "AP": 0.5871651692881862,
            "recall": 0.20476190476190476,
            "precision": 0.5972222222222222,
            "specificity": 0.8663594470046083,
            "accuracy": 0.5409836065573771,
            "expected AP": 0.4918032786885246
        },
        "2": {
            "TN": 383,
            "FP": 5,
            "FN": 39,
            "TP": 0,
            "AP": 0.12295509466045745,
            "recall": 0.0,
            "precision": 0.0,
            "specificity": 0.9871134020618557,
            "accuracy": 0.8969555035128806,
            "expected AP": 0.09133489461358314
        },
        "3": {
            "TN": 397,
            "FP": 0,
            "FN": 23,
            "TP": 7,
            "AP": 0.6957195244244612,
            "recall": 0.23333333333333334,
            "precision": 1.0,
            "specificity": 1.0,
            "accuracy": 0.9461358313817331,
            "expected AP": 0.0702576112412178
        }
    }
}
