{
    "overall": {
        "mAP": 0.5362857672581964,
        "accuracy": 0.5696008188331627,
        "expected mAP": 0.25,
        "balanced accuracy": 0.48800112175445365,
        "adjusted balanced accuracy": 0.3173348290059382
    },
    "classwise": {
        "0": {
            "TN": 560,
            "FP": 208,
            "FN": 386,
            "TP": 800,
            "AP": 0.8495224530304069,
            "recall": 0.6745362563237775,
            "precision": 0.7936507936507936,
            "specificity": 0.7291666666666666,
            "accuracy": 0.6960081883316275,
            "expected AP": 0.6069600818833163
        },
        "1": {
            "TN": 988,
            "FP": 594,
            "FN": 129,
            "TP": 243,
            "AP": 0.35347916423132936,
            "recall": 0.6532258064516129,
            "precision": 0.2903225806451613,
            "specificity": 0.6245259165613148,
            "accuracy": 0.6299897645854657,
            "expected AP": 0.19037871033776868
        },
        "2": {
            "TN": 1614,
            "FP": 10,
            "FN": 294,
            "TP": 36,
            "AP": 0.45292471286184,
            "recall": 0.10909090909090909,
            "precision": 0.782608695652174,
            "specificity": 0.9938423645320197,
            "accuracy": 0.8444216990788127,
            "expected AP": 0.16888433981576254
        },
        "3": {
            "TN": 1859,
            "FP": 29,
            "FN": 32,
            "TP": 34,
            "AP": 0.4892167389092097,
            "recall": 0.5151515151515151,
            "precision": 0.5396825396825397,
            "specificity": 0.9846398305084746,
            "accuracy": 0.9687819856704196,
            "expected AP": 0.033776867963152504
        }
    }
}
