{
    "overall": {
        "mAP": 0.4625551347752842,
        "accuracy": 0.4347761746207917,
        "expected mAP": 0.25
    },
    "classwise": {
        "0": {
            "TN": 2751,
            "FP": 6407,
            "FN": 416,
            "TP": 3941,
            "AP": 0.4863359848593402,
            "recall": 0.9045214597199909,
            "precision": 0.38084654039427907,
            "specificity": 0.30039309892989735,
            "accuracy": 0.49515353311135774,
            "expected AP": 0.3223825379208287
        },
        "1": {
            "TN": 6177,
            "FP": 964,
            "FN": 4872,
            "TP": 1502,
            "AP": 0.5718931033676611,
            "recall": 0.2356448070285535,
            "precision": 0.6090835360908353,
            "specificity": 0.8650049012743313,
            "accuracy": 0.5681834998150204,
            "expected AP": 0.4716241213466519
        },
        "2": {
            "TN": 11353,
            "FP": 197,
            "FN": 1872,
            "TP": 93,
            "AP": 0.2003351517436785,
            "recall": 0.04732824427480916,
            "precision": 0.32068965517241377,
            "specificity": 0.9829437229437229,
            "accuracy": 0.8469108398076212,
            "expected AP": 0.1453940066592675
        },
        "3": {
            "TN": 12625,
            "FP": 71,
            "FN": 479,
            "TP": 340,
            "AP": 0.591656299130457,
            "recall": 0.41514041514041516,
            "precision": 0.8272506082725061,
            "specificity": 0.9944076874606175,
            "accuracy": 0.9593044765075842,
            "expected AP": 0.060599334073251944
        }
    }
}
