{
    "overall": {
        "mAP": 0.43946719993565125,
        "accuracy": 0.46984831668516464,
        "expected mAP": 0.25
    },
    "classwise": {
        "0": {
            "TN": 5403,
            "FP": 3755,
            "FN": 1789,
            "TP": 2568,
            "AP": 0.4659894827065409,
            "recall": 0.5893963736515951,
            "precision": 0.406136327692551,
            "specificity": 0.5899759772876174,
            "accuracy": 0.5897891231964484,
            "expected AP": 0.3223825379208287
        },
        "1": {
            "TN": 4127,
            "FP": 3014,
            "FN": 3077,
            "TP": 3297,
            "AP": 0.5041736545711198,
            "recall": 0.5172576090367117,
            "precision": 0.522421169386785,
            "specificity": 0.5779302618680857,
            "accuracy": 0.5493155752867185,
            "expected AP": 0.4716241213466519
        },
        "2": {
            "TN": 11186,
            "FP": 364,
            "FN": 1819,
            "TP": 146,
            "AP": 0.18860630014904725,
            "recall": 0.0743002544529262,
            "precision": 0.28627450980392155,
            "specificity": 0.9684848484848485,
            "accuracy": 0.8384757676655568,
            "expected AP": 0.1453940066592675
        },
        "3": {
            "TN": 12664,
            "FP": 32,
            "FN": 480,
            "TP": 339,
            "AP": 0.5990993623158971,
            "recall": 0.4139194139194139,
            "precision": 0.9137466307277629,
            "specificity": 0.9974795211090107,
            "accuracy": 0.9621161672216056,
            "expected AP": 0.060599334073251944
        }
    }
}
