{
    "overall": {
        "mAP": 0.4789653567161567,
        "accuracy": 0.5287458379578246,
        "expected mAP": 0.25
    },
    "classwise": {
        "0": {
            "TN": 5784,
            "FP": 3374,
            "FN": 1239,
            "TP": 3118,
            "AP": 0.5936772399980752,
            "recall": 0.715630020656415,
            "precision": 0.4802834257547751,
            "specificity": 0.631578947368421,
            "accuracy": 0.6586755456899741,
            "expected AP": 0.3223825379208287
        },
        "1": {
            "TN": 4585,
            "FP": 2556,
            "FN": 2675,
            "TP": 3699,
            "AP": 0.5769241941970937,
            "recall": 0.5803263256981487,
            "precision": 0.5913669064748202,
            "specificity": 0.642066937403725,
            "accuracy": 0.6129485756566778,
            "expected AP": 0.4716241213466519
        },
        "2": {
            "TN": 11118,
            "FP": 432,
            "FN": 1852,
            "TP": 113,
            "AP": 0.17123284562892227,
            "recall": 0.05750636132315522,
            "precision": 0.20733944954128442,
            "specificity": 0.9625974025974026,
            "accuracy": 0.8310025897151313,
            "expected AP": 0.1453940066592675
        },
        "3": {
            "TN": 12689,
            "FP": 7,
            "FN": 603,
            "TP": 216,
            "AP": 0.5740271470405356,
            "recall": 0.26373626373626374,
            "precision": 0.968609865470852,
            "specificity": 0.9994486452425961,
            "accuracy": 0.9548649648538661,
            "expected AP": 0.060599334073251944
        }
    }
}
