{
    "overall": {
        "mAP": 0.4389117024257374,
        "accuracy": 0.7073891625615764,
        "expected mAP": 0.25,
        "balanced accuracy": 0.4450646903342097,
        "adjusted balanced accuracy": 0.2600862537789463
    },
    "classwise": {
        "0": {
            "TN": 192,
            "FP": 115,
            "FN": 85,
            "TP": 623,
            "AP": 0.933291538916172,
            "recall": 0.8799435028248588,
            "precision": 0.8441734417344173,
            "specificity": 0.6254071661237784,
            "accuracy": 0.8029556650246306,
            "expected AP": 0.6975369458128079
        },
        "1": {
            "TN": 684,
            "FP": 148,
            "FN": 102,
            "TP": 81,
            "AP": 0.3075801220797104,
            "recall": 0.4426229508196721,
            "precision": 0.3537117903930131,
            "specificity": 0.8221153846153846,
            "accuracy": 0.7536945812807881,
            "expected AP": 0.18029556650246306
        },
        "2": {
            "TN": 911,
            "FP": 0,
            "FN": 98,
            "TP": 6,
            "AP": 0.35683671766141495,
            "recall": 0.057692307692307696,
            "precision": 1.0,
            "specificity": 1.0,
            "accuracy": 0.903448275862069,
            "expected AP": 0.10246305418719212
        },
        "3": {
            "TN": 961,
            "FP": 34,
            "FN": 12,
            "TP": 8,
            "AP": 0.15793843104565247,
            "recall": 0.4,
            "precision": 0.19047619047619047,
            "specificity": 0.9658291457286432,
            "accuracy": 0.954679802955665,
            "expected AP": 0.019704433497536946
        }
    }
}
