{
    "TN": 889,
    "FP": 211,
    "FN": 53,
    "TP": 23,
    "AP": 0.07645952348186483,
    "recall": 0.3026315789473684,
    "precision": 0.09829059829059829,
    "specificity": 0.8081818181818182,
    "accuracy": 0.7755102040816326,
    "expected AP": 0.06462585034013606,
    "auroc": 0.5704186602870813,
    "balanced accuracy": 0.5554066985645933,
    "adjusted balanced accuracy": 0.1108133971291867
}
