{
    "TN": 381,
    "FP": 13,
    "FN": 29,
    "TP": 4,
    "AP": 0.16983379303145865,
    "recall": 0.12121212121212122,
    "precision": 0.23529411764705882,
    "specificity": 0.9670050761421319,
    "accuracy": 0.9016393442622951,
    "expected AP": 0.07728337236533958,
    "auroc": 0.6086755883710199,
    "balanced accuracy": 0.5441085986771266,
    "adjusted balanced accuracy": 0.08821719735425315
}
