{
    "overall": {
        "mAP": 0.48715849549436724,
        "accuracy": 0.4972253052164262,
        "expected mAP": 0.25
    },
    "classwise": {
        "0": {
            "TN": 4521,
            "FP": 4637,
            "FN": 813,
            "TP": 3544,
            "AP": 0.559016310980329,
            "recall": 0.8134037181546936,
            "precision": 0.4331988754430999,
            "specificity": 0.4936667394627648,
            "accuracy": 0.5967443581206068,
            "expected AP": 0.3223825379208287
        },
        "1": {
            "TN": 5202,
            "FP": 1939,
            "FN": 3554,
            "TP": 2820,
            "AP": 0.5697496819025152,
            "recall": 0.4424223407593348,
            "precision": 0.5925614624921202,
            "specificity": 0.7284694020445316,
            "accuracy": 0.5935627081021088,
            "expected AP": 0.4716241213466519
        },
        "2": {
            "TN": 11357,
            "FP": 193,
            "FN": 1889,
            "TP": 76,
            "AP": 0.18907698492813269,
            "recall": 0.03867684478371501,
            "precision": 0.2825278810408922,
            "specificity": 0.9832900432900433,
            "accuracy": 0.8459489456159822,
            "expected AP": 0.1453940066592675
        },
        "3": {
            "TN": 12671,
            "FP": 25,
            "FN": 539,
            "TP": 280,
            "AP": 0.6307910041664921,
            "recall": 0.3418803418803419,
            "precision": 0.9180327868852459,
            "specificity": 0.9980308758664146,
            "accuracy": 0.95826859045505,
            "expected AP": 0.060599334073251944
        }
    }
}
