{
    "TN": 388,
    "FP": 6,
    "FN": 26,
    "TP": 7,
    "AP": 0.2405954113520315,
    "recall": 0.21212121212121213,
    "precision": 0.5384615384615384,
    "specificity": 0.9847715736040609,
    "accuracy": 0.9250585480093677,
    "expected AP": 0.07728337236533958,
    "auroc": 0.6295185356099061,
    "balanced accuracy": 0.5984463928626365,
    "adjusted balanced accuracy": 0.1968927857252729
}
