{
    "TN": 116,
    "FP": 52,
    "FN": 98,
    "TP": 113,
    "AP": 0.7492778639803739,
    "recall": 0.5355450236966824,
    "precision": 0.6848484848484848,
    "specificity": 0.6904761904761905,
    "accuracy": 0.604221635883905,
    "expected AP": 0.5567282321899736,
    "auroc": 0.7075152335815843,
    "balanced accuracy": 0.6130106070864365,
    "adjusted balanced accuracy": 0.22602121417287302
}
