{
    "TN": 117,
    "FP": 51,
    "FN": 117,
    "TP": 94,
    "AP": 0.6800213611787083,
    "recall": 0.44549763033175355,
    "precision": 0.6482758620689655,
    "specificity": 0.6964285714285714,
    "accuracy": 0.5567282321899736,
    "expected AP": 0.5567282321899736,
    "auroc": 0.6360443466486121,
    "balanced accuracy": 0.5709631008801624,
    "adjusted balanced accuracy": 0.1419262017603249
}
