{
    "overall": {
        "mAP": 0.4009853708087593,
        "accuracy": 0.6802297750119675,
        "expected mAP": 0.25,
        "balanced accuracy": 0.38943718158943336,
        "adjusted balanced accuracy": 0.18591624211924448
    },
    "classwise": {
        "0": {
            "TN": 328,
            "FP": 296,
            "FN": 198,
            "TP": 1267,
            "AP": 0.8783182825488611,
            "recall": 0.8648464163822526,
            "precision": 0.8106206014075495,
            "specificity": 0.5256410256410257,
            "accuracy": 0.7635232168501676,
            "expected AP": 0.7012924844423168
        },
        "1": {
            "TN": 1399,
            "FP": 312,
            "FN": 247,
            "TP": 131,
            "AP": 0.2965591776919803,
            "recall": 0.34656084656084657,
            "precision": 0.29571106094808125,
            "specificity": 0.8176504967855055,
            "accuracy": 0.7324078506462423,
            "expected AP": 0.18094782192436573
        },
        "2": {
            "TN": 1873,
            "FP": 11,
            "FN": 194,
            "TP": 11,
            "AP": 0.2619557799137433,
            "recall": 0.05365853658536585,
            "precision": 0.5,
            "specificity": 0.9941613588110403,
            "accuracy": 0.9018669219722355,
            "expected AP": 0.09813307802776448
        },
        "3": {
            "TN": 1999,
            "FP": 49,
            "FN": 29,
            "TP": 12,
            "AP": 0.1671082430804525,
            "recall": 0.2926829268292683,
            "precision": 0.19672131147540983,
            "specificity": 0.97607421875,
            "accuracy": 0.9626615605552896,
            "expected AP": 0.019626615605552896
        }
    }
}
