{
    "overall": {
        "mAP": 0.48596360931832494,
        "accuracy": 0.4837587865334813,
        "expected mAP": 0.25
    },
    "classwise": {
        "0": {
            "TN": 4496,
            "FP": 4662,
            "FN": 922,
            "TP": 3435,
            "AP": 0.5602521737971259,
            "recall": 0.7883865044755566,
            "precision": 0.42423119673953313,
            "specificity": 0.49093688578292205,
            "accuracy": 0.5868294487606364,
            "expected AP": 0.3223825379208287
        },
        "1": {
            "TN": 5123,
            "FP": 2018,
            "FN": 3692,
            "TP": 2682,
            "AP": 0.5615852459729236,
            "recall": 0.42077188578600566,
            "precision": 0.5706382978723404,
            "specificity": 0.7174065256966812,
            "accuracy": 0.5775064742878283,
            "expected AP": 0.4716241213466519
        },
        "2": {
            "TN": 11336,
            "FP": 214,
            "FN": 1866,
            "TP": 99,
            "AP": 0.23103041874417926,
            "recall": 0.050381679389312976,
            "precision": 0.31629392971246006,
            "specificity": 0.9814718614718615,
            "accuracy": 0.8460969293377728,
            "expected AP": 0.1453940066592675
        },
        "3": {
            "TN": 12613,
            "FP": 83,
            "FN": 497,
            "TP": 322,
            "AP": 0.5909865987590711,
            "recall": 0.39316239316239315,
            "precision": 0.7950617283950617,
            "specificity": 0.9934625078764965,
            "accuracy": 0.9570847206807251,
            "expected AP": 0.060599334073251944
        }
    }
}
