{
    "overall": {
        "mAP": 0.45714347108599274,
        "accuracy": 0.5,
        "expected mAP": 0.25,
        "balanced accuracy": 0.3260789398553483
    },
    "classwise": {
        "0": {
            "TN": 149,
            "FP": 135,
            "FN": 33,
            "TP": 115,
            "AP": 0.6518371903855898,
            "recall": 0.777027027027027,
            "precision": 0.46,
            "specificity": 0.5246478873239436,
            "accuracy": 0.6111111111111112,
            "expected AP": 0.3425925925925926
        },
        "1": {
            "TN": 154,
            "FP": 65,
            "FN": 114,
            "TP": 99,
            "AP": 0.6816538706954612,
            "recall": 0.4647887323943662,
            "precision": 0.6036585365853658,
            "specificity": 0.7031963470319634,
            "accuracy": 0.5856481481481481,
            "expected AP": 0.4930555555555556
        },
        "2": {
            "TN": 378,
            "FP": 15,
            "FN": 39,
            "TP": 0,
            "AP": 0.16966076902955807,
            "recall": 0.0,
            "precision": 0.0,
            "specificity": 0.9618320610687023,
            "accuracy": 0.875,
            "expected AP": 0.09027777777777778
        },
        "3": {
            "TN": 399,
            "FP": 1,
            "FN": 30,
            "TP": 2,
            "AP": 0.32542205423336196,
            "recall": 0.0625,
            "precision": 0.6666666666666666,
            "specificity": 0.9975,
            "accuracy": 0.9282407407407407,
            "expected AP": 0.07407407407407407
        }
    }
}
