{
    "overall": {
        "mAP": 0.48215145918648206,
        "accuracy": 0.4238875878220141,
        "expected mAP": 0.25,
        "balanced accuracy": 0.34416765666765664,
        "adjusted balanced accuracy": 0.12555687555687553
    },
    "classwise": {
        "0": {
            "TN": 67,
            "FP": 212,
            "FN": 15,
            "TP": 133,
            "AP": 0.4748751869712187,
            "recall": 0.8986486486486487,
            "precision": 0.3855072463768116,
            "specificity": 0.24014336917562723,
            "accuracy": 0.468384074941452,
            "expected AP": 0.34660421545667447
        },
        "1": {
            "TN": 188,
            "FP": 29,
            "FN": 171,
            "TP": 39,
            "AP": 0.5651094776634562,
            "recall": 0.18571428571428572,
            "precision": 0.5735294117647058,
            "specificity": 0.8663594470046083,
            "accuracy": 0.531615925058548,
            "expected AP": 0.4918032786885246
        },
        "2": {
            "TN": 383,
            "FP": 5,
            "FN": 38,
            "TP": 1,
            "AP": 0.12566733015683923,
            "recall": 0.02564102564102564,
            "precision": 0.16666666666666666,
            "specificity": 0.9871134020618557,
            "accuracy": 0.8992974238875878,
            "expected AP": 0.09133489461358314
        },
        "3": {
            "TN": 397,
            "FP": 0,
            "FN": 22,
            "TP": 8,
            "AP": 0.7629538419544143,
            "recall": 0.26666666666666666,
            "precision": 1.0,
            "specificity": 1.0,
            "accuracy": 0.9484777517564403,
            "expected AP": 0.0702576112412178
        }
    }
}
