{
    "overall": {
        "mAP": 0.5168977173379566,
        "accuracy": 0.4097222222222222,
        "expected mAP": 0.25,
        "balanced accuracy": 0.2910669251998477
    },
    "classwise": {
        "0": {
            "TN": 72,
            "FP": 212,
            "FN": 25,
            "TP": 123,
            "AP": 0.6721809344695582,
            "recall": 0.831081081081081,
            "precision": 0.36716417910447763,
            "specificity": 0.2535211267605634,
            "accuracy": 0.4513888888888889,
            "expected AP": 0.3425925925925926
        },
        "1": {
            "TN": 182,
            "FP": 37,
            "FN": 162,
            "TP": 51,
            "AP": 0.6493867885531777,
            "recall": 0.23943661971830985,
            "precision": 0.5795454545454546,
            "specificity": 0.8310502283105022,
            "accuracy": 0.5393518518518519,
            "expected AP": 0.4930555555555556
        },
        "2": {
            "TN": 388,
            "FP": 5,
            "FN": 39,
            "TP": 0,
            "AP": 0.15518928880494498,
            "recall": 0.0,
            "precision": 0.0,
            "specificity": 0.9872773536895675,
            "accuracy": 0.8981481481481481,
            "expected AP": 0.09027777777777778
        },
        "3": {
            "TN": 399,
            "FP": 1,
            "FN": 29,
            "TP": 3,
            "AP": 0.5908338575241459,
            "recall": 0.09375,
            "precision": 0.75,
            "specificity": 0.9975,
            "accuracy": 0.9305555555555556,
            "expected AP": 0.07407407407407407
        }
    }
}
