{
    "overall": {
        "mAP": 0.4767567063940815,
        "accuracy": 0.4426229508196721,
        "expected mAP": 0.25,
        "balanced accuracy": 0.3665528165528166,
        "adjusted balanced accuracy": 0.15540375540375542
    },
    "classwise": {
        "0": {
            "TN": 68,
            "FP": 211,
            "FN": 14,
            "TP": 134,
            "AP": 0.4655272087599972,
            "recall": 0.9054054054054054,
            "precision": 0.3884057971014493,
            "specificity": 0.24372759856630824,
            "accuracy": 0.47306791569086654,
            "expected AP": 0.34660421545667447
        },
        "1": {
            "TN": 196,
            "FP": 21,
            "FN": 166,
            "TP": 44,
            "AP": 0.6039577940141333,
            "recall": 0.20952380952380953,
            "precision": 0.676923076923077,
            "specificity": 0.9032258064516129,
            "accuracy": 0.5620608899297423,
            "expected AP": 0.4918032786885246
        },
        "2": {
            "TN": 383,
            "FP": 5,
            "FN": 37,
            "TP": 2,
            "AP": 0.1255791790493888,
            "recall": 0.05128205128205128,
            "precision": 0.2857142857142857,
            "specificity": 0.9871134020618557,
            "accuracy": 0.9016393442622951,
            "expected AP": 0.09133489461358314
        },
        "3": {
            "TN": 396,
            "FP": 1,
            "FN": 21,
            "TP": 9,
            "AP": 0.7119626437528068,
            "recall": 0.3,
            "precision": 0.9,
            "specificity": 0.9974811083123426,
            "accuracy": 0.9484777517564403,
            "expected AP": 0.0702576112412178
        }
    }
}
