{
    "overall": {
        "mAP": 0.4661077790622197,
        "accuracy": 0.5370370370370371,
        "expected mAP": 0.25,
        "balanced accuracy": 0.33970347988833904
    },
    "classwise": {
        "0": {
            "TN": 176,
            "FP": 108,
            "FN": 43,
            "TP": 105,
            "AP": 0.6973010230827807,
            "recall": 0.7094594594594594,
            "precision": 0.49295774647887325,
            "specificity": 0.6197183098591549,
            "accuracy": 0.6504629629629629,
            "expected AP": 0.3425925925925926
        },
        "1": {
            "TN": 145,
            "FP": 74,
            "FN": 88,
            "TP": 125,
            "AP": 0.7023521901328198,
            "recall": 0.5868544600938967,
            "precision": 0.628140703517588,
            "specificity": 0.6621004566210046,
            "accuracy": 0.625,
            "expected AP": 0.4930555555555556
        },
        "2": {
            "TN": 376,
            "FP": 17,
            "FN": 39,
            "TP": 0,
            "AP": 0.141623180156122,
            "recall": 0.0,
            "precision": 0.0,
            "specificity": 0.9567430025445293,
            "accuracy": 0.8703703703703703,
            "expected AP": 0.09027777777777778
        },
        "3": {
            "TN": 399,
            "FP": 1,
            "FN": 30,
            "TP": 2,
            "AP": 0.3231547228771562,
            "recall": 0.0625,
            "precision": 0.6666666666666666,
            "specificity": 0.9975,
            "accuracy": 0.9282407407407407,
            "expected AP": 0.07407407407407407
        }
    }
}
