{
    "overall": {
        "mAP": 0.40208305432726094,
        "accuracy": 0.38875878220140514,
        "expected mAP": 0.25,
        "balanced accuracy": 0.30714285714285716,
        "adjusted balanced accuracy": 0.07619047619047621
    },
    "classwise": {
        "0": {
            "TN": 23,
            "FP": 256,
            "FN": 0,
            "TP": 148,
            "AP": 0.36649893310146664,
            "recall": 1.0,
            "precision": 0.36633663366336633,
            "specificity": 0.08243727598566308,
            "accuracy": 0.40046838407494145,
            "expected AP": 0.34660421545667447
        },
        "1": {
            "TN": 212,
            "FP": 5,
            "FN": 197,
            "TP": 13,
            "AP": 0.619366793983687,
            "recall": 0.06190476190476191,
            "precision": 0.7222222222222222,
            "specificity": 0.9769585253456221,
            "accuracy": 0.5269320843091335,
            "expected AP": 0.4918032786885246
        },
        "2": {
            "TN": 388,
            "FP": 0,
            "FN": 39,
            "TP": 0,
            "AP": 0.09950507010696147,
            "recall": 0.0,
            "precision": 0.0,
            "specificity": 1.0,
            "accuracy": 0.9086651053864169,
            "expected AP": 0.09133489461358314
        },
        "3": {
            "TN": 397,
            "FP": 0,
            "FN": 25,
            "TP": 5,
            "AP": 0.5229614201169286,
            "recall": 0.16666666666666666,
            "precision": 1.0,
            "specificity": 1.0,
            "accuracy": 0.9414519906323185,
            "expected AP": 0.0702576112412178
        }
    }
}
