{
    "overall": {
        "mAP": 0.4270626942759268,
        "accuracy": 0.4791666666666667,
        "expected mAP": 0.25,
        "balanced accuracy": 0.31603103984265957
    },
    "classwise": {
        "0": {
            "TN": 137,
            "FP": 147,
            "FN": 32,
            "TP": 116,
            "AP": 0.6462310346623662,
            "recall": 0.7837837837837838,
            "precision": 0.44106463878326996,
            "specificity": 0.4823943661971831,
            "accuracy": 0.5856481481481481,
            "expected AP": 0.3425925925925926
        },
        "1": {
            "TN": 155,
            "FP": 64,
            "FN": 124,
            "TP": 89,
            "AP": 0.6532381243542917,
            "recall": 0.41784037558685444,
            "precision": 0.5816993464052288,
            "specificity": 0.7077625570776256,
            "accuracy": 0.5648148148148148,
            "expected AP": 0.4930555555555556
        },
        "2": {
            "TN": 380,
            "FP": 13,
            "FN": 39,
            "TP": 0,
            "AP": 0.1491808876782699,
            "recall": 0.0,
            "precision": 0.0,
            "specificity": 0.9669211195928753,
            "accuracy": 0.8796296296296297,
            "expected AP": 0.09027777777777778
        },
        "3": {
            "TN": 399,
            "FP": 1,
            "FN": 30,
            "TP": 2,
            "AP": 0.25960073040877946,
            "recall": 0.0625,
            "precision": 0.6666666666666666,
            "specificity": 0.9975,
            "accuracy": 0.9282407407407407,
            "expected AP": 0.07407407407407407
        }
    }
}
