{
    "overall": {
        "mAP": 0.475421189325118,
        "accuracy": 0.5067702552719201,
        "expected mAP": 0.25
    },
    "classwise": {
        "0": {
            "TN": 5277,
            "FP": 3881,
            "FN": 1244,
            "TP": 3113,
            "AP": 0.507099875380097,
            "recall": 0.7144824420472803,
            "precision": 0.44509579639691166,
            "specificity": 0.5762175147412099,
            "accuracy": 0.6207917129115798,
            "expected AP": 0.3223825379208287
        },
        "1": {
            "TN": 4561,
            "FP": 2580,
            "FN": 3042,
            "TP": 3332,
            "AP": 0.5491582564156146,
            "recall": 0.5227486664574835,
            "precision": 0.5635994587280109,
            "specificity": 0.6387060635765299,
            "accuracy": 0.5840177580466148,
            "expected AP": 0.4716241213466519
        },
        "2": {
            "TN": 11364,
            "FP": 186,
            "FN": 1878,
            "TP": 87,
            "AP": 0.2137624201747438,
            "recall": 0.044274809160305344,
            "precision": 0.31868131868131866,
            "specificity": 0.9838961038961039,
            "accuracy": 0.8472807991120976,
            "expected AP": 0.1453940066592675
        },
        "3": {
            "TN": 12677,
            "FP": 19,
            "FN": 502,
            "TP": 317,
            "AP": 0.6316642053300167,
            "recall": 0.38705738705738707,
            "precision": 0.9434523809523809,
            "specificity": 0.9985034656584751,
            "accuracy": 0.9614502404735479,
            "expected AP": 0.060599334073251944
        }
    }
}
