{
    "TN": 115,
    "FP": 53,
    "FN": 117,
    "TP": 94,
    "AP": 0.6527510792017157,
    "recall": 0.44549763033175355,
    "precision": 0.6394557823129252,
    "specificity": 0.6845238095238095,
    "accuracy": 0.5514511873350924,
    "expected AP": 0.5567282321899736,
    "auroc": 0.624858948318664,
    "balanced accuracy": 0.5650107199277815,
    "adjusted balanced accuracy": 0.13002143985556303
}
