{
    "TN": 592,
    "FP": 132,
    "FN": 132,
    "TP": 140,
    "AP": 0.518289364085676,
    "recall": 0.5147058823529411,
    "precision": 0.5147058823529411,
    "specificity": 0.8176795580110497,
    "accuracy": 0.7349397590361446,
    "expected AP": 0.27309236947791166,
    "auroc": 0.7358907824179395,
    "balanced accuracy": 0.6661927201819955,
    "adjusted balanced accuracy": 0.332385440363991
}
