{
    "overall": {
        "mAP": 0.4652013974876167,
        "accuracy": 0.44294826364280654,
        "expected mAP": 0.25,
        "balanced accuracy": 0.3219677468610314
    },
    "classwise": {
        "0": {
            "TN": 327,
            "FP": 620,
            "FN": 58,
            "TP": 406,
            "AP": 0.5227202374935348,
            "recall": 0.875,
            "precision": 0.39571150097465885,
            "specificity": 0.3453009503695882,
            "accuracy": 0.5194897236002834,
            "expected AP": 0.32884479092841956
        },
        "1": {
            "TN": 601,
            "FP": 136,
            "FN": 470,
            "TP": 204,
            "AP": 0.6153851162251821,
            "recall": 0.3026706231454006,
            "precision": 0.6,
            "specificity": 0.8154681139755766,
            "accuracy": 0.5705173635719348,
            "expected AP": 0.47767540751240256
        },
        "2": {
            "TN": 1203,
            "FP": 25,
            "FN": 173,
            "TP": 10,
            "AP": 0.21013436293162197,
            "recall": 0.0546448087431694,
            "precision": 0.2857142857142857,
            "specificity": 0.9796416938110749,
            "accuracy": 0.8596739900779589,
            "expected AP": 0.12969525159461376
        },
        "3": {
            "TN": 1316,
            "FP": 5,
            "FN": 85,
            "TP": 5,
            "AP": 0.5125658733001279,
            "recall": 0.05555555555555555,
            "precision": 0.5,
            "specificity": 0.9962149886449659,
            "accuracy": 0.9362154500354358,
            "expected AP": 0.06378454996456413
        }
    }
}
