{
    "overall": {
        "mAP": 0.45697536418669427,
        "accuracy": 0.3847941567065073,
        "expected mAP": 0.25,
        "balanced accuracy": 0.2812241657984105,
        "adjusted balanced accuracy": 0.0416322210645473
    },
    "classwise": {
        "0": {
            "TN": 300,
            "FP": 1715,
            "FN": 29,
            "TP": 968,
            "AP": 0.49324623113458604,
            "recall": 0.970912738214644,
            "precision": 0.3607901602683563,
            "specificity": 0.1488833746898263,
            "accuracy": 0.4209827357237716,
            "expected AP": 0.33100929614873836
        },
        "1": {
            "TN": 1423,
            "FP": 125,
            "FN": 1279,
            "TP": 185,
            "AP": 0.6064907567743413,
            "recall": 0.12636612021857924,
            "precision": 0.5967741935483871,
            "specificity": 0.9192506459948321,
            "accuracy": 0.5338645418326693,
            "expected AP": 0.4860557768924303
        },
        "2": {
            "TN": 2652,
            "FP": 11,
            "FN": 348,
            "TP": 1,
            "AP": 0.18524118833925718,
            "recall": 0.0028653295128939827,
            "precision": 0.08333333333333333,
            "specificity": 0.9958693203154337,
            "accuracy": 0.8808100929614874,
            "expected AP": 0.11586985391766268
        },
        "3": {
            "TN": 2808,
            "FP": 2,
            "FN": 197,
            "TP": 5,
            "AP": 0.5429232804985924,
            "recall": 0.024752475247524754,
            "precision": 0.7142857142857143,
            "specificity": 0.999288256227758,
            "accuracy": 0.9339309428950863,
            "expected AP": 0.06706507304116865
        }
    }
}
