{
    "TN": 948,
    "FP": 64,
    "FN": 65,
    "TP": 10,
    "AP": 0.10714200124081333,
    "recall": 0.13333333333333333,
    "precision": 0.13513513513513514,
    "specificity": 0.9367588932806324,
    "accuracy": 0.8813247470101196,
    "expected AP": 0.06899724011039558,
    "auroc": 0.5709288537549406,
    "balanced accuracy": 0.5350461133069829,
    "adjusted balanced accuracy": 0.07009222661396586
}
