{
    "overall": {
        "mAP": 0.27057077432349663,
        "accuracy": 0.6588594704684317,
        "expected mAP": 0.25,
        "balanced accuracy": 0.25185714285714284,
        "adjusted balanced accuracy": 0.0024761904761904465
    },
    "classwise": {
        "0": {
            "TN": 71,
            "FP": 143,
            "FN": 487,
            "TP": 1263,
            "AP": 0.9122370268817956,
            "recall": 0.7217142857142858,
            "precision": 0.8982930298719772,
            "specificity": 0.3317757009345794,
            "accuracy": 0.6792260692464358,
            "expected AP": 0.8910386965376782
        },
        "1": {
            "TN": 1661,
            "FP": 142,
            "FN": 136,
            "TP": 25,
            "AP": 0.11860319028405047,
            "recall": 0.15527950310559005,
            "precision": 0.1497005988023952,
            "specificity": 0.9212423738214087,
            "accuracy": 0.8584521384928717,
            "expected AP": 0.08197556008146639
        },
        "2": {
            "TN": 1760,
            "FP": 158,
            "FN": 40,
            "TP": 6,
            "AP": 0.04738083653734087,
            "recall": 0.13043478260869565,
            "precision": 0.036585365853658534,
            "specificity": 0.9176225234619395,
            "accuracy": 0.8991853360488798,
            "expected AP": 0.023421588594704685
        },
        "3": {
            "TN": 1730,
            "FP": 227,
            "FN": 7,
            "TP": 0,
            "AP": 0.004062043590799505,
            "recall": 0.0,
            "precision": 0.0,
            "specificity": 0.8840061318344404,
            "accuracy": 0.8808553971486762,
            "expected AP": 0.003564154786150713
        }
    }
}
