{
    "overall": {
        "mAP": 0.4837944383020295,
        "accuracy": 0.4262295081967213,
        "expected mAP": 0.25,
        "balanced accuracy": 0.3334942084942085,
        "adjusted balanced accuracy": 0.11132561132561136
    },
    "classwise": {
        "0": {
            "TN": 69,
            "FP": 210,
            "FN": 14,
            "TP": 134,
            "AP": 0.4913389918459358,
            "recall": 0.9054054054054054,
            "precision": 0.38953488372093026,
            "specificity": 0.24731182795698925,
            "accuracy": 0.47540983606557374,
            "expected AP": 0.34660421545667447
        },
        "1": {
            "TN": 187,
            "FP": 30,
            "FN": 169,
            "TP": 41,
            "AP": 0.5718609984604774,
            "recall": 0.19523809523809524,
            "precision": 0.5774647887323944,
            "specificity": 0.8617511520737328,
            "accuracy": 0.5339578454332553,
            "expected AP": 0.4918032786885246
        },
        "2": {
            "TN": 383,
            "FP": 5,
            "FN": 39,
            "TP": 0,
            "AP": 0.11683698835923166,
            "recall": 0.0,
            "precision": 0.0,
            "specificity": 0.9871134020618557,
            "accuracy": 0.8969555035128806,
            "expected AP": 0.09133489461358314
        },
        "3": {
            "TN": 397,
            "FP": 0,
            "FN": 23,
            "TP": 7,
            "AP": 0.755140774542473,
            "recall": 0.23333333333333334,
            "precision": 1.0,
            "specificity": 1.0,
            "accuracy": 0.9461358313817331,
            "expected AP": 0.0702576112412178
        }
    }
}
