{
    "overall": {
        "mAP": 0.4475186834273484,
        "accuracy": 0.5370370370370371,
        "expected mAP": 0.25,
        "balanced accuracy": 0.3412499206953432
    },
    "classwise": {
        "0": {
            "TN": 174,
            "FP": 110,
            "FN": 40,
            "TP": 108,
            "AP": 0.681278971032442,
            "recall": 0.7297297297297297,
            "precision": 0.4954128440366973,
            "specificity": 0.6126760563380281,
            "accuracy": 0.6527777777777778,
            "expected AP": 0.3425925925925926
        },
        "1": {
            "TN": 146,
            "FP": 73,
            "FN": 91,
            "TP": 122,
            "AP": 0.7005400362266861,
            "recall": 0.5727699530516432,
            "precision": 0.6256410256410256,
            "specificity": 0.6666666666666666,
            "accuracy": 0.6203703703703703,
            "expected AP": 0.4930555555555556
        },
        "2": {
            "TN": 377,
            "FP": 16,
            "FN": 39,
            "TP": 0,
            "AP": 0.14879015663805045,
            "recall": 0.0,
            "precision": 0.0,
            "specificity": 0.9592875318066157,
            "accuracy": 0.8726851851851852,
            "expected AP": 0.09027777777777778
        },
        "3": {
            "TN": 399,
            "FP": 1,
            "FN": 30,
            "TP": 2,
            "AP": 0.259465569812215,
            "recall": 0.0625,
            "precision": 0.6666666666666666,
            "specificity": 0.9975,
            "accuracy": 0.9282407407407407,
            "expected AP": 0.07407407407407407
        }
    }
}
