{
    "TN": 1617,
    "FP": 378,
    "FN": 330,
    "TP": 360,
    "AP": 0.4393593913194901,
    "recall": 0.5217391304347826,
    "precision": 0.4878048780487805,
    "specificity": 0.8105263157894737,
    "accuracy": 0.7363128491620111,
    "expected AP": 0.2569832402234637,
    "auroc": 0.7176088772656279,
    "balanced accuracy": 0.6661327231121281,
    "adjusted balanced accuracy": 0.33226544622425624
}
