{
    "TN": 603,
    "FP": 121,
    "FN": 149,
    "TP": 123,
    "AP": 0.4945817637279842,
    "recall": 0.4522058823529412,
    "precision": 0.5040983606557377,
    "specificity": 0.8328729281767956,
    "accuracy": 0.7289156626506024,
    "expected AP": 0.27309236947791166,
    "auroc": 0.739694202957426,
    "balanced accuracy": 0.6425394052648684,
    "adjusted balanced accuracy": 0.2850788105297368
}
