{
    "overall": {
        "mAP": 0.4761504802153006,
        "accuracy": 0.42857142857142855,
        "expected mAP": 0.25,
        "balanced accuracy": 0.3393339768339768,
        "adjusted balanced accuracy": 0.11911196911196908
    },
    "classwise": {
        "0": {
            "TN": 72,
            "FP": 207,
            "FN": 19,
            "TP": 129,
            "AP": 0.5283082519182308,
            "recall": 0.8716216216216216,
            "precision": 0.38392857142857145,
            "specificity": 0.25806451612903225,
            "accuracy": 0.4707259953161593,
            "expected AP": 0.34660421545667447
        },
        "1": {
            "TN": 187,
            "FP": 30,
            "FN": 164,
            "TP": 46,
            "AP": 0.5718468110229646,
            "recall": 0.21904761904761905,
            "precision": 0.6052631578947368,
            "specificity": 0.8617511520737328,
            "accuracy": 0.5456674473067916,
            "expected AP": 0.4918032786885246
        },
        "2": {
            "TN": 382,
            "FP": 6,
            "FN": 39,
            "TP": 0,
            "AP": 0.13652704122391415,
            "recall": 0.0,
            "precision": 0.0,
            "specificity": 0.9845360824742269,
            "accuracy": 0.8946135831381733,
            "expected AP": 0.09133489461358314
        },
        "3": {
            "TN": 396,
            "FP": 1,
            "FN": 22,
            "TP": 8,
            "AP": 0.6679198166960929,
            "recall": 0.26666666666666666,
            "precision": 0.8888888888888888,
            "specificity": 0.9974811083123426,
            "accuracy": 0.9461358313817331,
            "expected AP": 0.0702576112412178
        }
    }
}
