{
    "TN": 121,
    "FP": 47,
    "FN": 117,
    "TP": 94,
    "AP": 0.6593996598408913,
    "recall": 0.44549763033175355,
    "precision": 0.6666666666666666,
    "specificity": 0.7202380952380952,
    "accuracy": 0.5672823218997362,
    "expected AP": 0.5567282321899736,
    "auroc": 0.6334631008801624,
    "balanced accuracy": 0.5828678627849244,
    "adjusted balanced accuracy": 0.16573572556984884
}
