{
    "overall": {
        "mAP": 0.3993971307870039,
        "accuracy": 0.38173302107728335,
        "expected mAP": 0.25,
        "balanced accuracy": 0.2965894465894466,
        "adjusted balanced accuracy": 0.06211926211926211
    },
    "classwise": {
        "0": {
            "TN": 46,
            "FP": 233,
            "FN": 14,
            "TP": 134,
            "AP": 0.41293328049646527,
            "recall": 0.9054054054054054,
            "precision": 0.3651226158038147,
            "specificity": 0.16487455197132617,
            "accuracy": 0.4215456674473068,
            "expected AP": 0.34660421545667447
        },
        "1": {
            "TN": 191,
            "FP": 26,
            "FN": 186,
            "TP": 24,
            "AP": 0.5200696749674791,
            "recall": 0.11428571428571428,
            "precision": 0.48,
            "specificity": 0.880184331797235,
            "accuracy": 0.5035128805620609,
            "expected AP": 0.4918032786885246
        },
        "2": {
            "TN": 384,
            "FP": 4,
            "FN": 39,
            "TP": 0,
            "AP": 0.11359606535931722,
            "recall": 0.0,
            "precision": 0.0,
            "specificity": 0.9896907216494846,
            "accuracy": 0.8992974238875878,
            "expected AP": 0.09133489461358314
        },
        "3": {
            "TN": 396,
            "FP": 1,
            "FN": 25,
            "TP": 5,
            "AP": 0.550989502324754,
            "recall": 0.16666666666666666,
            "precision": 0.8333333333333334,
            "specificity": 0.9974811083123426,
            "accuracy": 0.9391100702576113,
            "expected AP": 0.0702576112412178
        }
    }
}
