{
    "TN": 121,
    "FP": 47,
    "FN": 122,
    "TP": 89,
    "AP": 0.6623531217202818,
    "recall": 0.4218009478672986,
    "precision": 0.6544117647058824,
    "specificity": 0.7202380952380952,
    "accuracy": 0.554089709762533,
    "expected AP": 0.5567282321899736,
    "auroc": 0.6403182125930942,
    "balanced accuracy": 0.571019521552697,
    "adjusted balanced accuracy": 0.14203904310539395
}
