{
    "overall": {
        "mAP": 0.4721050052438055,
        "accuracy": 0.4890122086570477,
        "expected mAP": 0.25
    },
    "classwise": {
        "0": {
            "TN": 4496,
            "FP": 4662,
            "FN": 717,
            "TP": 3640,
            "AP": 0.5480871111664265,
            "recall": 0.8354372274500803,
            "precision": 0.43844856661045534,
            "specificity": 0.49093688578292205,
            "accuracy": 0.6019977802441732,
            "expected AP": 0.3223825379208287
        },
        "1": {
            "TN": 5175,
            "FP": 1966,
            "FN": 3789,
            "TP": 2585,
            "AP": 0.5572513864555472,
            "recall": 0.4055538123627236,
            "precision": 0.5680070314216655,
            "specificity": 0.7246884189889371,
            "accuracy": 0.5741768405475398,
            "expected AP": 0.4716241213466519
        },
        "2": {
            "TN": 11282,
            "FP": 268,
            "FN": 1840,
            "TP": 125,
            "AP": 0.1882692640237895,
            "recall": 0.06361323155216285,
            "precision": 0.31806615776081426,
            "specificity": 0.9767965367965368,
            "accuracy": 0.8440251572327044,
            "expected AP": 0.1453940066592675
        },
        "3": {
            "TN": 12686,
            "FP": 10,
            "FN": 560,
            "TP": 259,
            "AP": 0.5948122593294589,
            "recall": 0.3162393162393162,
            "precision": 0.9628252788104089,
            "specificity": 0.9992123503465659,
            "accuracy": 0.9578246392896781,
            "expected AP": 0.060599334073251944
        }
    }
}
