{
    "TN": 615,
    "FP": 109,
    "FN": 176,
    "TP": 96,
    "AP": 0.4552990757087315,
    "recall": 0.35294117647058826,
    "precision": 0.4682926829268293,
    "specificity": 0.8494475138121547,
    "accuracy": 0.713855421686747,
    "expected AP": 0.27309236947791166,
    "auroc": 0.7223503006174846,
    "balanced accuracy": 0.6011943451413715,
    "adjusted balanced accuracy": 0.20238869028274298
}
