{
    "overall": {
        "mAP": 0.48532142137399253,
        "accuracy": 0.4653333333333333,
        "expected mAP": 0.24999999999999997,
        "balanced accuracy": 0.3892238633531838,
        "adjusted balanced accuracy": 0.1856318178042451
    },
    "classwise": {
        "0": {
            "TN": 182,
            "FP": 325,
            "FN": 28,
            "TP": 215,
            "AP": 0.5926737422039652,
            "recall": 0.8847736625514403,
            "precision": 0.39814814814814814,
            "specificity": 0.358974358974359,
            "accuracy": 0.5293333333333333,
            "expected AP": 0.324
        },
        "1": {
            "TN": 316,
            "FP": 52,
            "FN": 269,
            "TP": 113,
            "AP": 0.6509870506137064,
            "recall": 0.29581151832460734,
            "precision": 0.6848484848484848,
            "specificity": 0.8586956521739131,
            "accuracy": 0.572,
            "expected AP": 0.5093333333333333
        },
        "2": {
            "TN": 655,
            "FP": 23,
            "FN": 68,
            "TP": 4,
            "AP": 0.14284110757362017,
            "recall": 0.05555555555555555,
            "precision": 0.14814814814814814,
            "specificity": 0.9660766961651918,
            "accuracy": 0.8786666666666667,
            "expected AP": 0.096
        },
        "3": {
            "TN": 696,
            "FP": 1,
            "FN": 36,
            "TP": 17,
            "AP": 0.5547837851046782,
            "recall": 0.32075471698113206,
            "precision": 0.9444444444444444,
            "specificity": 0.9985652797704447,
            "accuracy": 0.9506666666666667,
            "expected AP": 0.07066666666666667
        }
    }
}
