{
    "overall": {
        "mAP": 0.9944268435761988,
        "accuracy": 0.9666238767650834,
        "expected mAP": 0.25,
        "balanced accuracy": 0.9605832841823776
    },
    "classwise": {
        "0": {
            "TN": 728,
            "FP": 39,
            "FN": 7,
            "TP": 784,
            "AP": 0.9985064687152685,
            "recall": 0.9911504424778761,
            "precision": 0.9526123936816525,
            "specificity": 0.9491525423728814,
            "accuracy": 0.9704749679075738,
            "expected AP": 0.5077021822849808
        },
        "1": {
            "TN": 980,
            "FP": 8,
            "FN": 36,
            "TP": 534,
            "AP": 0.995385841297714,
            "recall": 0.9368421052631579,
            "precision": 0.985239852398524,
            "specificity": 0.9919028340080972,
            "accuracy": 0.9717586649550706,
            "expected AP": 0.36585365853658536
        },
        "2": {
            "TN": 1412,
            "FP": 4,
            "FN": 7,
            "TP": 135,
            "AP": 0.9970208802150201,
            "recall": 0.9507042253521126,
            "precision": 0.9712230215827338,
            "specificity": 0.9971751412429378,
            "accuracy": 0.9929396662387676,
            "expected AP": 0.09114249037227215
        },
        "3": {
            "TN": 1502,
            "FP": 1,
            "FN": 2,
            "TP": 53,
            "AP": 0.9867941840767928,
            "recall": 0.9636363636363636,
            "precision": 0.9814814814814815,
            "specificity": 0.9993346640053227,
            "accuracy": 0.9980744544287549,
            "expected AP": 0.03530166880616174
        }
    }
}
