{
    "TN": 1296,
    "FP": 277,
    "FN": 198,
    "TP": 396,
    "AP": 0.6513660888120958,
    "recall": 0.6666666666666666,
    "precision": 0.5884101040118871,
    "specificity": 0.8239033693579149,
    "accuracy": 0.7808029533917858,
    "expected AP": 0.27411167512690354,
    "auroc": 0.8319088319088319,
    "balanced accuracy": 0.7452850180122907,
    "adjusted balanced accuracy": 0.4905700360245815
}
