{
    "TN": 5761,
    "FP": 130,
    "FN": 129,
    "TP": 3094,
    "AP": 0.992507777678992,
    "recall": 0.9599751784052125,
    "precision": 0.9596774193548387,
    "specificity": 0.9779324393142081,
    "accuracy": 0.9715821812596006,
    "expected AP": 0.35363177529076145,
    "auroc": 0.9958995492263976,
    "balanced accuracy": 0.9689538088597103,
    "adjusted balanced accuracy": 0.9379076177194205
}
