{
    "TN": 119,
    "FP": 49,
    "FN": 111,
    "TP": 100,
    "AP": 0.66633855540748,
    "recall": 0.47393364928909953,
    "precision": 0.6711409395973155,
    "specificity": 0.7083333333333334,
    "accuracy": 0.5778364116094987,
    "expected AP": 0.5567282321899736,
    "auroc": 0.6435059805912886,
    "balanced accuracy": 0.5911334913112165,
    "adjusted balanced accuracy": 0.18226698262243302
}
