{
    "overall": {
        "mAP": 0.44292516181172026,
        "accuracy": 0.4930555555555556,
        "expected mAP": 0.25,
        "balanced accuracy": 0.31894945121177515
    },
    "classwise": {
        "0": {
            "TN": 152,
            "FP": 132,
            "FN": 40,
            "TP": 108,
            "AP": 0.6758189531420267,
            "recall": 0.7297297297297297,
            "precision": 0.45,
            "specificity": 0.5352112676056338,
            "accuracy": 0.6018518518518519,
            "expected AP": 0.3425925925925926
        },
        "1": {
            "TN": 147,
            "FP": 72,
            "FN": 110,
            "TP": 103,
            "AP": 0.6766484768842558,
            "recall": 0.4835680751173709,
            "precision": 0.5885714285714285,
            "specificity": 0.6712328767123288,
            "accuracy": 0.5787037037037037,
            "expected AP": 0.4930555555555556
        },
        "2": {
            "TN": 379,
            "FP": 14,
            "FN": 39,
            "TP": 0,
            "AP": 0.14910685052774827,
            "recall": 0.0,
            "precision": 0.0,
            "specificity": 0.9643765903307888,
            "accuracy": 0.8773148148148148,
            "expected AP": 0.09027777777777778
        },
        "3": {
            "TN": 399,
            "FP": 1,
            "FN": 30,
            "TP": 2,
            "AP": 0.2701263666928504,
            "recall": 0.0625,
            "precision": 0.6666666666666666,
            "specificity": 0.9975,
            "accuracy": 0.9282407407407407,
            "expected AP": 0.07407407407407407
        }
    }
}
