{
    "overall": {
        "mAP": 0.4692072247617137,
        "accuracy": 0.4168618266978923,
        "expected mAP": 0.25,
        "balanced accuracy": 0.3287323037323037,
        "adjusted balanced accuracy": 0.10497640497640497
    },
    "classwise": {
        "0": {
            "TN": 66,
            "FP": 213,
            "FN": 14,
            "TP": 134,
            "AP": 0.47658084144439444,
            "recall": 0.9054054054054054,
            "precision": 0.3861671469740634,
            "specificity": 0.23655913978494625,
            "accuracy": 0.468384074941452,
            "expected AP": 0.34660421545667447
        },
        "1": {
            "TN": 186,
            "FP": 31,
            "FN": 173,
            "TP": 37,
            "AP": 0.5567192503584292,
            "recall": 0.1761904761904762,
            "precision": 0.5441176470588235,
            "specificity": 0.8571428571428571,
            "accuracy": 0.522248243559719,
            "expected AP": 0.4918032786885246
        },
        "2": {
            "TN": 383,
            "FP": 5,
            "FN": 39,
            "TP": 0,
            "AP": 0.11922732213637441,
            "recall": 0.0,
            "precision": 0.0,
            "specificity": 0.9871134020618557,
            "accuracy": 0.8969555035128806,
            "expected AP": 0.09133489461358314
        },
        "3": {
            "TN": 397,
            "FP": 0,
            "FN": 23,
            "TP": 7,
            "AP": 0.7243014851076569,
            "recall": 0.23333333333333334,
            "precision": 1.0,
            "specificity": 1.0,
            "accuracy": 0.9461358313817331,
            "expected AP": 0.0702576112412178
        }
    }
}
