{
    "overall": {
        "mAP": 0.4725280123295801,
        "accuracy": 0.44212962962962965,
        "expected mAP": 0.25,
        "balanced accuracy": 0.31001379901027787
    },
    "classwise": {
        "0": {
            "TN": 115,
            "FP": 169,
            "FN": 33,
            "TP": 115,
            "AP": 0.606184517691485,
            "recall": 0.777027027027027,
            "precision": 0.40492957746478875,
            "specificity": 0.40492957746478875,
            "accuracy": 0.5324074074074074,
            "expected AP": 0.3425925925925926
        },
        "1": {
            "TN": 156,
            "FP": 63,
            "FN": 141,
            "TP": 72,
            "AP": 0.6168075208551798,
            "recall": 0.3380281690140845,
            "precision": 0.5333333333333333,
            "specificity": 0.7123287671232876,
            "accuracy": 0.5277777777777778,
            "expected AP": 0.4930555555555556
        },
        "2": {
            "TN": 385,
            "FP": 8,
            "FN": 39,
            "TP": 0,
            "AP": 0.19102703940593374,
            "recall": 0.0,
            "precision": 0.0,
            "specificity": 0.9796437659033079,
            "accuracy": 0.8912037037037037,
            "expected AP": 0.09027777777777778
        },
        "3": {
            "TN": 399,
            "FP": 1,
            "FN": 28,
            "TP": 4,
            "AP": 0.47609297136572215,
            "recall": 0.125,
            "precision": 0.8,
            "specificity": 0.9975,
            "accuracy": 0.9328703703703703,
            "expected AP": 0.07407407407407407
        }
    }
}
