{
    "overall": {
        "mAP": 0.25805695116843447,
        "accuracy": 0.659877800407332,
        "expected mAP": 0.25,
        "balanced accuracy": 0.25708695652173913,
        "adjusted balanced accuracy": 0.00944927536231884
    },
    "classwise": {
        "0": {
            "TN": 70,
            "FP": 144,
            "FN": 483,
            "TP": 1267,
            "AP": 0.879742944296511,
            "recall": 0.724,
            "precision": 0.8979447200566973,
            "specificity": 0.32710280373831774,
            "accuracy": 0.6807535641547862,
            "expected AP": 0.8910386965376782
        },
        "1": {
            "TN": 1708,
            "FP": 95,
            "FN": 140,
            "TP": 21,
            "AP": 0.12043615341518515,
            "recall": 0.13043478260869565,
            "precision": 0.1810344827586207,
            "specificity": 0.947310038824182,
            "accuracy": 0.880346232179226,
            "expected AP": 0.08197556008146639
        },
        "2": {
            "TN": 1562,
            "FP": 356,
            "FN": 38,
            "TP": 8,
            "AP": 0.029787361013068756,
            "recall": 0.17391304347826086,
            "precision": 0.02197802197802198,
            "specificity": 0.8143899895724713,
            "accuracy": 0.7993890020366599,
            "expected AP": 0.023421588594704685
        },
        "3": {
            "TN": 1884,
            "FP": 73,
            "FN": 7,
            "TP": 0,
            "AP": 0.002261345948972795,
            "recall": 0.0,
            "precision": 0.0,
            "specificity": 0.9626980071538068,
            "accuracy": 0.9592668024439919,
            "expected AP": 0.003564154786150713
        }
    }
}
