{
    "TN": 112,
    "FP": 56,
    "FN": 102,
    "TP": 109,
    "AP": 0.6473365006644618,
    "recall": 0.5165876777251185,
    "precision": 0.6606060606060606,
    "specificity": 0.6666666666666666,
    "accuracy": 0.58311345646438,
    "expected AP": 0.5567282321899736,
    "auroc": 0.639570638682013,
    "balanced accuracy": 0.5916271721958926,
    "adjusted balanced accuracy": 0.18325434439178512
}
