{
    "TN": 660,
    "FP": 41,
    "FN": 46,
    "TP": 3,
    "AP": 0.06964201327299396,
    "recall": 0.061224489795918366,
    "precision": 0.06818181818181818,
    "specificity": 0.9415121255349501,
    "accuracy": 0.884,
    "expected AP": 0.06533333333333333,
    "auroc": 0.5106116626393782,
    "balanced accuracy": 0.5013683076654343,
    "adjusted balanced accuracy": 0.0027366153308685526
}
