{
    "overall": {
        "mAP": 0.439262292299589,
        "accuracy": 0.49537037037037035,
        "expected mAP": 0.25,
        "balanced accuracy": 0.32115412066996574
    },
    "classwise": {
        "0": {
            "TN": 152,
            "FP": 132,
            "FN": 38,
            "TP": 110,
            "AP": 0.6690065532178382,
            "recall": 0.7432432432432432,
            "precision": 0.45454545454545453,
            "specificity": 0.5352112676056338,
            "accuracy": 0.6064814814814815,
            "expected AP": 0.3425925925925926
        },
        "1": {
            "TN": 149,
            "FP": 70,
            "FN": 111,
            "TP": 102,
            "AP": 0.6721866351965213,
            "recall": 0.4788732394366197,
            "precision": 0.5930232558139535,
            "specificity": 0.680365296803653,
            "accuracy": 0.5810185185185185,
            "expected AP": 0.4930555555555556
        },
        "2": {
            "TN": 378,
            "FP": 15,
            "FN": 39,
            "TP": 0,
            "AP": 0.15065385671878562,
            "recall": 0.0,
            "precision": 0.0,
            "specificity": 0.9618320610687023,
            "accuracy": 0.875,
            "expected AP": 0.09027777777777778
        },
        "3": {
            "TN": 399,
            "FP": 1,
            "FN": 30,
            "TP": 2,
            "AP": 0.26520212406521104,
            "recall": 0.0625,
            "precision": 0.6666666666666666,
            "specificity": 0.9975,
            "accuracy": 0.9282407407407407,
            "expected AP": 0.07407407407407407
        }
    }
}
