{
    "overall": {
        "mAP": 0.4326543792617281,
        "accuracy": 0.38875878220140514,
        "expected mAP": 0.25,
        "balanced accuracy": 0.2903635778635779,
        "adjusted balanced accuracy": 0.05381810381810389
    },
    "classwise": {
        "0": {
            "TN": 37,
            "FP": 242,
            "FN": 5,
            "TP": 143,
            "AP": 0.415290487302143,
            "recall": 0.9662162162162162,
            "precision": 0.37142857142857144,
            "specificity": 0.13261648745519714,
            "accuracy": 0.4215456674473068,
            "expected AP": 0.34660421545667447
        },
        "1": {
            "TN": 210,
            "FP": 7,
            "FN": 190,
            "TP": 20,
            "AP": 0.6292096213557872,
            "recall": 0.09523809523809523,
            "precision": 0.7407407407407407,
            "specificity": 0.967741935483871,
            "accuracy": 0.5386416861826698,
            "expected AP": 0.4918032786885246
        },
        "2": {
            "TN": 377,
            "FP": 11,
            "FN": 39,
            "TP": 0,
            "AP": 0.07152720939240217,
            "recall": 0.0,
            "precision": 0.0,
            "specificity": 0.9716494845360825,
            "accuracy": 0.882903981264637,
            "expected AP": 0.09133489461358314
        },
        "3": {
            "TN": 396,
            "FP": 1,
            "FN": 27,
            "TP": 3,
            "AP": 0.6145901989965801,
            "recall": 0.1,
            "precision": 0.75,
            "specificity": 0.9974811083123426,
            "accuracy": 0.9344262295081968,
            "expected AP": 0.0702576112412178
        }
    }
}
