{
    "overall": {
        "mAP": 0.4880804499777617,
        "accuracy": 0.5370370370370371,
        "expected mAP": 0.25,
        "balanced accuracy": 0.3708979666286004
    },
    "classwise": {
        "0": {
            "TN": 157,
            "FP": 127,
            "FN": 34,
            "TP": 114,
            "AP": 0.5500336310563404,
            "recall": 0.7702702702702703,
            "precision": 0.4730290456431535,
            "specificity": 0.5528169014084507,
            "accuracy": 0.6273148148148148,
            "expected AP": 0.3425925925925926
        },
        "1": {
            "TN": 161,
            "FP": 58,
            "FN": 101,
            "TP": 112,
            "AP": 0.6741170362282184,
            "recall": 0.5258215962441315,
            "precision": 0.6588235294117647,
            "specificity": 0.7351598173515982,
            "accuracy": 0.6319444444444444,
            "expected AP": 0.4930555555555556
        },
        "2": {
            "TN": 379,
            "FP": 14,
            "FN": 39,
            "TP": 0,
            "AP": 0.1408532919287841,
            "recall": 0.0,
            "precision": 0.0,
            "specificity": 0.9643765903307888,
            "accuracy": 0.8773148148148148,
            "expected AP": 0.09027777777777778
        },
        "3": {
            "TN": 399,
            "FP": 1,
            "FN": 26,
            "TP": 6,
            "AP": 0.5873178406977038,
            "recall": 0.1875,
            "precision": 0.8571428571428571,
            "specificity": 0.9975,
            "accuracy": 0.9375,
            "expected AP": 0.07407407407407407
        }
    }
}
