{
    "overall": {
        "mAP": 0.45014735120733895,
        "accuracy": 0.3864168618266979,
        "expected mAP": 0.25,
        "balanced accuracy": 0.3115990990990991,
        "adjusted balanced accuracy": 0.08213213213213215
    },
    "classwise": {
        "0": {
            "TN": 33,
            "FP": 246,
            "FN": 3,
            "TP": 145,
            "AP": 0.4825936399892519,
            "recall": 0.9797297297297297,
            "precision": 0.37084398976982097,
            "specificity": 0.11827956989247312,
            "accuracy": 0.4168618266978923,
            "expected AP": 0.34660421545667447
        },
        "1": {
            "TN": 209,
            "FP": 8,
            "FN": 196,
            "TP": 14,
            "AP": 0.5979593401146076,
            "recall": 0.06666666666666667,
            "precision": 0.6363636363636364,
            "specificity": 0.9631336405529954,
            "accuracy": 0.522248243559719,
            "expected AP": 0.4918032786885246
        },
        "2": {
            "TN": 381,
            "FP": 7,
            "FN": 39,
            "TP": 0,
            "AP": 0.07932789140154588,
            "recall": 0.0,
            "precision": 0.0,
            "specificity": 0.9819587628865979,
            "accuracy": 0.892271662763466,
            "expected AP": 0.09133489461358314
        },
        "3": {
            "TN": 396,
            "FP": 1,
            "FN": 24,
            "TP": 6,
            "AP": 0.6407085333239503,
            "recall": 0.2,
            "precision": 0.8571428571428571,
            "specificity": 0.9974811083123426,
            "accuracy": 0.9414519906323185,
            "expected AP": 0.0702576112412178
        }
    }
}
