{
    "overall": {
        "mAP": 0.4784262969391252,
        "accuracy": 0.4731779504254532,
        "expected mAP": 0.25
    },
    "classwise": {
        "0": {
            "TN": 3971,
            "FP": 5187,
            "FN": 594,
            "TP": 3763,
            "AP": 0.5481978103980607,
            "recall": 0.8636676612347945,
            "precision": 0.42044692737430167,
            "specificity": 0.4336099585062241,
            "accuracy": 0.5722530521642619,
            "expected AP": 0.3223825379208287
        },
        "1": {
            "TN": 5423,
            "FP": 1718,
            "FN": 4104,
            "TP": 2270,
            "AP": 0.5637281718094744,
            "recall": 0.3561342955757766,
            "precision": 0.5692076228686058,
            "specificity": 0.7594174485366195,
            "accuracy": 0.5692193858675546,
            "expected AP": 0.4716241213466519
        },
        "2": {
            "TN": 11342,
            "FP": 208,
            "FN": 1851,
            "TP": 114,
            "AP": 0.19087454032986662,
            "recall": 0.05801526717557252,
            "precision": 0.35403726708074534,
            "specificity": 0.981991341991342,
            "accuracy": 0.8476507584165742,
            "expected AP": 0.1453940066592675
        },
        "3": {
            "TN": 12689,
            "FP": 7,
            "FN": 571,
            "TP": 248,
            "AP": 0.6109046652190991,
            "recall": 0.3028083028083028,
            "precision": 0.9725490196078431,
            "specificity": 0.9994486452425961,
            "accuracy": 0.9572327044025157,
            "expected AP": 0.060599334073251944
        }
    }
}
