{
    "TN": 427,
    "FP": 108,
    "FN": 98,
    "TP": 105,
    "AP": 0.4753485954175311,
    "recall": 0.5172413793103449,
    "precision": 0.49295774647887325,
    "specificity": 0.7981308411214953,
    "accuracy": 0.7208672086720868,
    "expected AP": 0.2750677506775068,
    "auroc": 0.7156116200911561,
    "balanced accuracy": 0.6576861102159202,
    "adjusted balanced accuracy": 0.3153722204318403
}
