{
    "TN": 560,
    "FP": 164,
    "FN": 121,
    "TP": 151,
    "AP": 0.46443942477331474,
    "recall": 0.5551470588235294,
    "precision": 0.4793650793650794,
    "specificity": 0.7734806629834254,
    "accuracy": 0.713855421686747,
    "expected AP": 0.27309236947791166,
    "auroc": 0.7160078810529736,
    "balanced accuracy": 0.6643138609034774,
    "adjusted balanced accuracy": 0.3286277218069549
}
