{
    "overall": {
        "mAP": 0.4876573359838415,
        "accuracy": 0.5231481481481481,
        "expected mAP": 0.25,
        "balanced accuracy": 0.3367850685192234
    },
    "classwise": {
        "0": {
            "TN": 162,
            "FP": 122,
            "FN": 35,
            "TP": 113,
            "AP": 0.7145775284956051,
            "recall": 0.7635135135135135,
            "precision": 0.4808510638297872,
            "specificity": 0.5704225352112676,
            "accuracy": 0.6365740740740741,
            "expected AP": 0.3425925925925926
        },
        "1": {
            "TN": 152,
            "FP": 67,
            "FN": 102,
            "TP": 111,
            "AP": 0.7056713625352897,
            "recall": 0.5211267605633803,
            "precision": 0.6235955056179775,
            "specificity": 0.6940639269406392,
            "accuracy": 0.6087962962962963,
            "expected AP": 0.4930555555555556
        },
        "2": {
            "TN": 377,
            "FP": 16,
            "FN": 39,
            "TP": 0,
            "AP": 0.1695556860275052,
            "recall": 0.0,
            "precision": 0.0,
            "specificity": 0.9592875318066157,
            "accuracy": 0.8726851851851852,
            "expected AP": 0.09027777777777778
        },
        "3": {
            "TN": 399,
            "FP": 1,
            "FN": 30,
            "TP": 2,
            "AP": 0.36082476687696596,
            "recall": 0.0625,
            "precision": 0.6666666666666666,
            "specificity": 0.9975,
            "accuracy": 0.9282407407407407,
            "expected AP": 0.07407407407407407
        }
    }
}
