{
    "overall": {
        "mAP": 0.45042192904878053,
        "accuracy": 0.5162037037037037,
        "expected mAP": 0.25,
        "balanced accuracy": 0.3312020206826545
    },
    "classwise": {
        "0": {
            "TN": 165,
            "FP": 119,
            "FN": 39,
            "TP": 109,
            "AP": 0.6830900395004984,
            "recall": 0.7364864864864865,
            "precision": 0.4780701754385965,
            "specificity": 0.5809859154929577,
            "accuracy": 0.6342592592592593,
            "expected AP": 0.3425925925925926
        },
        "1": {
            "TN": 145,
            "FP": 74,
            "FN": 101,
            "TP": 112,
            "AP": 0.6920888552305021,
            "recall": 0.5258215962441315,
            "precision": 0.6021505376344086,
            "specificity": 0.6621004566210046,
            "accuracy": 0.5949074074074074,
            "expected AP": 0.4930555555555556
        },
        "2": {
            "TN": 378,
            "FP": 15,
            "FN": 39,
            "TP": 0,
            "AP": 0.15666311089580234,
            "recall": 0.0,
            "precision": 0.0,
            "specificity": 0.9618320610687023,
            "accuracy": 0.875,
            "expected AP": 0.09027777777777778
        },
        "3": {
            "TN": 399,
            "FP": 1,
            "FN": 30,
            "TP": 2,
            "AP": 0.2698457105683193,
            "recall": 0.0625,
            "precision": 0.6666666666666666,
            "specificity": 0.9975,
            "accuracy": 0.9282407407407407,
            "expected AP": 0.07407407407407407
        }
    }
}
