{
    "overall": {
        "mAP": 0.5091379739986498,
        "accuracy": 0.5255641879393267,
        "expected mAP": 0.25
    },
    "classwise": {
        "0": {
            "TN": 5095,
            "FP": 4063,
            "FN": 1011,
            "TP": 3346,
            "AP": 0.5656658119973852,
            "recall": 0.7679596052329585,
            "precision": 0.45161290322580644,
            "specificity": 0.5563441799519546,
            "accuracy": 0.6245652978172401,
            "expected AP": 0.3223825379208287
        },
        "1": {
            "TN": 5145,
            "FP": 1996,
            "FN": 3165,
            "TP": 3209,
            "AP": 0.6159493226111799,
            "recall": 0.5034515218073423,
            "precision": 0.6165225744476465,
            "specificity": 0.7204873267049433,
            "accuracy": 0.6181280059193489,
            "expected AP": 0.4716241213466519
        },
        "2": {
            "TN": 11259,
            "FP": 291,
            "FN": 1754,
            "TP": 211,
            "AP": 0.2675115899219155,
            "recall": 0.10737913486005089,
            "precision": 0.4203187250996016,
            "specificity": 0.9748051948051948,
            "accuracy": 0.8486866444691084,
            "expected AP": 0.1453940066592675
        },
        "3": {
            "TN": 12634,
            "FP": 62,
            "FN": 482,
            "TP": 337,
            "AP": 0.5874251714641185,
            "recall": 0.41147741147741146,
            "precision": 0.8446115288220551,
            "specificity": 0.9951165721487083,
            "accuracy": 0.959748427672956,
            "expected AP": 0.060599334073251944
        }
    }
}
