{
    "overall": {
        "mAP": 0.4035708555745123,
        "accuracy": 0.6640394088669951,
        "expected mAP": 0.25,
        "balanced accuracy": 0.4582043356060444,
        "adjusted balanced accuracy": 0.2776057808080592
    },
    "classwise": {
        "0": {
            "TN": 207,
            "FP": 100,
            "FN": 133,
            "TP": 575,
            "AP": 0.909249156041513,
            "recall": 0.8121468926553672,
            "precision": 0.8518518518518519,
            "specificity": 0.6742671009771987,
            "accuracy": 0.7704433497536946,
            "expected AP": 0.6975369458128079
        },
        "1": {
            "TN": 647,
            "FP": 185,
            "FN": 112,
            "TP": 71,
            "AP": 0.25033036577459206,
            "recall": 0.3879781420765027,
            "precision": 0.27734375,
            "specificity": 0.7776442307692307,
            "accuracy": 0.7073891625615764,
            "expected AP": 0.18029556650246306
        },
        "2": {
            "TN": 896,
            "FP": 15,
            "FN": 85,
            "TP": 19,
            "AP": 0.3263228187649386,
            "recall": 0.18269230769230768,
            "precision": 0.5588235294117647,
            "specificity": 0.9835345773874863,
            "accuracy": 0.9014778325123153,
            "expected AP": 0.10246305418719212
        },
        "3": {
            "TN": 954,
            "FP": 41,
            "FN": 11,
            "TP": 9,
            "AP": 0.1283810817170055,
            "recall": 0.45,
            "precision": 0.18,
            "specificity": 0.9587939698492463,
            "accuracy": 0.948768472906404,
            "expected AP": 0.019704433497536946
        }
    }
}
