{
    "TN": 11839,
    "FP": 504,
    "FN": 1105,
    "TP": 67,
    "AP": 0.09439560756712424,
    "recall": 0.05716723549488054,
    "precision": 0.11733800350262696,
    "specificity": 0.9591671392692214,
    "accuracy": 0.8809470958194598,
    "expected AP": 0.08671846096929338,
    "auroc": 0.5090223652764732,
    "balanced accuracy": 0.5081671873820509,
    "adjusted balanced accuracy": 0.016334374764101822
}
