{
    "overall": {
        "mAP": 0.4542625855003838,
        "accuracy": 0.5115740740740741,
        "expected mAP": 0.25,
        "balanced accuracy": 0.3314320041872859
    },
    "classwise": {
        "0": {
            "TN": 153,
            "FP": 131,
            "FN": 34,
            "TP": 114,
            "AP": 0.6892052226534015,
            "recall": 0.7702702702702703,
            "precision": 0.46530612244897956,
            "specificity": 0.5387323943661971,
            "accuracy": 0.6180555555555556,
            "expected AP": 0.3425925925925926
        },
        "1": {
            "TN": 154,
            "FP": 65,
            "FN": 108,
            "TP": 105,
            "AP": 0.6801530596426368,
            "recall": 0.49295774647887325,
            "precision": 0.6176470588235294,
            "specificity": 0.7031963470319634,
            "accuracy": 0.5995370370370371,
            "expected AP": 0.4930555555555556
        },
        "2": {
            "TN": 379,
            "FP": 14,
            "FN": 39,
            "TP": 0,
            "AP": 0.15418451100431935,
            "recall": 0.0,
            "precision": 0.0,
            "specificity": 0.9643765903307888,
            "accuracy": 0.8773148148148148,
            "expected AP": 0.09027777777777778
        },
        "3": {
            "TN": 399,
            "FP": 1,
            "FN": 30,
            "TP": 2,
            "AP": 0.2935075487011777,
            "recall": 0.0625,
            "precision": 0.6666666666666666,
            "specificity": 0.9975,
            "accuracy": 0.9282407407407407,
            "expected AP": 0.07407407407407407
        }
    }
}
