{
    "overall": {
        "mAP": 0.5115294855819724,
        "accuracy": 0.41203703703703703,
        "expected mAP": 0.25,
        "balanced accuracy": 0.3260125222053039
    },
    "classwise": {
        "0": {
            "TN": 56,
            "FP": 228,
            "FN": 11,
            "TP": 137,
            "AP": 0.6564788587896252,
            "recall": 0.9256756756756757,
            "precision": 0.37534246575342467,
            "specificity": 0.19718309859154928,
            "accuracy": 0.44675925925925924,
            "expected AP": 0.3425925925925926
        },
        "1": {
            "TN": 202,
            "FP": 17,
            "FN": 179,
            "TP": 34,
            "AP": 0.6771735593391798,
            "recall": 0.1596244131455399,
            "precision": 0.6666666666666666,
            "specificity": 0.9223744292237442,
            "accuracy": 0.5462962962962963,
            "expected AP": 0.4930555555555556
        },
        "2": {
            "TN": 386,
            "FP": 7,
            "FN": 39,
            "TP": 0,
            "AP": 0.1797162295448107,
            "recall": 0.0,
            "precision": 0.0,
            "specificity": 0.9821882951653944,
            "accuracy": 0.8935185185185185,
            "expected AP": 0.09027777777777778
        },
        "3": {
            "TN": 398,
            "FP": 2,
            "FN": 25,
            "TP": 7,
            "AP": 0.5327492946542741,
            "recall": 0.21875,
            "precision": 0.7777777777777778,
            "specificity": 0.995,
            "accuracy": 0.9375,
            "expected AP": 0.07407407407407407
        }
    }
}
