{
    "overall": {
        "mAP": 0.4389822565942004,
        "accuracy": 0.5092592592592593,
        "expected mAP": 0.25,
        "balanced accuracy": 0.3276808939220911
    },
    "classwise": {
        "0": {
            "TN": 159,
            "FP": 125,
            "FN": 39,
            "TP": 109,
            "AP": 0.6776190645114089,
            "recall": 0.7364864864864865,
            "precision": 0.4658119658119658,
            "specificity": 0.5598591549295775,
            "accuracy": 0.6203703703703703,
            "expected AP": 0.3425925925925926
        },
        "1": {
            "TN": 147,
            "FP": 72,
            "FN": 104,
            "TP": 109,
            "AP": 0.6742190542146189,
            "recall": 0.5117370892018779,
            "precision": 0.6022099447513812,
            "specificity": 0.6712328767123288,
            "accuracy": 0.5925925925925926,
            "expected AP": 0.4930555555555556
        },
        "2": {
            "TN": 379,
            "FP": 14,
            "FN": 39,
            "TP": 0,
            "AP": 0.14693277585068576,
            "recall": 0.0,
            "precision": 0.0,
            "specificity": 0.9643765903307888,
            "accuracy": 0.8773148148148148,
            "expected AP": 0.09027777777777778
        },
        "3": {
            "TN": 399,
            "FP": 1,
            "FN": 30,
            "TP": 2,
            "AP": 0.2571581318000883,
            "recall": 0.0625,
            "precision": 0.6666666666666666,
            "specificity": 0.9975,
            "accuracy": 0.9282407407407407,
            "expected AP": 0.07407407407407407
        }
    }
}
