{
    "overall": {
        "mAP": 0.473153372836854,
        "accuracy": 0.4238875878220141,
        "expected mAP": 0.25,
        "balanced accuracy": 0.34658944658944657,
        "adjusted balanced accuracy": 0.12878592878592876
    },
    "classwise": {
        "0": {
            "TN": 63,
            "FP": 216,
            "FN": 14,
            "TP": 134,
            "AP": 0.4839377371065046,
            "recall": 0.9054054054054054,
            "precision": 0.38285714285714284,
            "specificity": 0.22580645161290322,
            "accuracy": 0.4613583138173302,
            "expected AP": 0.34660421545667447
        },
        "1": {
            "TN": 193,
            "FP": 24,
            "FN": 172,
            "TP": 38,
            "AP": 0.5831806792179497,
            "recall": 0.18095238095238095,
            "precision": 0.6129032258064516,
            "specificity": 0.8894009216589862,
            "accuracy": 0.5409836065573771,
            "expected AP": 0.4918032786885246
        },
        "2": {
            "TN": 383,
            "FP": 5,
            "FN": 39,
            "TP": 0,
            "AP": 0.12422624546961894,
            "recall": 0.0,
            "precision": 0.0,
            "specificity": 0.9871134020618557,
            "accuracy": 0.8969555035128806,
            "expected AP": 0.09133489461358314
        },
        "3": {
            "TN": 396,
            "FP": 1,
            "FN": 21,
            "TP": 9,
            "AP": 0.7012688295533428,
            "recall": 0.3,
            "precision": 0.9,
            "specificity": 0.9974811083123426,
            "accuracy": 0.9484777517564403,
            "expected AP": 0.0702576112412178
        }
    }
}
