{
    "overall": {
        "mAP": 0.4538735364606212,
        "accuracy": 0.4791666666666667,
        "expected mAP": 0.25,
        "balanced accuracy": 0.313969118766654
    },
    "classwise": {
        "0": {
            "TN": 137,
            "FP": 147,
            "FN": 36,
            "TP": 112,
            "AP": 0.647938326442644,
            "recall": 0.7567567567567568,
            "precision": 0.43243243243243246,
            "specificity": 0.4823943661971831,
            "accuracy": 0.5763888888888888,
            "expected AP": 0.3425925925925926
        },
        "1": {
            "TN": 152,
            "FP": 67,
            "FN": 120,
            "TP": 93,
            "AP": 0.6551183161339932,
            "recall": 0.43661971830985913,
            "precision": 0.58125,
            "specificity": 0.6940639269406392,
            "accuracy": 0.5671296296296297,
            "expected AP": 0.4930555555555556
        },
        "2": {
            "TN": 383,
            "FP": 10,
            "FN": 39,
            "TP": 0,
            "AP": 0.1673263728899819,
            "recall": 0.0,
            "precision": 0.0,
            "specificity": 0.9745547073791349,
            "accuracy": 0.8865740740740741,
            "expected AP": 0.09027777777777778
        },
        "3": {
            "TN": 399,
            "FP": 1,
            "FN": 30,
            "TP": 2,
            "AP": 0.3451111303758656,
            "recall": 0.0625,
            "precision": 0.6666666666666666,
            "specificity": 0.9975,
            "accuracy": 0.9282407407407407,
            "expected AP": 0.07407407407407407
        }
    }
}
