{
    "TN": 404,
    "FP": 164,
    "FN": 78,
    "TP": 141,
    "AP": 0.5399452587640335,
    "recall": 0.6438356164383562,
    "precision": 0.46229508196721314,
    "specificity": 0.7112676056338029,
    "accuracy": 0.6925031766200762,
    "expected AP": 0.2782719186785261,
    "auroc": 0.765933500546659,
    "balanced accuracy": 0.6775516110360795,
    "adjusted balanced accuracy": 0.35510322207215905
}
