{
    "TN": 97,
    "FP": 71,
    "FN": 84,
    "TP": 127,
    "AP": 0.6697132798779473,
    "recall": 0.6018957345971564,
    "precision": 0.6414141414141414,
    "specificity": 0.5773809523809523,
    "accuracy": 0.5910290237467019,
    "expected AP": 0.5567282321899736,
    "auroc": 0.6346761453396524,
    "balanced accuracy": 0.5896383434890544,
    "adjusted balanced accuracy": 0.17927668697810883
}
