{
    "overall": {
        "mAP": 0.45743514540993524,
        "accuracy": 0.40749414519906324,
        "expected mAP": 0.25,
        "balanced accuracy": 0.31383526383526383,
        "adjusted balanced accuracy": 0.08511368511368511
    },
    "classwise": {
        "0": {
            "TN": 68,
            "FP": 211,
            "FN": 20,
            "TP": 128,
            "AP": 0.4546162660373083,
            "recall": 0.8648648648648649,
            "precision": 0.3775811209439528,
            "specificity": 0.24372759856630824,
            "accuracy": 0.45901639344262296,
            "expected AP": 0.34660421545667447
        },
        "1": {
            "TN": 180,
            "FP": 37,
            "FN": 170,
            "TP": 40,
            "AP": 0.5347846782280883,
            "recall": 0.19047619047619047,
            "precision": 0.5194805194805194,
            "specificity": 0.8294930875576036,
            "accuracy": 0.5152224824355972,
            "expected AP": 0.4918032786885246
        },
        "2": {
            "TN": 383,
            "FP": 5,
            "FN": 39,
            "TP": 0,
            "AP": 0.12100409847231154,
            "recall": 0.0,
            "precision": 0.0,
            "specificity": 0.9871134020618557,
            "accuracy": 0.8969555035128806,
            "expected AP": 0.09133489461358314
        },
        "3": {
            "TN": 397,
            "FP": 0,
            "FN": 24,
            "TP": 6,
            "AP": 0.719335538902033,
            "recall": 0.2,
            "precision": 1.0,
            "specificity": 1.0,
            "accuracy": 0.9437939110070258,
            "expected AP": 0.0702576112412178
        }
    }
}
