{
    "overall": {
        "mAP": 0.46987856058147004,
        "accuracy": 0.4987051424343322,
        "expected mAP": 0.25
    },
    "classwise": {
        "0": {
            "TN": 4408,
            "FP": 4750,
            "FN": 655,
            "TP": 3702,
            "AP": 0.5615397176767992,
            "recall": 0.8496672022033509,
            "precision": 0.4380028395646001,
            "specificity": 0.48132780082987553,
            "accuracy": 0.6000739918608953,
            "expected AP": 0.3223825379208287
        },
        "1": {
            "TN": 5377,
            "FP": 1764,
            "FN": 3671,
            "TP": 2703,
            "AP": 0.5725779452701127,
            "recall": 0.4240665202384688,
            "precision": 0.6051040967092008,
            "specificity": 0.7529757737011623,
            "accuracy": 0.5978542360340362,
            "expected AP": 0.4716241213466519
        },
        "2": {
            "TN": 11342,
            "FP": 208,
            "FN": 1869,
            "TP": 96,
            "AP": 0.19260025817023665,
            "recall": 0.04885496183206107,
            "precision": 0.3157894736842105,
            "specificity": 0.981991341991342,
            "accuracy": 0.8463189049204588,
            "expected AP": 0.1453940066592675
        },
        "3": {
            "TN": 12643,
            "FP": 53,
            "FN": 580,
            "TP": 239,
            "AP": 0.5527963212087317,
            "recall": 0.29181929181929184,
            "precision": 0.8184931506849316,
            "specificity": 0.995825456836799,
            "accuracy": 0.9531631520532742,
            "expected AP": 0.060599334073251944
        }
    }
}
