{
    "overall": {
        "mAP": 0.4831538626037861,
        "accuracy": 0.48124306326304106,
        "expected mAP": 0.25
    },
    "classwise": {
        "0": {
            "TN": 4189,
            "FP": 4969,
            "FN": 615,
            "TP": 3742,
            "AP": 0.5771728961267857,
            "recall": 0.8588478310764287,
            "precision": 0.4295718057628286,
            "specificity": 0.45741428259445294,
            "accuracy": 0.5868294487606364,
            "expected AP": 0.3223825379208287
        },
        "1": {
            "TN": 5362,
            "FP": 1779,
            "FN": 3975,
            "TP": 2399,
            "AP": 0.5677507710159058,
            "recall": 0.37637276435519296,
            "precision": 0.5741981809478219,
            "specificity": 0.7508752275591654,
            "accuracy": 0.5742508324084351,
            "expected AP": 0.4716241213466519
        },
        "2": {
            "TN": 11297,
            "FP": 253,
            "FN": 1853,
            "TP": 112,
            "AP": 0.18622421431546143,
            "recall": 0.056997455470737916,
            "precision": 0.30684931506849317,
            "specificity": 0.9780952380952381,
            "accuracy": 0.844173140954495,
            "expected AP": 0.1453940066592675
        },
        "3": {
            "TN": 12686,
            "FP": 10,
            "FN": 568,
            "TP": 251,
            "AP": 0.6014675689569916,
            "recall": 0.3064713064713065,
            "precision": 0.9616858237547893,
            "specificity": 0.9992123503465659,
            "accuracy": 0.9572327044025157,
            "expected AP": 0.060599334073251944
        }
    }
}
