{
    "TN": 389,
    "FP": 5,
    "FN": 28,
    "TP": 5,
    "AP": 0.1763196918853737,
    "recall": 0.15151515151515152,
    "precision": 0.5,
    "specificity": 0.9873096446700508,
    "accuracy": 0.9227166276346604,
    "expected AP": 0.07728337236533958,
    "auroc": 0.6317874173204123,
    "balanced accuracy": 0.5694123980926011,
    "adjusted balanced accuracy": 0.13882479618520227
}
