{
    "TN": 136,
    "FP": 32,
    "FN": 145,
    "TP": 66,
    "AP": 0.7004113586938893,
    "recall": 0.3127962085308057,
    "precision": 0.673469387755102,
    "specificity": 0.8095238095238095,
    "accuracy": 0.5329815303430079,
    "expected AP": 0.5567282321899736,
    "auroc": 0.6733243060257278,
    "balanced accuracy": 0.5611600090273077,
    "adjusted balanced accuracy": 0.12232001805461534
}
