{
    "overall": {
        "mAP": 0.4821689998826343,
        "accuracy": 0.5625,
        "expected mAP": 0.25,
        "balanced accuracy": 0.36892228936683163
    },
    "classwise": {
        "0": {
            "TN": 200,
            "FP": 84,
            "FN": 50,
            "TP": 98,
            "AP": 0.6071896337008529,
            "recall": 0.6621621621621622,
            "precision": 0.5384615384615384,
            "specificity": 0.704225352112676,
            "accuracy": 0.6898148148148148,
            "expected AP": 0.3425925925925926
        },
        "1": {
            "TN": 129,
            "FP": 90,
            "FN": 73,
            "TP": 140,
            "AP": 0.7058522702164067,
            "recall": 0.6572769953051644,
            "precision": 0.6086956521739131,
            "specificity": 0.589041095890411,
            "accuracy": 0.6226851851851852,
            "expected AP": 0.4930555555555556
        },
        "2": {
            "TN": 379,
            "FP": 14,
            "FN": 39,
            "TP": 0,
            "AP": 0.12170694014935615,
            "recall": 0.0,
            "precision": 0.0,
            "specificity": 0.9643765903307888,
            "accuracy": 0.8773148148148148,
            "expected AP": 0.09027777777777778
        },
        "3": {
            "TN": 399,
            "FP": 1,
            "FN": 27,
            "TP": 5,
            "AP": 0.4939271554639214,
            "recall": 0.15625,
            "precision": 0.8333333333333334,
            "specificity": 0.9975,
            "accuracy": 0.9351851851851852,
            "expected AP": 0.07407407407407407
        }
    }
}
