{
    "TN": 114,
    "FP": 54,
    "FN": 111,
    "TP": 100,
    "AP": 0.6482857120853798,
    "recall": 0.47393364928909953,
    "precision": 0.6493506493506493,
    "specificity": 0.6785714285714286,
    "accuracy": 0.5646437994722955,
    "expected AP": 0.5567282321899736,
    "auroc": 0.625211577522004,
    "balanced accuracy": 0.5762525389302641,
    "adjusted balanced accuracy": 0.15250507786052814
}
