{
    "TN": 380,
    "FP": 14,
    "FN": 32,
    "TP": 1,
    "AP": 0.11417257690460715,
    "recall": 0.030303030303030304,
    "precision": 0.06666666666666667,
    "specificity": 0.9644670050761421,
    "accuracy": 0.892271662763466,
    "expected AP": 0.07728337236533958,
    "auroc": 0.5563759421627441,
    "balanced accuracy": 0.4973850176895862,
    "adjusted balanced accuracy": -0.005229964620827587
}
