{
    "overall": {
        "mAP": 0.4772451951226913,
        "accuracy": 0.4679245283018868,
        "expected mAP": 0.25
    },
    "classwise": {
        "0": {
            "TN": 3925,
            "FP": 5233,
            "FN": 597,
            "TP": 3760,
            "AP": 0.5525975371819136,
            "recall": 0.8629791140693137,
            "precision": 0.4181029689758701,
            "specificity": 0.4285870277353134,
            "accuracy": 0.5686274509803921,
            "expected AP": 0.3223825379208287
        },
        "1": {
            "TN": 5413,
            "FP": 1728,
            "FN": 4150,
            "TP": 2224,
            "AP": 0.5614377204152371,
            "recall": 0.34891747725133354,
            "precision": 0.562753036437247,
            "specificity": 0.7580170844419549,
            "accuracy": 0.5650758416574176,
            "expected AP": 0.4716241213466519
        },
        "2": {
            "TN": 11330,
            "FP": 220,
            "FN": 1867,
            "TP": 98,
            "AP": 0.18423945971857553,
            "recall": 0.049872773536895676,
            "precision": 0.3081761006289308,
            "specificity": 0.9809523809523809,
            "accuracy": 0.8455789863115057,
            "expected AP": 0.1453940066592675
        },
        "3": {
            "TN": 12686,
            "FP": 10,
            "FN": 577,
            "TP": 242,
            "AP": 0.6107060631750392,
            "recall": 0.2954822954822955,
            "precision": 0.9603174603174603,
            "specificity": 0.9992123503465659,
            "accuracy": 0.956566777654458,
            "expected AP": 0.060599334073251944
        }
    }
}
