{
    "overall": {
        "mAP": 0.4807146764476877,
        "accuracy": 0.41920374707259955,
        "expected mAP": 0.25,
        "balanced accuracy": 0.33656692406692407,
        "adjusted balanced accuracy": 0.11542256542256542
    },
    "classwise": {
        "0": {
            "TN": 62,
            "FP": 217,
            "FN": 15,
            "TP": 133,
            "AP": 0.5090123385805307,
            "recall": 0.8986486486486487,
            "precision": 0.38,
            "specificity": 0.2222222222222222,
            "accuracy": 0.4566744730679157,
            "expected AP": 0.34660421545667447
        },
        "1": {
            "TN": 191,
            "FP": 26,
            "FN": 172,
            "TP": 38,
            "AP": 0.5951671293465899,
            "recall": 0.18095238095238095,
            "precision": 0.59375,
            "specificity": 0.880184331797235,
            "accuracy": 0.5362997658079626,
            "expected AP": 0.4918032786885246
        },
        "2": {
            "TN": 383,
            "FP": 5,
            "FN": 39,
            "TP": 0,
            "AP": 0.12777279138807007,
            "recall": 0.0,
            "precision": 0.0,
            "specificity": 0.9871134020618557,
            "accuracy": 0.8969555035128806,
            "expected AP": 0.09133489461358314
        },
        "3": {
            "TN": 397,
            "FP": 0,
            "FN": 22,
            "TP": 8,
            "AP": 0.6909064464755602,
            "recall": 0.26666666666666666,
            "precision": 1.0,
            "specificity": 1.0,
            "accuracy": 0.9484777517564403,
            "expected AP": 0.0702576112412178
        }
    }
}
