{
    "TN": 136,
    "FP": 32,
    "FN": 141,
    "TP": 70,
    "AP": 0.679754723510686,
    "recall": 0.33175355450236965,
    "precision": 0.6862745098039216,
    "specificity": 0.8095238095238095,
    "accuracy": 0.5435356200527705,
    "expected AP": 0.5567282321899736,
    "auroc": 0.6617016474836379,
    "balanced accuracy": 0.5706386820130895,
    "adjusted balanced accuracy": 0.14127736402617908
}
