{
    "TN": 81,
    "FP": 87,
    "FN": 67,
    "TP": 144,
    "AP": 0.6941115754993695,
    "recall": 0.6824644549763034,
    "precision": 0.6233766233766234,
    "specificity": 0.48214285714285715,
    "accuracy": 0.5936675461741425,
    "expected AP": 0.5567282321899736,
    "auroc": 0.6368201308959602,
    "balanced accuracy": 0.5823036560595802,
    "adjusted balanced accuracy": 0.16460731211916046
}
