{
    "overall": {
        "mAP": 0.45013536151171263,
        "accuracy": 0.47540983606557374,
        "expected mAP": 0.25,
        "balanced accuracy": 0.34486808236808236,
        "adjusted balanced accuracy": 0.12649077649077647
    },
    "classwise": {
        "0": {
            "TN": 103,
            "FP": 176,
            "FN": 27,
            "TP": 121,
            "AP": 0.47414017709690487,
            "recall": 0.8175675675675675,
            "precision": 0.4074074074074074,
            "specificity": 0.36917562724014336,
            "accuracy": 0.5245901639344263,
            "expected AP": 0.34660421545667447
        },
        "1": {
            "TN": 174,
            "FP": 43,
            "FN": 134,
            "TP": 76,
            "AP": 0.6185759933274959,
            "recall": 0.3619047619047619,
            "precision": 0.6386554621848739,
            "specificity": 0.8018433179723502,
            "accuracy": 0.585480093676815,
            "expected AP": 0.4918032786885246
        },
        "2": {
            "TN": 384,
            "FP": 4,
            "FN": 39,
            "TP": 0,
            "AP": 0.13603097728624444,
            "recall": 0.0,
            "precision": 0.0,
            "specificity": 0.9896907216494846,
            "accuracy": 0.8992974238875878,
            "expected AP": 0.09133489461358314
        },
        "3": {
            "TN": 396,
            "FP": 1,
            "FN": 24,
            "TP": 6,
            "AP": 0.5717942983362053,
            "recall": 0.2,
            "precision": 0.8571428571428571,
            "specificity": 0.9974811083123426,
            "accuracy": 0.9414519906323185,
            "expected AP": 0.0702576112412178
        }
    }
}
