{
    "overall": {
        "mAP": 0.3615310145642766,
        "accuracy": 0.6137931034482759,
        "expected mAP": 0.25,
        "balanced accuracy": 0.40151292916123427,
        "adjusted balanced accuracy": 0.2020172388816457
    },
    "classwise": {
        "0": {
            "TN": 170,
            "FP": 137,
            "FN": 165,
            "TP": 543,
            "AP": 0.8465661045295108,
            "recall": 0.7669491525423728,
            "precision": 0.7985294117647059,
            "specificity": 0.5537459283387622,
            "accuracy": 0.7024630541871921,
            "expected AP": 0.6975369458128079
        },
        "1": {
            "TN": 639,
            "FP": 193,
            "FN": 122,
            "TP": 61,
            "AP": 0.2265084417797708,
            "recall": 0.3333333333333333,
            "precision": 0.24015748031496062,
            "specificity": 0.7680288461538461,
            "accuracy": 0.6896551724137931,
            "expected AP": 0.18029556650246306
        },
        "2": {
            "TN": 873,
            "FP": 38,
            "FN": 93,
            "TP": 11,
            "AP": 0.16719346656604445,
            "recall": 0.10576923076923077,
            "precision": 0.22448979591836735,
            "specificity": 0.9582875960482986,
            "accuracy": 0.870935960591133,
            "expected AP": 0.10246305418719212
        },
        "3": {
            "TN": 971,
            "FP": 24,
            "FN": 12,
            "TP": 8,
            "AP": 0.20585604538178068,
            "recall": 0.4,
            "precision": 0.25,
            "specificity": 0.9758793969849247,
            "accuracy": 0.9645320197044335,
            "expected AP": 0.019704433497536946
        }
    }
}
