{
    "overall": {
        "mAP": 0.4825600655436132,
        "accuracy": 0.5052164261931188,
        "expected mAP": 0.25
    },
    "classwise": {
        "0": {
            "TN": 4627,
            "FP": 4531,
            "FN": 911,
            "TP": 3446,
            "AP": 0.5620165850938778,
            "recall": 0.790911177415653,
            "precision": 0.43199197693368435,
            "specificity": 0.5052413190652981,
            "accuracy": 0.5973362930077691,
            "expected AP": 0.3223825379208287
        },
        "1": {
            "TN": 5267,
            "FP": 1874,
            "FN": 3414,
            "TP": 2960,
            "AP": 0.5927826173019677,
            "recall": 0.4643865704424223,
            "precision": 0.6123293338849813,
            "specificity": 0.7375717686598515,
            "accuracy": 0.6087310395856456,
            "expected AP": 0.4716241213466519
        },
        "2": {
            "TN": 11288,
            "FP": 262,
            "FN": 1791,
            "TP": 174,
            "AP": 0.20838733299310905,
            "recall": 0.08854961832061069,
            "precision": 0.39908256880733944,
            "specificity": 0.9773160173160174,
            "accuracy": 0.848094709581946,
            "expected AP": 0.1453940066592675
        },
        "3": {
            "TN": 12676,
            "FP": 20,
            "FN": 571,
            "TP": 248,
            "AP": 0.5670537267854983,
            "recall": 0.3028083028083028,
            "precision": 0.9253731343283582,
            "specificity": 0.9984247006931317,
            "accuracy": 0.9562708102108768,
            "expected AP": 0.060599334073251944
        }
    }
}
