{
    "overall": {
        "mAP": 0.4946304133047115,
        "accuracy": 0.6233933161953727,
        "expected mAP": 0.25,
        "balanced accuracy": 0.47297580660278227,
        "adjusted balanced accuracy": 0.2973010754703764
    },
    "classwise": {
        "0": {
            "TN": 638,
            "FP": 216,
            "FN": 395,
            "TP": 1085,
            "AP": 0.8548380115829145,
            "recall": 0.7331081081081081,
            "precision": 0.8339738662567256,
            "specificity": 0.747072599531616,
            "accuracy": 0.7382176520994002,
            "expected AP": 0.6341045415595544
        },
        "1": {
            "TN": 1318,
            "FP": 574,
            "FN": 175,
            "TP": 267,
            "AP": 0.3696573118069623,
            "recall": 0.6040723981900452,
            "precision": 0.31747919143876335,
            "specificity": 0.6966173361522199,
            "accuracy": 0.6790916880891174,
            "expected AP": 0.1893744644387318
        },
        "2": {
            "TN": 1918,
            "FP": 55,
            "FN": 274,
            "TP": 87,
            "AP": 0.45239556969222466,
            "recall": 0.2409972299168975,
            "precision": 0.6126760563380281,
            "specificity": 0.9721236695387735,
            "accuracy": 0.8590402742073693,
            "expected AP": 0.1546700942587832
        },
        "3": {
            "TN": 2249,
            "FP": 34,
            "FN": 35,
            "TP": 16,
            "AP": 0.3016307601367447,
            "recall": 0.3137254901960784,
            "precision": 0.32,
            "specificity": 0.9851073149364871,
            "accuracy": 0.9704370179948586,
            "expected AP": 0.021850899742930592
        }
    }
}
