{
    "overall": {
        "mAP": 0.4378059382898104,
        "accuracy": 0.5,
        "expected mAP": 0.25,
        "balanced accuracy": 0.32401701877934275
    },
    "classwise": {
        "0": {
            "TN": 151,
            "FP": 133,
            "FN": 37,
            "TP": 111,
            "AP": 0.6681586155259172,
            "recall": 0.75,
            "precision": 0.45491803278688525,
            "specificity": 0.5316901408450704,
            "accuracy": 0.6064814814814815,
            "expected AP": 0.3425925925925926
        },
        "1": {
            "TN": 151,
            "FP": 68,
            "FN": 110,
            "TP": 103,
            "AP": 0.6773603512643399,
            "recall": 0.4835680751173709,
            "precision": 0.6023391812865497,
            "specificity": 0.6894977168949772,
            "accuracy": 0.5879629629629629,
            "expected AP": 0.4930555555555556
        },
        "2": {
            "TN": 379,
            "FP": 14,
            "FN": 39,
            "TP": 0,
            "AP": 0.14757475112662255,
            "recall": 0.0,
            "precision": 0.0,
            "specificity": 0.9643765903307888,
            "accuracy": 0.8773148148148148,
            "expected AP": 0.09027777777777778
        },
        "3": {
            "TN": 399,
            "FP": 1,
            "FN": 30,
            "TP": 2,
            "AP": 0.258130035242362,
            "recall": 0.0625,
            "precision": 0.6666666666666666,
            "specificity": 0.9975,
            "accuracy": 0.9282407407407407,
            "expected AP": 0.07407407407407407
        }
    }
}
