{
    "overall": {
        "mAP": 0.48274774587280167,
        "accuracy": 0.48849426563078063,
        "expected mAP": 0.25
    },
    "classwise": {
        "0": {
            "TN": 4339,
            "FP": 4819,
            "FN": 743,
            "TP": 3614,
            "AP": 0.5550553196707877,
            "recall": 0.8294698186825797,
            "precision": 0.42855448831969645,
            "specificity": 0.4737934046735095,
            "accuracy": 0.588457269700333,
            "expected AP": 0.3223825379208287
        },
        "1": {
            "TN": 5316,
            "FP": 1825,
            "FN": 3780,
            "TP": 2594,
            "AP": 0.5741992371856047,
            "recall": 0.40696579855663634,
            "precision": 0.587010635890473,
            "specificity": 0.7444335527237081,
            "accuracy": 0.585275619681835,
            "expected AP": 0.4716241213466519
        },
        "2": {
            "TN": 11300,
            "FP": 250,
            "FN": 1834,
            "TP": 131,
            "AP": 0.20440349280510514,
            "recall": 0.06666666666666667,
            "precision": 0.3438320209973753,
            "specificity": 0.9783549783549783,
            "accuracy": 0.8458009618941916,
            "expected AP": 0.1453940066592675
        },
        "3": {
            "TN": 12677,
            "FP": 19,
            "FN": 556,
            "TP": 263,
            "AP": 0.597332933829709,
            "recall": 0.32112332112332115,
            "precision": 0.9326241134751773,
            "specificity": 0.9985034656584751,
            "accuracy": 0.9574546799852016,
            "expected AP": 0.060599334073251944
        }
    }
}
