{
    "overall": {
        "mAP": 0.48627894434582514,
        "accuracy": 0.4715501294857566,
        "expected mAP": 0.25
    },
    "classwise": {
        "0": {
            "TN": 3961,
            "FP": 5197,
            "FN": 570,
            "TP": 3787,
            "AP": 0.5591189146128381,
            "recall": 0.8691760385586412,
            "precision": 0.4215271593944791,
            "specificity": 0.43251801703428694,
            "accuracy": 0.5732889382167962,
            "expected AP": 0.3223825379208287
        },
        "1": {
            "TN": 5439,
            "FP": 1702,
            "FN": 4121,
            "TP": 2253,
            "AP": 0.5676516294050911,
            "recall": 0.35346721054283026,
            "precision": 0.5696586599241467,
            "specificity": 0.7616580310880829,
            "accuracy": 0.5691453940066593,
            "expected AP": 0.4716241213466519
        },
        "2": {
            "TN": 11313,
            "FP": 237,
            "FN": 1858,
            "TP": 107,
            "AP": 0.1980669181527235,
            "recall": 0.0544529262086514,
            "precision": 0.311046511627907,
            "specificity": 0.9794805194805195,
            "accuracy": 0.8449870514243433,
            "expected AP": 0.1453940066592675
        },
        "3": {
            "TN": 12690,
            "FP": 6,
            "FN": 593,
            "TP": 226,
            "AP": 0.6202783152126479,
            "recall": 0.27594627594627597,
            "precision": 0.9741379310344828,
            "specificity": 0.9995274102079396,
            "accuracy": 0.9556788753237144,
            "expected AP": 0.060599334073251944
        }
    }
}
