{
    "TN": 118,
    "FP": 50,
    "FN": 123,
    "TP": 88,
    "AP": 0.639636082154065,
    "recall": 0.41706161137440756,
    "precision": 0.6376811594202898,
    "specificity": 0.7023809523809523,
    "accuracy": 0.5435356200527705,
    "expected AP": 0.5567282321899736,
    "auroc": 0.6221789663732791,
    "balanced accuracy": 0.55972128187768,
    "adjusted balanced accuracy": 0.11944256375536
}
