{
    "overall": {
        "mAP": 0.5041096562868723,
        "accuracy": 0.4861111111111111,
        "expected mAP": 0.25,
        "balanced accuracy": 0.33695359091485855
    },
    "classwise": {
        "0": {
            "TN": 121,
            "FP": 163,
            "FN": 24,
            "TP": 124,
            "AP": 0.6820105615392095,
            "recall": 0.8378378378378378,
            "precision": 0.43205574912891986,
            "specificity": 0.426056338028169,
            "accuracy": 0.5671296296296297,
            "expected AP": 0.3425925925925926
        },
        "1": {
            "TN": 175,
            "FP": 44,
            "FN": 131,
            "TP": 82,
            "AP": 0.688195678295705,
            "recall": 0.38497652582159625,
            "precision": 0.6507936507936508,
            "specificity": 0.7990867579908676,
            "accuracy": 0.5949074074074074,
            "expected AP": 0.4930555555555556
        },
        "2": {
            "TN": 379,
            "FP": 14,
            "FN": 39,
            "TP": 0,
            "AP": 0.1487150673467204,
            "recall": 0.0,
            "precision": 0.0,
            "specificity": 0.9643765903307888,
            "accuracy": 0.8773148148148148,
            "expected AP": 0.09027777777777778
        },
        "3": {
            "TN": 399,
            "FP": 1,
            "FN": 28,
            "TP": 4,
            "AP": 0.49751731796585424,
            "recall": 0.125,
            "precision": 0.8,
            "specificity": 0.9975,
            "accuracy": 0.9328703703703703,
            "expected AP": 0.07407407407407407
        }
    }
}
