{
    "overall": {
        "mAP": 0.4758578532767672,
        "accuracy": 0.4685164631890492,
        "expected mAP": 0.25
    },
    "classwise": {
        "0": {
            "TN": 3681,
            "FP": 5477,
            "FN": 491,
            "TP": 3866,
            "AP": 0.5449427909420481,
            "recall": 0.8873077805829699,
            "precision": 0.41378572193085733,
            "specificity": 0.40194365582004804,
            "accuracy": 0.5584165741768405,
            "expected AP": 0.3223825379208287
        },
        "1": {
            "TN": 5682,
            "FP": 1459,
            "FN": 4275,
            "TP": 2099,
            "AP": 0.5838402579133388,
            "recall": 0.3293065578914339,
            "precision": 0.589938167509837,
            "specificity": 0.795686878588433,
            "accuracy": 0.5757306696263411,
            "expected AP": 0.4716241213466519
        },
        "2": {
            "TN": 11308,
            "FP": 242,
            "FN": 1842,
            "TP": 123,
            "AP": 0.19151318362756675,
            "recall": 0.06259541984732825,
            "precision": 0.336986301369863,
            "specificity": 0.979047619047619,
            "accuracy": 0.8458009618941916,
            "expected AP": 0.1453940066592675
        },
        "3": {
            "TN": 12691,
            "FP": 5,
            "FN": 575,
            "TP": 244,
            "AP": 0.5831351806241152,
            "recall": 0.2979242979242979,
            "precision": 0.9799196787148594,
            "specificity": 0.9996061751732829,
            "accuracy": 0.9570847206807251,
            "expected AP": 0.060599334073251944
        }
    }
}
