{
    "overall": {
        "mAP": 0.4727452728410615,
        "accuracy": 0.4843507214206437,
        "expected mAP": 0.25
    },
    "classwise": {
        "0": {
            "TN": 4357,
            "FP": 4801,
            "FN": 731,
            "TP": 3626,
            "AP": 0.5346511365048326,
            "recall": 0.8322240073445031,
            "precision": 0.43028361219888456,
            "specificity": 0.4757588993229963,
            "accuracy": 0.590677025527192,
            "expected AP": 0.3223825379208287
        },
        "1": {
            "TN": 5188,
            "FP": 1953,
            "FN": 3832,
            "TP": 2542,
            "AP": 0.5526596845811227,
            "recall": 0.39880765610291813,
            "precision": 0.5655172413793104,
            "specificity": 0.7265088923120011,
            "accuracy": 0.5719570847206807,
            "expected AP": 0.4716241213466519
        },
        "2": {
            "TN": 11345,
            "FP": 205,
            "FN": 1849,
            "TP": 116,
            "AP": 0.18857187173112094,
            "recall": 0.059033078880407125,
            "precision": 0.3613707165109034,
            "specificity": 0.9822510822510823,
            "accuracy": 0.8480207177210507,
            "expected AP": 0.1453940066592675
        },
        "3": {
            "TN": 12686,
            "FP": 10,
            "FN": 557,
            "TP": 262,
            "AP": 0.6150983985471699,
            "recall": 0.3199023199023199,
            "precision": 0.9632352941176471,
            "specificity": 0.9992123503465659,
            "accuracy": 0.9580466148723641,
            "expected AP": 0.060599334073251944
        }
    }
}
