{
    "overall": {
        "mAP": 0.44392170236723083,
        "accuracy": 0.5046296296296297,
        "expected mAP": 0.25,
        "balanced accuracy": 0.37341390686461107
    },
    "classwise": {
        "0": {
            "TN": 125,
            "FP": 159,
            "FN": 23,
            "TP": 125,
            "AP": 0.6733800154685747,
            "recall": 0.8445945945945946,
            "precision": 0.44014084507042256,
            "specificity": 0.44014084507042256,
            "accuracy": 0.5787037037037037,
            "expected AP": 0.3425925925925926
        },
        "1": {
            "TN": 187,
            "FP": 32,
            "FN": 128,
            "TP": 85,
            "AP": 0.6816812874072521,
            "recall": 0.39906103286384975,
            "precision": 0.7264957264957265,
            "specificity": 0.8538812785388128,
            "accuracy": 0.6296296296296297,
            "expected AP": 0.4930555555555556
        },
        "2": {
            "TN": 388,
            "FP": 5,
            "FN": 39,
            "TP": 0,
            "AP": 0.15217944533878458,
            "recall": 0.0,
            "precision": 0.0,
            "specificity": 0.9872773536895675,
            "accuracy": 0.8981481481481481,
            "expected AP": 0.09027777777777778
        },
        "3": {
            "TN": 382,
            "FP": 18,
            "FN": 24,
            "TP": 8,
            "AP": 0.26844606125431214,
            "recall": 0.25,
            "precision": 0.3076923076923077,
            "specificity": 0.955,
            "accuracy": 0.9027777777777778,
            "expected AP": 0.07407407407407407
        }
    }
}
