{
    "overall": {
        "mAP": 0.41288061406927634,
        "accuracy": 0.6669950738916256,
        "expected mAP": 0.25,
        "balanced accuracy": 0.47242356316925643,
        "adjusted balanced accuracy": 0.2965647508923419
    },
    "classwise": {
        "0": {
            "TN": 205,
            "FP": 102,
            "FN": 132,
            "TP": 576,
            "AP": 0.9155104496652877,
            "recall": 0.8135593220338984,
            "precision": 0.8495575221238938,
            "specificity": 0.6677524429967426,
            "accuracy": 0.7694581280788177,
            "expected AP": 0.6975369458128079
        },
        "1": {
            "TN": 662,
            "FP": 170,
            "FN": 111,
            "TP": 72,
            "AP": 0.286389019267155,
            "recall": 0.39344262295081966,
            "precision": 0.2975206611570248,
            "specificity": 0.7956730769230769,
            "accuracy": 0.723152709359606,
            "expected AP": 0.18029556650246306
        },
        "2": {
            "TN": 890,
            "FP": 21,
            "FN": 85,
            "TP": 19,
            "AP": 0.3354384887272599,
            "recall": 0.18269230769230768,
            "precision": 0.475,
            "specificity": 0.9769484083424808,
            "accuracy": 0.8955665024630541,
            "expected AP": 0.10246305418719212
        },
        "3": {
            "TN": 950,
            "FP": 45,
            "FN": 10,
            "TP": 10,
            "AP": 0.11418449861740287,
            "recall": 0.5,
            "precision": 0.18181818181818182,
            "specificity": 0.9547738693467337,
            "accuracy": 0.9458128078817734,
            "expected AP": 0.019704433497536946
        }
    }
}
