{
    "TN": 129,
    "FP": 39,
    "FN": 132,
    "TP": 79,
    "AP": 0.6894119859370516,
    "recall": 0.3744075829383886,
    "precision": 0.6694915254237288,
    "specificity": 0.7678571428571429,
    "accuracy": 0.5488126649076517,
    "expected AP": 0.5567282321899736,
    "auroc": 0.6628018505980591,
    "balanced accuracy": 0.5711323628977658,
    "adjusted balanced accuracy": 0.14226472579553162
}
