{
    "overall": {
        "mAP": 0.47524931607100623,
        "accuracy": 0.49493155752867185,
        "expected mAP": 0.25
    },
    "classwise": {
        "0": {
            "TN": 4388,
            "FP": 4770,
            "FN": 687,
            "TP": 3670,
            "AP": 0.5425776217001351,
            "recall": 0.8423226991048887,
            "precision": 0.43483412322274884,
            "specificity": 0.4791439178860013,
            "accuracy": 0.5962264150943396,
            "expected AP": 0.3223825379208287
        },
        "1": {
            "TN": 5329,
            "FP": 1812,
            "FN": 3745,
            "TP": 2629,
            "AP": 0.569404869684083,
            "recall": 0.4124568559774082,
            "precision": 0.5919837874352624,
            "specificity": 0.7462540260467722,
            "accuracy": 0.5888272290048094,
            "expected AP": 0.4716241213466519
        },
        "2": {
            "TN": 11316,
            "FP": 234,
            "FN": 1839,
            "TP": 126,
            "AP": 0.19143185319249995,
            "recall": 0.06412213740458016,
            "precision": 0.35,
            "specificity": 0.9797402597402597,
            "accuracy": 0.84661487236404,
            "expected AP": 0.1453940066592675
        },
        "3": {
            "TN": 12686,
            "FP": 10,
            "FN": 555,
            "TP": 264,
            "AP": 0.597582919707307,
            "recall": 0.32234432234432236,
            "precision": 0.9635036496350365,
            "specificity": 0.9992123503465659,
            "accuracy": 0.9581945985941547,
            "expected AP": 0.060599334073251944
        }
    }
}
