{
    "overall": {
        "mAP": 0.46620292173272687,
        "accuracy": 0.4444444444444444,
        "expected mAP": 0.25,
        "balanced accuracy": 0.32504302277629743
    },
    "classwise": {
        "0": {
            "TN": 89,
            "FP": 195,
            "FN": 19,
            "TP": 129,
            "AP": 0.6424796240413315,
            "recall": 0.8716216216216216,
            "precision": 0.39814814814814814,
            "specificity": 0.31338028169014087,
            "accuracy": 0.5046296296296297,
            "expected AP": 0.3425925925925926
        },
        "1": {
            "TN": 195,
            "FP": 24,
            "FN": 155,
            "TP": 58,
            "AP": 0.681407517323861,
            "recall": 0.27230046948356806,
            "precision": 0.7073170731707317,
            "specificity": 0.8904109589041096,
            "accuracy": 0.5856481481481481,
            "expected AP": 0.4930555555555556
        },
        "2": {
            "TN": 388,
            "FP": 5,
            "FN": 39,
            "TP": 0,
            "AP": 0.22248842964282675,
            "recall": 0.0,
            "precision": 0.0,
            "specificity": 0.9872773536895675,
            "accuracy": 0.8981481481481481,
            "expected AP": 0.09027777777777778
        },
        "3": {
            "TN": 384,
            "FP": 16,
            "FN": 27,
            "TP": 5,
            "AP": 0.3184361159228884,
            "recall": 0.15625,
            "precision": 0.23809523809523808,
            "specificity": 0.96,
            "accuracy": 0.9004629629629629,
            "expected AP": 0.07407407407407407
        }
    }
}
