{
    "TN": 388,
    "FP": 6,
    "FN": 27,
    "TP": 6,
    "AP": 0.19572234501466942,
    "recall": 0.18181818181818182,
    "precision": 0.5,
    "specificity": 0.9847715736040609,
    "accuracy": 0.9227166276346604,
    "expected AP": 0.07728337236533958,
    "auroc": 0.5945623750192278,
    "balanced accuracy": 0.5832948777111213,
    "adjusted balanced accuracy": 0.16658975542224264
}
