{
    "TN": 101,
    "FP": 67,
    "FN": 85,
    "TP": 126,
    "AP": 0.6919274913869369,
    "recall": 0.5971563981042654,
    "precision": 0.6528497409326425,
    "specificity": 0.6011904761904762,
    "accuracy": 0.5989445910290238,
    "expected AP": 0.5567282321899736,
    "auroc": 0.6620119611825772,
    "balanced accuracy": 0.5991734371473707,
    "adjusted balanced accuracy": 0.1983468742947414
}
