{
    "TN": 111,
    "FP": 57,
    "FN": 119,
    "TP": 92,
    "AP": 0.6536081684214726,
    "recall": 0.43601895734597157,
    "precision": 0.6174496644295302,
    "specificity": 0.6607142857142857,
    "accuracy": 0.5356200527704486,
    "expected AP": 0.5567282321899736,
    "auroc": 0.6270029338749719,
    "balanced accuracy": 0.5483666215301286,
    "adjusted balanced accuracy": 0.09673324306025721
}
