{
    "TN": 114,
    "FP": 54,
    "FN": 115,
    "TP": 96,
    "AP": 0.6613815031569797,
    "recall": 0.4549763033175355,
    "precision": 0.64,
    "specificity": 0.6785714285714286,
    "accuracy": 0.554089709762533,
    "expected AP": 0.5567282321899736,
    "auroc": 0.6375253893026405,
    "balanced accuracy": 0.5667738659444821,
    "adjusted balanced accuracy": 0.13354773188896418
}
