{
    "overall": {
        "mAP": 0.3737242861341861,
        "accuracy": 0.5960591133004927,
        "expected mAP": 0.25,
        "balanced accuracy": 0.4214860698484622,
        "adjusted balanced accuracy": 0.22864809313128295
    },
    "classwise": {
        "0": {
            "TN": 179,
            "FP": 128,
            "FN": 198,
            "TP": 510,
            "AP": 0.8573580526824565,
            "recall": 0.7203389830508474,
            "precision": 0.799373040752351,
            "specificity": 0.5830618892508144,
            "accuracy": 0.6788177339901478,
            "expected AP": 0.6975369458128079
        },
        "1": {
            "TN": 598,
            "FP": 234,
            "FN": 108,
            "TP": 75,
            "AP": 0.22908591297861522,
            "recall": 0.4098360655737705,
            "precision": 0.24271844660194175,
            "specificity": 0.71875,
            "accuracy": 0.6630541871921182,
            "expected AP": 0.18029556650246306
        },
        "2": {
            "TN": 891,
            "FP": 20,
            "FN": 93,
            "TP": 11,
            "AP": 0.22530837765090728,
            "recall": 0.10576923076923077,
            "precision": 0.3548387096774194,
            "specificity": 0.9780461031833151,
            "accuracy": 0.8886699507389163,
            "expected AP": 0.10246305418719212
        },
        "3": {
            "TN": 967,
            "FP": 28,
            "FN": 11,
            "TP": 9,
            "AP": 0.18314480122476554,
            "recall": 0.45,
            "precision": 0.24324324324324326,
            "specificity": 0.9718592964824121,
            "accuracy": 0.961576354679803,
            "expected AP": 0.019704433497536946
        }
    }
}
