{
    "TN": 959,
    "FP": 53,
    "FN": 67,
    "TP": 8,
    "AP": 0.1266940871964428,
    "recall": 0.10666666666666667,
    "precision": 0.13114754098360656,
    "specificity": 0.9476284584980237,
    "accuracy": 0.889604415823367,
    "expected AP": 0.06899724011039558,
    "auroc": 0.5924176548089592,
    "balanced accuracy": 0.5271475625823452,
    "adjusted balanced accuracy": 0.05429512516469037
}
