{
    "overall": {
        "mAP": 0.5690507355363273,
        "accuracy": 0.5370370370370371,
        "expected mAP": 0.25,
        "balanced accuracy": 0.3971011402789572
    },
    "classwise": {
        "0": {
            "TN": 165,
            "FP": 119,
            "FN": 55,
            "TP": 93,
            "AP": 0.6694896204550336,
            "recall": 0.6283783783783784,
            "precision": 0.4386792452830189,
            "specificity": 0.5809859154929577,
            "accuracy": 0.5972222222222222,
            "expected AP": 0.3425925925925926
        },
        "1": {
            "TN": 149,
            "FP": 70,
            "FN": 86,
            "TP": 127,
            "AP": 0.7142258262667036,
            "recall": 0.596244131455399,
            "precision": 0.6446700507614214,
            "specificity": 0.680365296803653,
            "accuracy": 0.6388888888888888,
            "expected AP": 0.4930555555555556
        },
        "2": {
            "TN": 383,
            "FP": 10,
            "FN": 37,
            "TP": 2,
            "AP": 0.18257452560344947,
            "recall": 0.05128205128205128,
            "precision": 0.16666666666666666,
            "specificity": 0.9745547073791349,
            "accuracy": 0.8912037037037037,
            "expected AP": 0.09027777777777778
        },
        "3": {
            "TN": 399,
            "FP": 1,
            "FN": 22,
            "TP": 10,
            "AP": 0.7099129698201226,
            "recall": 0.3125,
            "precision": 0.9090909090909091,
            "specificity": 0.9975,
            "accuracy": 0.9467592592592593,
            "expected AP": 0.07407407407407407
        }
    }
}
