{
    "overall": {
        "mAP": 0.45978695323989843,
        "accuracy": 0.5532407407407407,
        "expected mAP": 0.25,
        "balanced accuracy": 0.3474039620606522
    },
    "classwise": {
        "0": {
            "TN": 184,
            "FP": 100,
            "FN": 44,
            "TP": 104,
            "AP": 0.71456568769778,
            "recall": 0.7027027027027027,
            "precision": 0.5098039215686274,
            "specificity": 0.647887323943662,
            "accuracy": 0.6666666666666666,
            "expected AP": 0.3425925925925926
        },
        "1": {
            "TN": 145,
            "FP": 74,
            "FN": 80,
            "TP": 133,
            "AP": 0.7117656973461062,
            "recall": 0.6244131455399061,
            "precision": 0.642512077294686,
            "specificity": 0.6621004566210046,
            "accuracy": 0.6435185185185185,
            "expected AP": 0.4930555555555556
        },
        "2": {
            "TN": 376,
            "FP": 17,
            "FN": 39,
            "TP": 0,
            "AP": 0.15043344382717233,
            "recall": 0.0,
            "precision": 0.0,
            "specificity": 0.9567430025445293,
            "accuracy": 0.8703703703703703,
            "expected AP": 0.09027777777777778
        },
        "3": {
            "TN": 398,
            "FP": 2,
            "FN": 30,
            "TP": 2,
            "AP": 0.2623829840885353,
            "recall": 0.0625,
            "precision": 0.5,
            "specificity": 0.995,
            "accuracy": 0.9259259259259259,
            "expected AP": 0.07407407407407407
        }
    }
}
