{
    "overall": {
        "mAP": 0.5435659639522828,
        "accuracy": 0.6258955987717503,
        "expected mAP": 0.25,
        "balanced accuracy": 0.5472739141400405,
        "adjusted balanced accuracy": 0.39636521885338727
    },
    "classwise": {
        "0": {
            "TN": 574,
            "FP": 194,
            "FN": 279,
            "TP": 907,
            "AP": 0.891438498780619,
            "recall": 0.7647554806070826,
            "precision": 0.8237965485921889,
            "specificity": 0.7473958333333334,
            "accuracy": 0.7579324462640737,
            "expected AP": 0.6069600818833163
        },
        "1": {
            "TN": 1151,
            "FP": 431,
            "FN": 142,
            "TP": 230,
            "AP": 0.3420358613904657,
            "recall": 0.6182795698924731,
            "precision": 0.34795763993948564,
            "specificity": 0.7275600505689002,
            "accuracy": 0.7067553735926305,
            "expected AP": 0.19037871033776868
        },
        "2": {
            "TN": 1609,
            "FP": 15,
            "FN": 289,
            "TP": 41,
            "AP": 0.4940737657897327,
            "recall": 0.12424242424242424,
            "precision": 0.7321428571428571,
            "specificity": 0.9907635467980296,
            "accuracy": 0.8444216990788127,
            "expected AP": 0.16888433981576254
        },
        "3": {
            "TN": 1797,
            "FP": 91,
            "FN": 21,
            "TP": 45,
            "AP": 0.44671572984831415,
            "recall": 0.6818181818181818,
            "precision": 0.33088235294117646,
            "specificity": 0.9518008474576272,
            "accuracy": 0.9426816786079836,
            "expected AP": 0.033776867963152504
        }
    }
}
