{
    "overall": {
        "mAP": 0.4589454961534183,
        "accuracy": 0.5185185185185185,
        "expected mAP": 0.25,
        "balanced accuracy": 0.3339221704098465
    },
    "classwise": {
        "0": {
            "TN": 161,
            "FP": 123,
            "FN": 36,
            "TP": 112,
            "AP": 0.699290478552006,
            "recall": 0.7567567567567568,
            "precision": 0.4765957446808511,
            "specificity": 0.5669014084507042,
            "accuracy": 0.6319444444444444,
            "expected AP": 0.3425925925925926
        },
        "1": {
            "TN": 150,
            "FP": 69,
            "FN": 103,
            "TP": 110,
            "AP": 0.6878846544601435,
            "recall": 0.5164319248826291,
            "precision": 0.6145251396648045,
            "specificity": 0.684931506849315,
            "accuracy": 0.6018518518518519,
            "expected AP": 0.4930555555555556
        },
        "2": {
            "TN": 378,
            "FP": 15,
            "FN": 39,
            "TP": 0,
            "AP": 0.1590090032464957,
            "recall": 0.0,
            "precision": 0.0,
            "specificity": 0.9618320610687023,
            "accuracy": 0.875,
            "expected AP": 0.09027777777777778
        },
        "3": {
            "TN": 399,
            "FP": 1,
            "FN": 30,
            "TP": 2,
            "AP": 0.28959784835502805,
            "recall": 0.0625,
            "precision": 0.6666666666666666,
            "specificity": 0.9975,
            "accuracy": 0.9282407407407407,
            "expected AP": 0.07407407407407407
        }
    }
}
