{
    "overall": {
        "mAP": 0.4811428955901984,
        "accuracy": 0.5091379948205698,
        "expected mAP": 0.25
    },
    "classwise": {
        "0": {
            "TN": 5260,
            "FP": 3898,
            "FN": 1021,
            "TP": 3336,
            "AP": 0.574226565417784,
            "recall": 0.765664448014689,
            "precision": 0.4611556538567874,
            "specificity": 0.5743612142389168,
            "accuracy": 0.6360340362560118,
            "expected AP": 0.3223825379208287
        },
        "1": {
            "TN": 4907,
            "FP": 2234,
            "FN": 3257,
            "TP": 3117,
            "AP": 0.5609852668134081,
            "recall": 0.48901788515845623,
            "precision": 0.5825079424406653,
            "specificity": 0.6871586612519255,
            "accuracy": 0.5937106918238994,
            "expected AP": 0.4716241213466519
        },
        "2": {
            "TN": 11097,
            "FP": 453,
            "FN": 1832,
            "TP": 133,
            "AP": 0.16739638353677033,
            "recall": 0.06768447837150127,
            "precision": 0.22696245733788395,
            "specificity": 0.9607792207792207,
            "accuracy": 0.830928597854236,
            "expected AP": 0.1453940066592675
        },
        "3": {
            "TN": 12651,
            "FP": 45,
            "FN": 524,
            "TP": 295,
            "AP": 0.6219633665928312,
            "recall": 0.3601953601953602,
            "precision": 0.8676470588235294,
            "specificity": 0.9964555765595463,
            "accuracy": 0.9578986311505734,
            "expected AP": 0.060599334073251944
        }
    }
}
