{
    "TN": 127,
    "FP": 41,
    "FN": 128,
    "TP": 83,
    "AP": 0.6618716104846206,
    "recall": 0.3933649289099526,
    "precision": 0.6693548387096774,
    "specificity": 0.7559523809523809,
    "accuracy": 0.554089709762533,
    "expected AP": 0.5567282321899736,
    "auroc": 0.648696682464455,
    "balanced accuracy": 0.5746586549311667,
    "adjusted balanced accuracy": 0.1493173098623335
}
