{
    "overall": {
        "mAP": 0.4471084270642404,
        "accuracy": 0.6110542476970318,
        "expected mAP": 0.25,
        "balanced accuracy": 0.4682786220470494,
        "adjusted balanced accuracy": 0.2910381627293992
    },
    "classwise": {
        "0": {
            "TN": 538,
            "FP": 230,
            "FN": 259,
            "TP": 927,
            "AP": 0.8775183875261202,
            "recall": 0.781618887015177,
            "precision": 0.801210025929127,
            "specificity": 0.7005208333333334,
            "accuracy": 0.7497441146366428,
            "expected AP": 0.6069600818833163
        },
        "1": {
            "TN": 1166,
            "FP": 416,
            "FN": 170,
            "TP": 202,
            "AP": 0.3138774353491886,
            "recall": 0.543010752688172,
            "precision": 0.3268608414239482,
            "specificity": 0.7370417193426043,
            "accuracy": 0.7001023541453428,
            "expected AP": 0.19037871033776868
        },
        "2": {
            "TN": 1596,
            "FP": 28,
            "FN": 294,
            "TP": 36,
            "AP": 0.34423535237175906,
            "recall": 0.10909090909090909,
            "precision": 0.5625,
            "specificity": 0.9827586206896551,
            "accuracy": 0.8352098259979529,
            "expected AP": 0.16888433981576254
        },
        "3": {
            "TN": 1802,
            "FP": 86,
            "FN": 37,
            "TP": 29,
            "AP": 0.2528025330098938,
            "recall": 0.4393939393939394,
            "precision": 0.25217391304347825,
            "specificity": 0.9544491525423728,
            "accuracy": 0.9370522006141249,
            "expected AP": 0.033776867963152504
        }
    }
}
