{
    "overall": {
        "mAP": 0.43843682344800256,
        "accuracy": 0.4930555555555556,
        "expected mAP": 0.25,
        "balanced accuracy": 0.32204233282578354
    },
    "classwise": {
        "0": {
            "TN": 144,
            "FP": 140,
            "FN": 34,
            "TP": 114,
            "AP": 0.6539020831228634,
            "recall": 0.7702702702702703,
            "precision": 0.44881889763779526,
            "specificity": 0.5070422535211268,
            "accuracy": 0.5972222222222222,
            "expected AP": 0.3425925925925926
        },
        "1": {
            "TN": 154,
            "FP": 65,
            "FN": 116,
            "TP": 97,
            "AP": 0.6738416271978256,
            "recall": 0.45539906103286387,
            "precision": 0.5987654320987654,
            "specificity": 0.7031963470319634,
            "accuracy": 0.5810185185185185,
            "expected AP": 0.4930555555555556
        },
        "2": {
            "TN": 380,
            "FP": 13,
            "FN": 39,
            "TP": 0,
            "AP": 0.15929122866940998,
            "recall": 0.0,
            "precision": 0.0,
            "specificity": 0.9669211195928753,
            "accuracy": 0.8796296296296297,
            "expected AP": 0.09027777777777778
        },
        "3": {
            "TN": 399,
            "FP": 1,
            "FN": 30,
            "TP": 2,
            "AP": 0.26671235480191147,
            "recall": 0.0625,
            "precision": 0.6666666666666666,
            "specificity": 0.9975,
            "accuracy": 0.9282407407407407,
            "expected AP": 0.07407407407407407
        }
    }
}
