{
    "overall": {
        "mAP": 0.4788201588692494,
        "accuracy": 0.4332552693208431,
        "expected mAP": 0.25,
        "balanced accuracy": 0.35135135135135137,
        "adjusted balanced accuracy": 0.13513513513513517
    },
    "classwise": {
        "0": {
            "TN": 69,
            "FP": 210,
            "FN": 14,
            "TP": 134,
            "AP": 0.47718242786583814,
            "recall": 0.9054054054054054,
            "precision": 0.38953488372093026,
            "specificity": 0.24731182795698925,
            "accuracy": 0.47540983606557374,
            "expected AP": 0.34660421545667447
        },
        "1": {
            "TN": 190,
            "FP": 27,
            "FN": 168,
            "TP": 42,
            "AP": 0.593599976412992,
            "recall": 0.2,
            "precision": 0.6086956521739131,
            "specificity": 0.8755760368663594,
            "accuracy": 0.5433255269320844,
            "expected AP": 0.4918032786885246
        },
        "2": {
            "TN": 383,
            "FP": 5,
            "FN": 39,
            "TP": 0,
            "AP": 0.12818044726846034,
            "recall": 0.0,
            "precision": 0.0,
            "specificity": 0.9871134020618557,
            "accuracy": 0.8969555035128806,
            "expected AP": 0.09133489461358314
        },
        "3": {
            "TN": 397,
            "FP": 0,
            "FN": 21,
            "TP": 9,
            "AP": 0.7163177839297072,
            "recall": 0.3,
            "precision": 1.0,
            "specificity": 1.0,
            "accuracy": 0.9508196721311475,
            "expected AP": 0.0702576112412178
        }
    }
}
