{
    "TN": 423,
    "FP": 145,
    "FN": 44,
    "TP": 175,
    "AP": 0.7202639298901589,
    "recall": 0.7990867579908676,
    "precision": 0.546875,
    "specificity": 0.7447183098591549,
    "accuracy": 0.7598475222363406,
    "expected AP": 0.2782719186785261,
    "auroc": 0.8618480288121422,
    "balanced accuracy": 0.7719025339250112,
    "adjusted balanced accuracy": 0.5438050678500224
}
