{
    "overall": {
        "mAP": 0.41055638830063945,
        "accuracy": 0.48369926813040587,
        "expected mAP": 0.25,
        "balanced accuracy": 0.38284594853985143
    },
    "classwise": {
        "0": {
            "TN": 738,
            "FP": 256,
            "FN": 291,
            "TP": 218,
            "AP": 0.4741096902711222,
            "recall": 0.42829076620825146,
            "precision": 0.459915611814346,
            "specificity": 0.7424547283702213,
            "accuracy": 0.6360612109115104,
            "expected AP": 0.33865602129075184
        },
        "1": {
            "TN": 430,
            "FP": 327,
            "FN": 294,
            "TP": 452,
            "AP": 0.5565250306463497,
            "recall": 0.6058981233243967,
            "precision": 0.5802310654685494,
            "specificity": 0.5680317040951123,
            "accuracy": 0.5868263473053892,
            "expected AP": 0.4963406520292748
        },
        "2": {
            "TN": 1208,
            "FP": 156,
            "FN": 126,
            "TP": 13,
            "AP": 0.07428070932436837,
            "recall": 0.09352517985611511,
            "precision": 0.07692307692307693,
            "specificity": 0.8856304985337243,
            "accuracy": 0.812375249500998,
            "expected AP": 0.09248170326014638
        },
        "3": {
            "TN": 1357,
            "FP": 37,
            "FN": 65,
            "TP": 44,
            "AP": 0.5373101229607172,
            "recall": 0.4036697247706422,
            "precision": 0.5432098765432098,
            "specificity": 0.9734576757532282,
            "accuracy": 0.9321357285429142,
            "expected AP": 0.07252162341982701
        }
    }
}
