{
    "TN": 132,
    "FP": 36,
    "FN": 135,
    "TP": 76,
    "AP": 0.6529478303356171,
    "recall": 0.36018957345971564,
    "precision": 0.6785714285714286,
    "specificity": 0.7857142857142857,
    "accuracy": 0.5488126649076517,
    "expected AP": 0.5567282321899736,
    "auroc": 0.6693466486120514,
    "balanced accuracy": 0.5729519295870007,
    "adjusted balanced accuracy": 0.1459038591740014
}
