{
    "overall": {
        "mAP": 0.4730144591551683,
        "accuracy": 0.42857142857142855,
        "expected mAP": 0.25,
        "balanced accuracy": 0.3351833976833977,
        "adjusted balanced accuracy": 0.11357786357786363
    },
    "classwise": {
        "0": {
            "TN": 68,
            "FP": 211,
            "FN": 13,
            "TP": 135,
            "AP": 0.48126855347248004,
            "recall": 0.9121621621621622,
            "precision": 0.3901734104046243,
            "specificity": 0.24372759856630824,
            "accuracy": 0.47540983606557374,
            "expected AP": 0.34660421545667447
        },
        "1": {
            "TN": 189,
            "FP": 28,
            "FN": 169,
            "TP": 41,
            "AP": 0.5767029883588375,
            "recall": 0.19523809523809524,
            "precision": 0.5942028985507246,
            "specificity": 0.8709677419354839,
            "accuracy": 0.5386416861826698,
            "expected AP": 0.4918032786885246
        },
        "2": {
            "TN": 383,
            "FP": 5,
            "FN": 39,
            "TP": 0,
            "AP": 0.12001752249072789,
            "recall": 0.0,
            "precision": 0.0,
            "specificity": 0.9871134020618557,
            "accuracy": 0.8969555035128806,
            "expected AP": 0.09133489461358314
        },
        "3": {
            "TN": 397,
            "FP": 0,
            "FN": 23,
            "TP": 7,
            "AP": 0.7140687722986279,
            "recall": 0.23333333333333334,
            "precision": 1.0,
            "specificity": 1.0,
            "accuracy": 0.9461358313817331,
            "expected AP": 0.0702576112412178
        }
    }
}
