{
    "TN": 959,
    "FP": 53,
    "FN": 66,
    "TP": 9,
    "AP": 0.14242563692967344,
    "recall": 0.12,
    "precision": 0.14516129032258066,
    "specificity": 0.9476284584980237,
    "accuracy": 0.890524379024839,
    "expected AP": 0.06899724011039558,
    "auroc": 0.6457839262187087,
    "balanced accuracy": 0.5338142292490118,
    "adjusted balanced accuracy": 0.06762845849802357
}
