{
    "overall": {
        "mAP": 0.48452990745693986,
        "accuracy": 0.6495287060839761,
        "expected mAP": 0.25,
        "balanced accuracy": 0.4725593830001521,
        "adjusted balanced accuracy": 0.2967458440002028
    },
    "classwise": {
        "0": {
            "TN": 572,
            "FP": 282,
            "FN": 240,
            "TP": 1240,
            "AP": 0.8807652752278603,
            "recall": 0.8378378378378378,
            "precision": 0.8147174770039421,
            "specificity": 0.6697892271662763,
            "accuracy": 0.7763496143958869,
            "expected AP": 0.6341045415595544
        },
        "1": {
            "TN": 1419,
            "FP": 473,
            "FN": 213,
            "TP": 229,
            "AP": 0.34157670101003856,
            "recall": 0.5180995475113123,
            "precision": 0.3262108262108262,
            "specificity": 0.75,
            "accuracy": 0.7060839760068551,
            "expected AP": 0.1893744644387318
        },
        "2": {
            "TN": 1953,
            "FP": 20,
            "FN": 338,
            "TP": 23,
            "AP": 0.4328018091504181,
            "recall": 0.06371191135734072,
            "precision": 0.5348837209302325,
            "specificity": 0.9898631525595539,
            "accuracy": 0.8466152527849186,
            "expected AP": 0.1546700942587832
        },
        "3": {
            "TN": 2242,
            "FP": 41,
            "FN": 27,
            "TP": 24,
            "AP": 0.2829758444394425,
            "recall": 0.47058823529411764,
            "precision": 0.36923076923076925,
            "specificity": 0.9820411738939991,
            "accuracy": 0.9708654670094259,
            "expected AP": 0.021850899742930592
        }
    }
}
