{
    "overall": {
        "mAP": 0.47283919857781526,
        "accuracy": 0.48190899001109877,
        "expected mAP": 0.25
    },
    "classwise": {
        "0": {
            "TN": 4267,
            "FP": 4891,
            "FN": 646,
            "TP": 3711,
            "AP": 0.54627435580067,
            "recall": 0.8517328436997934,
            "precision": 0.4314112996977447,
            "specificity": 0.46593142607556237,
            "accuracy": 0.5903070662227154,
            "expected AP": 0.3223825379208287
        },
        "1": {
            "TN": 5279,
            "FP": 1862,
            "FN": 3958,
            "TP": 2416,
            "AP": 0.5607337061817761,
            "recall": 0.37903984938813934,
            "precision": 0.5647498831229546,
            "specificity": 0.7392522055734491,
            "accuracy": 0.5693673695893452,
            "expected AP": 0.4716241213466519
        },
        "2": {
            "TN": 11312,
            "FP": 238,
            "FN": 1843,
            "TP": 122,
            "AP": 0.1923586156782478,
            "recall": 0.06208651399491094,
            "precision": 0.3388888888888889,
            "specificity": 0.9793939393939394,
            "accuracy": 0.8460229374768775,
            "expected AP": 0.1453940066592675
        },
        "3": {
            "TN": 12685,
            "FP": 11,
            "FN": 555,
            "TP": 264,
            "AP": 0.5919901166505672,
            "recall": 0.32234432234432236,
            "precision": 0.96,
            "specificity": 0.9991335853812224,
            "accuracy": 0.9581206067332594,
            "expected AP": 0.060599334073251944
        }
    }
}
