{
    "overall": {
        "mAP": 0.5036696365150244,
        "accuracy": 0.4614872364039956,
        "expected mAP": 0.25
    },
    "classwise": {
        "0": {
            "TN": 3877,
            "FP": 5281,
            "FN": 658,
            "TP": 3699,
            "AP": 0.5629301525631631,
            "recall": 0.8489786550378701,
            "precision": 0.4119153674832962,
            "specificity": 0.4233457086700153,
            "accuracy": 0.5605623381428043,
            "expected AP": 0.3223825379208287
        },
        "1": {
            "TN": 5414,
            "FP": 1727,
            "FN": 4323,
            "TP": 2051,
            "AP": 0.5451272769576896,
            "recall": 0.32177596485723253,
            "precision": 0.5428798305982001,
            "specificity": 0.7581571208514214,
            "accuracy": 0.5523492415834258,
            "expected AP": 0.4716241213466519
        },
        "2": {
            "TN": 11305,
            "FP": 245,
            "FN": 1822,
            "TP": 143,
            "AP": 0.21285161044183862,
            "recall": 0.0727735368956743,
            "precision": 0.36855670103092786,
            "specificity": 0.9787878787878788,
            "accuracy": 0.8470588235294118,
            "expected AP": 0.1453940066592675
        },
        "3": {
            "TN": 12671,
            "FP": 25,
            "FN": 475,
            "TP": 344,
            "AP": 0.6937695060974061,
            "recall": 0.42002442002442003,
            "precision": 0.9322493224932249,
            "specificity": 0.9980308758664146,
            "accuracy": 0.9630040695523493,
            "expected AP": 0.060599334073251944
        }
    }
}
