{
    "TN": 620,
    "FP": 104,
    "FN": 132,
    "TP": 140,
    "AP": 0.4878560919216147,
    "recall": 0.5147058823529411,
    "precision": 0.5737704918032787,
    "specificity": 0.856353591160221,
    "accuracy": 0.7630522088353414,
    "expected AP": 0.27309236947791166,
    "auroc": 0.7142356597335067,
    "balanced accuracy": 0.6855297367565811,
    "adjusted balanced accuracy": 0.37105947351316226
}
