{
    "TN": 457,
    "FP": 78,
    "FN": 107,
    "TP": 96,
    "AP": 0.460661525438087,
    "recall": 0.4729064039408867,
    "precision": 0.5517241379310345,
    "specificity": 0.8542056074766355,
    "accuracy": 0.7493224932249323,
    "expected AP": 0.2750677506775068,
    "auroc": 0.6856222089222411,
    "balanced accuracy": 0.663556005708761,
    "adjusted balanced accuracy": 0.3271120114175221
}
