{
    "TN": 389,
    "FP": 5,
    "FN": 30,
    "TP": 3,
    "AP": 0.16495694010144407,
    "recall": 0.09090909090909091,
    "precision": 0.375,
    "specificity": 0.9873096446700508,
    "accuracy": 0.9180327868852459,
    "expected AP": 0.07728337236533958,
    "auroc": 0.5912167358867867,
    "balanced accuracy": 0.5391093677895709,
    "adjusted balanced accuracy": 0.07821873557914172
}
