{
    "TN": 1243,
    "FP": 330,
    "FN": 137,
    "TP": 457,
    "AP": 0.6928020339675629,
    "recall": 0.7693602693602694,
    "precision": 0.5806861499364676,
    "specificity": 0.7902097902097902,
    "accuracy": 0.7844946931241348,
    "expected AP": 0.27411167512690354,
    "auroc": 0.8498098167519654,
    "balanced accuracy": 0.7797850297850297,
    "adjusted balanced accuracy": 0.5595700595700595
}
