{
    "TN": 5795,
    "FP": 96,
    "FN": 71,
    "TP": 3152,
    "AP": 0.9974000291298577,
    "recall": 0.9779708346261248,
    "precision": 0.9704433497536946,
    "specificity": 0.9837039551858767,
    "accuracy": 0.9816765415843757,
    "expected AP": 0.35363177529076145,
    "auroc": 0.9984151531812308,
    "balanced accuracy": 0.9808373949060007,
    "adjusted balanced accuracy": 0.9616747898120015
}
