{
    "overall": {
        "mAP": 0.4248261818649952,
        "accuracy": 0.5162037037037037,
        "expected mAP": 0.25,
        "balanced accuracy": 0.3296555798756503
    },
    "classwise": {
        "0": {
            "TN": 169,
            "FP": 115,
            "FN": 42,
            "TP": 106,
            "AP": 0.6246454057117306,
            "recall": 0.7162162162162162,
            "precision": 0.4796380090497738,
            "specificity": 0.5950704225352113,
            "accuracy": 0.6365740740740741,
            "expected AP": 0.3425925925925926
        },
        "1": {
            "TN": 141,
            "FP": 78,
            "FN": 98,
            "TP": 115,
            "AP": 0.6733997206994562,
            "recall": 0.539906103286385,
            "precision": 0.5958549222797928,
            "specificity": 0.6438356164383562,
            "accuracy": 0.5925925925925926,
            "expected AP": 0.4930555555555556
        },
        "2": {
            "TN": 378,
            "FP": 15,
            "FN": 39,
            "TP": 0,
            "AP": 0.14837274886227375,
            "recall": 0.0,
            "precision": 0.0,
            "specificity": 0.9618320610687023,
            "accuracy": 0.875,
            "expected AP": 0.09027777777777778
        },
        "3": {
            "TN": 399,
            "FP": 1,
            "FN": 30,
            "TP": 2,
            "AP": 0.2528868521865205,
            "recall": 0.0625,
            "precision": 0.6666666666666666,
            "specificity": 0.9975,
            "accuracy": 0.9282407407407407,
            "expected AP": 0.07407407407407407
        }
    }
}
