{
    "overall": {
        "mAP": 0.48611732243474937,
        "accuracy": 0.5416666666666666,
        "expected mAP": 0.25,
        "balanced accuracy": 0.35584396015734043
    },
    "classwise": {
        "0": {
            "TN": 168,
            "FP": 116,
            "FN": 42,
            "TP": 106,
            "AP": 0.7265513283688789,
            "recall": 0.7162162162162162,
            "precision": 0.4774774774774775,
            "specificity": 0.5915492957746479,
            "accuracy": 0.6342592592592593,
            "expected AP": 0.3425925925925926
        },
        "1": {
            "TN": 147,
            "FP": 72,
            "FN": 89,
            "TP": 124,
            "AP": 0.7107547830655842,
            "recall": 0.5821596244131455,
            "precision": 0.6326530612244898,
            "specificity": 0.6712328767123288,
            "accuracy": 0.6273148148148148,
            "expected AP": 0.4930555555555556
        },
        "2": {
            "TN": 384,
            "FP": 9,
            "FN": 39,
            "TP": 0,
            "AP": 0.1398402659255032,
            "recall": 0.0,
            "precision": 0.0,
            "specificity": 0.9770992366412213,
            "accuracy": 0.8888888888888888,
            "expected AP": 0.09027777777777778
        },
        "3": {
            "TN": 399,
            "FP": 1,
            "FN": 28,
            "TP": 4,
            "AP": 0.36732291237903136,
            "recall": 0.125,
            "precision": 0.8,
            "specificity": 0.9975,
            "accuracy": 0.9328703703703703,
            "expected AP": 0.07407407407407407
        }
    }
}
