{
    "TN": 112,
    "FP": 56,
    "FN": 110,
    "TP": 101,
    "AP": 0.6459494178723648,
    "recall": 0.4786729857819905,
    "precision": 0.643312101910828,
    "specificity": 0.6666666666666666,
    "accuracy": 0.5620052770448549,
    "expected AP": 0.5567282321899736,
    "auroc": 0.6241536899119836,
    "balanced accuracy": 0.5726698262243286,
    "adjusted balanced accuracy": 0.1453396524486572
}
