{
    "overall": {
        "mAP": 0.4822254060408208,
        "accuracy": 0.3629976580796253,
        "expected mAP": 0.25,
        "balanced accuracy": 0.3068371943371943,
        "adjusted balanced accuracy": 0.07578292578292574
    },
    "classwise": {
        "0": {
            "TN": 14,
            "FP": 265,
            "FN": 3,
            "TP": 145,
            "AP": 0.5154227666370644,
            "recall": 0.9797297297297297,
            "precision": 0.35365853658536583,
            "specificity": 0.05017921146953405,
            "accuracy": 0.37236533957845436,
            "expected AP": 0.34660421545667447
        },
        "1": {
            "TN": 213,
            "FP": 4,
            "FN": 207,
            "TP": 3,
            "AP": 0.5507030987185435,
            "recall": 0.014285714285714285,
            "precision": 0.42857142857142855,
            "specificity": 0.9815668202764977,
            "accuracy": 0.5058548009367682,
            "expected AP": 0.4918032786885246
        },
        "2": {
            "TN": 385,
            "FP": 3,
            "FN": 39,
            "TP": 0,
            "AP": 0.1076626880194114,
            "recall": 0.0,
            "precision": 0.0,
            "specificity": 0.9922680412371134,
            "accuracy": 0.9016393442622951,
            "expected AP": 0.09133489461358314
        },
        "3": {
            "TN": 397,
            "FP": 0,
            "FN": 23,
            "TP": 7,
            "AP": 0.7551130707882638,
            "recall": 0.23333333333333334,
            "precision": 1.0,
            "specificity": 1.0,
            "accuracy": 0.9461358313817331,
            "expected AP": 0.0702576112412178
        }
    }
}
