{
    "TN": 119,
    "FP": 49,
    "FN": 114,
    "TP": 97,
    "AP": 0.6574025404140013,
    "recall": 0.4597156398104265,
    "precision": 0.6643835616438356,
    "specificity": 0.7083333333333334,
    "accuracy": 0.5699208443271768,
    "expected AP": 0.5567282321899736,
    "auroc": 0.6451986007673212,
    "balanced accuracy": 0.58402448657188,
    "adjusted balanced accuracy": 0.16804897314376
}
