{
    "overall": {
        "mAP": 0.47637240098875655,
        "accuracy": 0.5208333333333334,
        "expected mAP": 0.25,
        "balanced accuracy": 0.384722750919934
    },
    "classwise": {
        "0": {
            "TN": 108,
            "FP": 176,
            "FN": 17,
            "TP": 131,
            "AP": 0.40226007382028084,
            "recall": 0.8851351351351351,
            "precision": 0.42671009771986973,
            "specificity": 0.38028169014084506,
            "accuracy": 0.5532407407407407,
            "expected AP": 0.3425925925925926
        },
        "1": {
            "TN": 192,
            "FP": 27,
            "FN": 127,
            "TP": 86,
            "AP": 0.7093412792971481,
            "recall": 0.40375586854460094,
            "precision": 0.7610619469026548,
            "specificity": 0.8767123287671232,
            "accuracy": 0.6435185185185185,
            "expected AP": 0.4930555555555556
        },
        "2": {
            "TN": 390,
            "FP": 3,
            "FN": 39,
            "TP": 0,
            "AP": 0.08232927484268573,
            "recall": 0.0,
            "precision": 0.0,
            "specificity": 0.9923664122137404,
            "accuracy": 0.9027777777777778,
            "expected AP": 0.09027777777777778
        },
        "3": {
            "TN": 399,
            "FP": 1,
            "FN": 24,
            "TP": 8,
            "AP": 0.7115589759949116,
            "recall": 0.25,
            "precision": 0.8888888888888888,
            "specificity": 0.9975,
            "accuracy": 0.9421296296296297,
            "expected AP": 0.07407407407407407
        }
    }
}
