{
    "overall": {
        "mAP": 0.5179894822371869,
        "accuracy": 0.6274309109518935,
        "expected mAP": 0.25,
        "balanced accuracy": 0.4420335858723228,
        "adjusted balanced accuracy": 0.25604478116309703
    },
    "classwise": {
        "0": {
            "TN": 431,
            "FP": 337,
            "FN": 175,
            "TP": 1011,
            "AP": 0.8742958160682777,
            "recall": 0.8524451939291737,
            "precision": 0.75,
            "specificity": 0.5611979166666666,
            "accuracy": 0.7379733879222109,
            "expected AP": 0.6069600818833163
        },
        "1": {
            "TN": 1245,
            "FP": 337,
            "FN": 223,
            "TP": 149,
            "AP": 0.3520436716939668,
            "recall": 0.40053763440860213,
            "precision": 0.3065843621399177,
            "specificity": 0.7869785082174463,
            "accuracy": 0.7134083930399181,
            "expected AP": 0.19037871033776868
        },
        "2": {
            "TN": 1604,
            "FP": 20,
            "FN": 290,
            "TP": 40,
            "AP": 0.475778134766506,
            "recall": 0.12121212121212122,
            "precision": 0.6666666666666666,
            "specificity": 0.9876847290640394,
            "accuracy": 0.8413510747185261,
            "expected AP": 0.16888433981576254
        },
        "3": {
            "TN": 1854,
            "FP": 34,
            "FN": 40,
            "TP": 26,
            "AP": 0.36984030641999727,
            "recall": 0.3939393939393939,
            "precision": 0.43333333333333335,
            "specificity": 0.9819915254237288,
            "accuracy": 0.962128966223132,
            "expected AP": 0.033776867963152504
        }
    }
}
