{
    "overall": {
        "mAP": 0.4766736383332972,
        "accuracy": 0.4782093969663337,
        "expected mAP": 0.25
    },
    "classwise": {
        "0": {
            "TN": 4002,
            "FP": 5156,
            "FN": 590,
            "TP": 3767,
            "AP": 0.5509277047056393,
            "recall": 0.8645857241221023,
            "precision": 0.4221674324778662,
            "specificity": 0.4369949770692291,
            "accuracy": 0.5748427672955975,
            "expected AP": 0.3223825379208287
        },
        "1": {
            "TN": 5495,
            "FP": 1646,
            "FN": 4060,
            "TP": 2314,
            "AP": 0.5699004466742534,
            "recall": 0.3630373391904613,
            "precision": 0.5843434343434344,
            "specificity": 0.7695000700182048,
            "accuracy": 0.5778024417314096,
            "expected AP": 0.4716241213466519
        },
        "2": {
            "TN": 11310,
            "FP": 240,
            "FN": 1854,
            "TP": 111,
            "AP": 0.1791719777637777,
            "recall": 0.05648854961832061,
            "precision": 0.3162393162393162,
            "specificity": 0.9792207792207792,
            "accuracy": 0.8450610432852387,
            "expected AP": 0.1453940066592675
        },
        "3": {
            "TN": 12686,
            "FP": 10,
            "FN": 548,
            "TP": 271,
            "AP": 0.6066944241895182,
            "recall": 0.3308913308913309,
            "precision": 0.9644128113879004,
            "specificity": 0.9992123503465659,
            "accuracy": 0.9587125416204217,
            "expected AP": 0.060599334073251944
        }
    }
}
