{
    "TN": 1026,
    "FP": 74,
    "FN": 66,
    "TP": 10,
    "AP": 0.09979112074581856,
    "recall": 0.13157894736842105,
    "precision": 0.11904761904761904,
    "specificity": 0.9327272727272727,
    "accuracy": 0.8809523809523809,
    "expected AP": 0.06462585034013606,
    "auroc": 0.650322966507177,
    "balanced accuracy": 0.5321531100478469,
    "adjusted balanced accuracy": 0.06430622009569387
}
