{
    "TN": 624,
    "FP": 100,
    "FN": 150,
    "TP": 122,
    "AP": 0.5040224355335371,
    "recall": 0.4485294117647059,
    "precision": 0.5495495495495496,
    "specificity": 0.861878453038674,
    "accuracy": 0.748995983935743,
    "expected AP": 0.27309236947791166,
    "auroc": 0.7341160220994476,
    "balanced accuracy": 0.65520393240169,
    "adjusted balanced accuracy": 0.3104078648033799
}
