{
    "overall": {
        "mAP": 0.4497432637131118,
        "accuracy": 0.5208333333333334,
        "expected mAP": 0.25,
        "balanced accuracy": 0.3320029977160259
    },
    "classwise": {
        "0": {
            "TN": 168,
            "FP": 116,
            "FN": 42,
            "TP": 106,
            "AP": 0.6695886161660319,
            "recall": 0.7162162162162162,
            "precision": 0.4774774774774775,
            "specificity": 0.5915492957746479,
            "accuracy": 0.6342592592592593,
            "expected AP": 0.3425925925925926
        },
        "1": {
            "TN": 144,
            "FP": 75,
            "FN": 96,
            "TP": 117,
            "AP": 0.6917493278981606,
            "recall": 0.5492957746478874,
            "precision": 0.609375,
            "specificity": 0.6575342465753424,
            "accuracy": 0.6041666666666666,
            "expected AP": 0.4930555555555556
        },
        "2": {
            "TN": 378,
            "FP": 15,
            "FN": 39,
            "TP": 0,
            "AP": 0.1544689153014717,
            "recall": 0.0,
            "precision": 0.0,
            "specificity": 0.9618320610687023,
            "accuracy": 0.875,
            "expected AP": 0.09027777777777778
        },
        "3": {
            "TN": 399,
            "FP": 1,
            "FN": 30,
            "TP": 2,
            "AP": 0.283166195486783,
            "recall": 0.0625,
            "precision": 0.6666666666666666,
            "specificity": 0.9975,
            "accuracy": 0.9282407407407407,
            "expected AP": 0.07407407407407407
        }
    }
}
