{
    "TN": 420,
    "FP": 148,
    "FN": 48,
    "TP": 171,
    "AP": 0.6811334679296298,
    "recall": 0.7808219178082192,
    "precision": 0.5360501567398119,
    "specificity": 0.7394366197183099,
    "accuracy": 0.7509529860228716,
    "expected AP": 0.2782719186785261,
    "auroc": 0.8317295324458164,
    "balanced accuracy": 0.7601292687632646,
    "adjusted balanced accuracy": 0.5202585375265292
}
