{
    "TN": 109,
    "FP": 59,
    "FN": 114,
    "TP": 97,
    "AP": 0.6450360162973263,
    "recall": 0.4597156398104265,
    "precision": 0.6217948717948718,
    "specificity": 0.6488095238095238,
    "accuracy": 0.5435356200527705,
    "expected AP": 0.5567282321899736,
    "auroc": 0.6137158654931167,
    "balanced accuracy": 0.5542625818099751,
    "adjusted balanced accuracy": 0.10852516361995024
}
