{
    "overall": {
        "mAP": 0.477524582196187,
        "accuracy": 0.5024787273399925,
        "expected mAP": 0.25
    },
    "classwise": {
        "0": {
            "TN": 4776,
            "FP": 4382,
            "FN": 834,
            "TP": 3523,
            "AP": 0.5677011974200469,
            "recall": 0.8085838879963277,
            "precision": 0.4456672991777356,
            "specificity": 0.521511246997161,
            "accuracy": 0.6140584535701072,
            "expected AP": 0.3223825379208287
        },
        "1": {
            "TN": 5088,
            "FP": 2053,
            "FN": 3464,
            "TP": 2910,
            "AP": 0.5668534741672707,
            "recall": 0.4565422026984625,
            "precision": 0.5863389079185977,
            "specificity": 0.712505251365355,
            "accuracy": 0.5917869034406216,
            "expected AP": 0.4716241213466519
        },
        "2": {
            "TN": 11270,
            "FP": 280,
            "FN": 1847,
            "TP": 118,
            "AP": 0.1843248522158292,
            "recall": 0.06005089058524173,
            "precision": 0.2964824120603015,
            "specificity": 0.9757575757575757,
            "accuracy": 0.8426193118756937,
            "expected AP": 0.1453940066592675
        },
        "3": {
            "TN": 12687,
            "FP": 9,
            "FN": 579,
            "TP": 240,
            "AP": 0.5912188049816012,
            "recall": 0.29304029304029305,
            "precision": 0.963855421686747,
            "specificity": 0.9992911153119093,
            "accuracy": 0.9564927857935627,
            "expected AP": 0.060599334073251944
        }
    }
}
