{
    "overall": {
        "mAP": 0.4866055231357917,
        "accuracy": 0.5220125786163522,
        "expected mAP": 0.25
    },
    "classwise": {
        "0": {
            "TN": 5083,
            "FP": 4075,
            "FN": 981,
            "TP": 3376,
            "AP": 0.5785586897177577,
            "recall": 0.7748450768877668,
            "precision": 0.4530935444906724,
            "specificity": 0.55503385018563,
            "accuracy": 0.6258971513133555,
            "expected AP": 0.3223825379208287
        },
        "1": {
            "TN": 4985,
            "FP": 2156,
            "FN": 3057,
            "TP": 3317,
            "AP": 0.5885484686327727,
            "recall": 0.5203953561342956,
            "precision": 0.606066142883245,
            "specificity": 0.6980815011903094,
            "accuracy": 0.6142804291527932,
            "expected AP": 0.4716241213466519
        },
        "2": {
            "TN": 11344,
            "FP": 206,
            "FN": 1872,
            "TP": 93,
            "AP": 0.20026210769536934,
            "recall": 0.04732824427480916,
            "precision": 0.3110367892976589,
            "specificity": 0.9821645021645021,
            "accuracy": 0.8462449130595634,
            "expected AP": 0.1453940066592675
        },
        "3": {
            "TN": 12673,
            "FP": 23,
            "FN": 550,
            "TP": 269,
            "AP": 0.5790528264972672,
            "recall": 0.32844932844932845,
            "precision": 0.9212328767123288,
            "specificity": 0.9981884057971014,
            "accuracy": 0.9576026637069922,
            "expected AP": 0.060599334073251944
        }
    }
}
