{
    "TN": 108,
    "FP": 60,
    "FN": 92,
    "TP": 119,
    "AP": 0.6651452246300221,
    "recall": 0.5639810426540285,
    "precision": 0.664804469273743,
    "specificity": 0.6428571428571429,
    "accuracy": 0.5989445910290238,
    "expected AP": 0.5567282321899736,
    "auroc": 0.6438727149627624,
    "balanced accuracy": 0.6034190927555857,
    "adjusted balanced accuracy": 0.2068381855111714
}
