{
    "TN": 1142,
    "FP": 46,
    "FN": 74,
    "TP": 5,
    "AP": 0.08951493040748432,
    "recall": 0.06329113924050633,
    "precision": 0.09803921568627451,
    "specificity": 0.9612794612794613,
    "accuracy": 0.9052880820836622,
    "expected AP": 0.062352012628255724,
    "auroc": 0.5915803605677022,
    "balanced accuracy": 0.5122853002599839,
    "adjusted balanced accuracy": 0.024570600519967734
}
