{
    "overall": {
        "mAP": 0.45350163402080296,
        "accuracy": 0.6114432109308283,
        "expected mAP": 0.25,
        "balanced accuracy": 0.4109290223671348,
        "adjusted balanced accuracy": 0.2145720298228464
    },
    "classwise": {
        "0": {
            "TN": 265,
            "FP": 171,
            "FN": 127,
            "TP": 608,
            "AP": 0.8680988229768773,
            "recall": 0.8272108843537415,
            "precision": 0.7804878048780488,
            "specificity": 0.6077981651376146,
            "accuracy": 0.7455166524338173,
            "expected AP": 0.627668659265585
        },
        "1": {
            "TN": 694,
            "FP": 259,
            "FN": 123,
            "TP": 95,
            "AP": 0.2510011267742933,
            "recall": 0.43577981651376146,
            "precision": 0.268361581920904,
            "specificity": 0.7282266526757608,
            "accuracy": 0.6737830913748932,
            "expected AP": 0.18616567036720752
        },
        "2": {
            "TN": 971,
            "FP": 7,
            "FN": 189,
            "TP": 4,
            "AP": 0.3238928196901447,
            "recall": 0.02072538860103627,
            "precision": 0.36363636363636365,
            "specificity": 0.9928425357873211,
            "accuracy": 0.8326216908625107,
            "expected AP": 0.16481639624252775
        },
        "3": {
            "TN": 1128,
            "FP": 18,
            "FN": 16,
            "TP": 9,
            "AP": 0.37101376664189645,
            "recall": 0.36,
            "precision": 0.3333333333333333,
            "specificity": 0.9842931937172775,
            "accuracy": 0.9709649871904356,
            "expected AP": 0.02134927412467976
        }
    }
}
