{
    "overall": {
        "mAP": 0.47485036943585124,
        "accuracy": 0.6330777656078861,
        "expected mAP": 0.24999999999999997,
        "balanced accuracy": 0.43145130748998356,
        "adjusted balanced accuracy": 0.2419350766533114
    },
    "classwise": {
        "0": {
            "TN": 203,
            "FP": 126,
            "FN": 94,
            "TP": 490,
            "AP": 0.8905536260583771,
            "recall": 0.839041095890411,
            "precision": 0.7954545454545454,
            "specificity": 0.6170212765957447,
            "accuracy": 0.7590361445783133,
            "expected AP": 0.6396495071193866
        },
        "1": {
            "TN": 561,
            "FP": 185,
            "FN": 92,
            "TP": 75,
            "AP": 0.2719742363957985,
            "recall": 0.4491017964071856,
            "precision": 0.28846153846153844,
            "specificity": 0.7520107238605898,
            "accuracy": 0.696604600219058,
            "expected AP": 0.1829134720700986
        },
        "2": {
            "TN": 767,
            "FP": 6,
            "FN": 136,
            "TP": 4,
            "AP": 0.33315925910073607,
            "recall": 0.02857142857142857,
            "precision": 0.4,
            "specificity": 0.9922380336351876,
            "accuracy": 0.8444687842278203,
            "expected AP": 0.1533406352683461
        },
        "3": {
            "TN": 873,
            "FP": 18,
            "FN": 13,
            "TP": 9,
            "AP": 0.40371435618849316,
            "recall": 0.4090909090909091,
            "precision": 0.3333333333333333,
            "specificity": 0.9797979797979798,
            "accuracy": 0.9660460021905805,
            "expected AP": 0.024096385542168676
        }
    }
}
