{
    "overall": {
        "mAP": 0.47849075047489154,
        "accuracy": 0.5188309285978543,
        "expected mAP": 0.25
    },
    "classwise": {
        "0": {
            "TN": 5076,
            "FP": 4082,
            "FN": 916,
            "TP": 3441,
            "AP": 0.5626930929038638,
            "recall": 0.7897635988065183,
            "precision": 0.45739731490097035,
            "specificity": 0.5542694911552741,
            "accuracy": 0.630188679245283,
            "expected AP": 0.3223825379208287
        },
        "1": {
            "TN": 4965,
            "FP": 2176,
            "FN": 3195,
            "TP": 3179,
            "AP": 0.5696504596083496,
            "recall": 0.4987449011609664,
            "precision": 0.5936507936507937,
            "specificity": 0.6952807730009802,
            "accuracy": 0.6025897151313355,
            "expected AP": 0.4716241213466519
        },
        "2": {
            "TN": 11314,
            "FP": 236,
            "FN": 1829,
            "TP": 136,
            "AP": 0.18311345766124773,
            "recall": 0.06921119592875317,
            "precision": 0.3655913978494624,
            "specificity": 0.9795670995670995,
            "accuracy": 0.8472068072512023,
            "expected AP": 0.1453940066592675
        },
        "3": {
            "TN": 12687,
            "FP": 9,
            "FN": 563,
            "TP": 256,
            "AP": 0.5985059917261052,
            "recall": 0.3125763125763126,
            "precision": 0.9660377358490566,
            "specificity": 0.9992911153119093,
            "accuracy": 0.9576766555678875,
            "expected AP": 0.060599334073251944
        }
    }
}
