{
    "overall": {
        "mAP": 0.4231829377301508,
        "accuracy": 0.5023148148148148,
        "expected mAP": 0.25,
        "balanced accuracy": 0.32261332635452356
    },
    "classwise": {
        "0": {
            "TN": 161,
            "FP": 123,
            "FN": 42,
            "TP": 106,
            "AP": 0.6208450983418201,
            "recall": 0.7162162162162162,
            "precision": 0.462882096069869,
            "specificity": 0.5669014084507042,
            "accuracy": 0.6180555555555556,
            "expected AP": 0.3425925925925926
        },
        "1": {
            "TN": 143,
            "FP": 76,
            "FN": 104,
            "TP": 109,
            "AP": 0.6754872070220775,
            "recall": 0.5117370892018779,
            "precision": 0.5891891891891892,
            "specificity": 0.6529680365296804,
            "accuracy": 0.5833333333333334,
            "expected AP": 0.4930555555555556
        },
        "2": {
            "TN": 378,
            "FP": 15,
            "FN": 39,
            "TP": 0,
            "AP": 0.14383195017828512,
            "recall": 0.0,
            "precision": 0.0,
            "specificity": 0.9618320610687023,
            "accuracy": 0.875,
            "expected AP": 0.09027777777777778
        },
        "3": {
            "TN": 399,
            "FP": 1,
            "FN": 30,
            "TP": 2,
            "AP": 0.25256749537842016,
            "recall": 0.0625,
            "precision": 0.6666666666666666,
            "specificity": 0.9975,
            "accuracy": 0.9282407407407407,
            "expected AP": 0.07407407407407407
        }
    }
}
