{
    "overall": {
        "mAP": 0.4770297322229998,
        "accuracy": 0.46244913059563447,
        "expected mAP": 0.25
    },
    "classwise": {
        "0": {
            "TN": 3766,
            "FP": 5392,
            "FN": 629,
            "TP": 3728,
            "AP": 0.5521029648797282,
            "recall": 0.8556346109708515,
            "precision": 0.4087719298245614,
            "specificity": 0.4112251583315134,
            "accuracy": 0.5544950055493896,
            "expected AP": 0.3223825379208287
        },
        "1": {
            "TN": 5677,
            "FP": 1464,
            "FN": 4252,
            "TP": 2122,
            "AP": 0.5605995481600496,
            "recall": 0.3329149670536555,
            "precision": 0.5917456776352482,
            "specificity": 0.7949866965411007,
            "accuracy": 0.5770625231224565,
            "expected AP": 0.4716241213466519
        },
        "2": {
            "TN": 11141,
            "FP": 409,
            "FN": 1801,
            "TP": 164,
            "AP": 0.20946512480683505,
            "recall": 0.08346055979643766,
            "precision": 0.2862129144851658,
            "specificity": 0.9645887445887446,
            "accuracy": 0.8364779874213837,
            "expected AP": 0.1453940066592675
        },
        "3": {
            "TN": 12696,
            "FP": 0,
            "FN": 583,
            "TP": 236,
            "AP": 0.5859512910453862,
            "recall": 0.28815628815628813,
            "precision": 1.0,
            "specificity": 1.0,
            "accuracy": 0.9568627450980393,
            "expected AP": 0.060599334073251944
        }
    }
}
