{
    "TN": 149,
    "FP": 19,
    "FN": 172,
    "TP": 39,
    "AP": 0.6833230680728004,
    "recall": 0.1848341232227488,
    "precision": 0.6724137931034483,
    "specificity": 0.8869047619047619,
    "accuracy": 0.49604221635883905,
    "expected AP": 0.5567282321899736,
    "auroc": 0.6665538253215979,
    "balanced accuracy": 0.5358694425637553,
    "adjusted balanced accuracy": 0.0717388851275107
}
