{
    "TN": 117,
    "FP": 51,
    "FN": 110,
    "TP": 101,
    "AP": 0.657966917265658,
    "recall": 0.4786729857819905,
    "precision": 0.6644736842105263,
    "specificity": 0.6964285714285714,
    "accuracy": 0.575197889182058,
    "expected AP": 0.5567282321899736,
    "auroc": 0.634619724667118,
    "balanced accuracy": 0.5875507786052809,
    "adjusted balanced accuracy": 0.17510155721056186
}
