{
    "TN": 1158,
    "FP": 30,
    "FN": 77,
    "TP": 2,
    "AP": 0.10025780743580529,
    "recall": 0.02531645569620253,
    "precision": 0.0625,
    "specificity": 0.9747474747474747,
    "accuracy": 0.9155485398579322,
    "expected AP": 0.062352012628255724,
    "auroc": 0.6526658995013425,
    "balanced accuracy": 0.5000319652218386,
    "adjusted balanced accuracy": 6.39304436771404e-05
}
