{
    "overall": {
        "mAP": 0.4785783422087788,
        "accuracy": 0.49478357380688126,
        "expected mAP": 0.25
    },
    "classwise": {
        "0": {
            "TN": 4776,
            "FP": 4382,
            "FN": 904,
            "TP": 3453,
            "AP": 0.5605907230243916,
            "recall": 0.7925177874684416,
            "precision": 0.44071474154435225,
            "specificity": 0.521511246997161,
            "accuracy": 0.6088790233074362,
            "expected AP": 0.3223825379208287
        },
        "1": {
            "TN": 4948,
            "FP": 2193,
            "FN": 3460,
            "TP": 2914,
            "AP": 0.5579203301263624,
            "recall": 0.4571697521179793,
            "precision": 0.5705893871157235,
            "specificity": 0.6929001540400505,
            "accuracy": 0.5817240103588606,
            "expected AP": 0.4716241213466519
        },
        "2": {
            "TN": 11307,
            "FP": 243,
            "FN": 1882,
            "TP": 83,
            "AP": 0.19752303849380473,
            "recall": 0.042239185750636135,
            "precision": 0.254601226993865,
            "specificity": 0.9789610389610389,
            "accuracy": 0.8427672955974843,
            "expected AP": 0.1453940066592675
        },
        "3": {
            "TN": 12686,
            "FP": 10,
            "FN": 582,
            "TP": 237,
            "AP": 0.5982792771905566,
            "recall": 0.2893772893772894,
            "precision": 0.9595141700404858,
            "specificity": 0.9992123503465659,
            "accuracy": 0.9561968183499815,
            "expected AP": 0.060599334073251944
        }
    }
}
