{
    "overall": {
        "mAP": 0.3833190571574362,
        "accuracy": 0.5772843723313408,
        "expected mAP": 0.25,
        "balanced accuracy": 0.38511192945115486,
        "adjusted balanced accuracy": 0.18014923926820647
    },
    "classwise": {
        "0": {
            "TN": 258,
            "FP": 178,
            "FN": 193,
            "TP": 542,
            "AP": 0.7738498221200181,
            "recall": 0.7374149659863946,
            "precision": 0.7527777777777778,
            "specificity": 0.591743119266055,
            "accuracy": 0.6831767719897524,
            "expected AP": 0.627668659265585
        },
        "1": {
            "TN": 698,
            "FP": 255,
            "FN": 108,
            "TP": 110,
            "AP": 0.27756536883552574,
            "recall": 0.5045871559633027,
            "precision": 0.3013698630136986,
            "specificity": 0.7324239244491081,
            "accuracy": 0.6900085397096499,
            "expected AP": 0.18616567036720752
        },
        "2": {
            "TN": 923,
            "FP": 55,
            "FN": 174,
            "TP": 19,
            "AP": 0.23923562231313666,
            "recall": 0.09844559585492228,
            "precision": 0.25675675675675674,
            "specificity": 0.943762781186094,
            "accuracy": 0.8044406490179334,
            "expected AP": 0.16481639624252775
        },
        "3": {
            "TN": 1139,
            "FP": 7,
            "FN": 20,
            "TP": 5,
            "AP": 0.24262541536106425,
            "recall": 0.2,
            "precision": 0.4166666666666667,
            "specificity": 0.993891797556719,
            "accuracy": 0.9769427839453458,
            "expected AP": 0.02134927412467976
        }
    }
}
