{
    "overall": {
        "mAP": 0.38763317703393363,
        "accuracy": 0.5914567360350493,
        "expected mAP": 0.24999999999999997,
        "balanced accuracy": 0.3889193659469888,
        "adjusted balanced accuracy": 0.18522582126265172
    },
    "classwise": {
        "0": {
            "TN": 192,
            "FP": 137,
            "FN": 143,
            "TP": 441,
            "AP": 0.779603808559695,
            "recall": 0.7551369863013698,
            "precision": 0.7629757785467128,
            "specificity": 0.5835866261398176,
            "accuracy": 0.6933187294633077,
            "expected AP": 0.6396495071193866
        },
        "1": {
            "TN": 551,
            "FP": 195,
            "FN": 82,
            "TP": 85,
            "AP": 0.2826480094007078,
            "recall": 0.5089820359281437,
            "precision": 0.30357142857142855,
            "specificity": 0.7386058981233244,
            "accuracy": 0.696604600219058,
            "expected AP": 0.1829134720700986
        },
        "2": {
            "TN": 739,
            "FP": 34,
            "FN": 131,
            "TP": 9,
            "AP": 0.20177086812807501,
            "recall": 0.06428571428571428,
            "precision": 0.20930232558139536,
            "specificity": 0.9560155239327296,
            "accuracy": 0.8192771084337349,
            "expected AP": 0.1533406352683461
        },
        "3": {
            "TN": 884,
            "FP": 7,
            "FN": 17,
            "TP": 5,
            "AP": 0.28651002204725673,
            "recall": 0.22727272727272727,
            "precision": 0.4166666666666667,
            "specificity": 0.9921436588103255,
            "accuracy": 0.9737130339539978,
            "expected AP": 0.024096385542168676
        }
    }
}
