{
    "TN": 112,
    "FP": 56,
    "FN": 113,
    "TP": 98,
    "AP": 0.6493396703680472,
    "recall": 0.46445497630331756,
    "precision": 0.6363636363636364,
    "specificity": 0.6666666666666666,
    "accuracy": 0.554089709762533,
    "expected AP": 0.5567282321899736,
    "auroc": 0.6237305348679756,
    "balanced accuracy": 0.5655608214849921,
    "adjusted balanced accuracy": 0.1311216429699842
}
