{
    "overall": {
        "mAP": 0.48202100577071194,
        "accuracy": 0.4215456674473068,
        "expected mAP": 0.25,
        "balanced accuracy": 0.3316119691119691,
        "adjusted balanced accuracy": 0.1088159588159588
    },
    "classwise": {
        "0": {
            "TN": 66,
            "FP": 213,
            "FN": 13,
            "TP": 135,
            "AP": 0.49353470418406425,
            "recall": 0.9121621621621622,
            "precision": 0.3879310344827586,
            "specificity": 0.23655913978494625,
            "accuracy": 0.4707259953161593,
            "expected AP": 0.34660421545667447
        },
        "1": {
            "TN": 188,
            "FP": 29,
            "FN": 172,
            "TP": 38,
            "AP": 0.5752261040454726,
            "recall": 0.18095238095238095,
            "precision": 0.5671641791044776,
            "specificity": 0.8663594470046083,
            "accuracy": 0.5292740046838408,
            "expected AP": 0.4918032786885246
        },
        "2": {
            "TN": 383,
            "FP": 5,
            "FN": 39,
            "TP": 0,
            "AP": 0.12209817067917753,
            "recall": 0.0,
            "precision": 0.0,
            "specificity": 0.9871134020618557,
            "accuracy": 0.8969555035128806,
            "expected AP": 0.09133489461358314
        },
        "3": {
            "TN": 397,
            "FP": 0,
            "FN": 23,
            "TP": 7,
            "AP": 0.7372250441741336,
            "recall": 0.23333333333333334,
            "precision": 1.0,
            "specificity": 1.0,
            "accuracy": 0.9461358313817331,
            "expected AP": 0.0702576112412178
        }
    }
}
