{
    "overall": {
        "mAP": 0.4083676307612417,
        "accuracy": 0.5138888888888888,
        "expected mAP": 0.25,
        "balanced accuracy": 0.3279663906864611
    },
    "classwise": {
        "0": {
            "TN": 169,
            "FP": 115,
            "FN": 43,
            "TP": 105,
            "AP": 0.5468453621078135,
            "recall": 0.7094594594594594,
            "precision": 0.4772727272727273,
            "specificity": 0.5950704225352113,
            "accuracy": 0.6342592592592593,
            "expected AP": 0.3425925925925926
        },
        "1": {
            "TN": 142,
            "FP": 77,
            "FN": 98,
            "TP": 115,
            "AP": 0.6759530802368879,
            "recall": 0.539906103286385,
            "precision": 0.5989583333333334,
            "specificity": 0.6484018264840182,
            "accuracy": 0.5949074074074074,
            "expected AP": 0.4930555555555556
        },
        "2": {
            "TN": 377,
            "FP": 16,
            "FN": 39,
            "TP": 0,
            "AP": 0.1601621843336424,
            "recall": 0.0,
            "precision": 0.0,
            "specificity": 0.9592875318066157,
            "accuracy": 0.8726851851851852,
            "expected AP": 0.09027777777777778
        },
        "3": {
            "TN": 398,
            "FP": 2,
            "FN": 30,
            "TP": 2,
            "AP": 0.2505098963666231,
            "recall": 0.0625,
            "precision": 0.5,
            "specificity": 0.995,
            "accuracy": 0.9259259259259259,
            "expected AP": 0.07407407407407407
        }
    }
}
