{
    "overall": {
        "mAP": 0.4754996781120827,
        "accuracy": 0.41217798594847777,
        "expected mAP": 0.25,
        "balanced accuracy": 0.3382152757152757,
        "adjusted balanced accuracy": 0.11762036762036761
    },
    "classwise": {
        "0": {
            "TN": 58,
            "FP": 221,
            "FN": 15,
            "TP": 133,
            "AP": 0.4900818849645352,
            "recall": 0.8986486486486487,
            "precision": 0.3757062146892655,
            "specificity": 0.2078853046594982,
            "accuracy": 0.44730679156908665,
            "expected AP": 0.34660421545667447
        },
        "1": {
            "TN": 193,
            "FP": 24,
            "FN": 176,
            "TP": 34,
            "AP": 0.5874484423254904,
            "recall": 0.1619047619047619,
            "precision": 0.5862068965517241,
            "specificity": 0.8894009216589862,
            "accuracy": 0.531615925058548,
            "expected AP": 0.4918032786885246
        },
        "2": {
            "TN": 383,
            "FP": 5,
            "FN": 38,
            "TP": 1,
            "AP": 0.12333587147152862,
            "recall": 0.02564102564102564,
            "precision": 0.16666666666666666,
            "specificity": 0.9871134020618557,
            "accuracy": 0.8992974238875878,
            "expected AP": 0.09133489461358314
        },
        "3": {
            "TN": 396,
            "FP": 1,
            "FN": 22,
            "TP": 8,
            "AP": 0.7011325136867766,
            "recall": 0.26666666666666666,
            "precision": 0.8888888888888888,
            "specificity": 0.9974811083123426,
            "accuracy": 0.9461358313817331,
            "expected AP": 0.0702576112412178
        }
    }
}
