{
    "TN": 118,
    "FP": 50,
    "FN": 114,
    "TP": 97,
    "AP": 0.6581315630191942,
    "recall": 0.4597156398104265,
    "precision": 0.6598639455782312,
    "specificity": 0.7023809523809523,
    "accuracy": 0.5672823218997362,
    "expected AP": 0.5567282321899736,
    "auroc": 0.6335900473933649,
    "balanced accuracy": 0.5810482960956894,
    "adjusted balanced accuracy": 0.16209659219137884
}
