{
    "overall": {
        "mAP": 0.47926615319869903,
        "accuracy": 0.48131705512393635,
        "expected mAP": 0.25
    },
    "classwise": {
        "0": {
            "TN": 4182,
            "FP": 4976,
            "FN": 615,
            "TP": 3742,
            "AP": 0.5511217075767388,
            "recall": 0.8588478310764287,
            "precision": 0.4292268869006653,
            "specificity": 0.45664992356409695,
            "accuracy": 0.5863115057343692,
            "expected AP": 0.3223825379208287
        },
        "1": {
            "TN": 5354,
            "FP": 1787,
            "FN": 3980,
            "TP": 2394,
            "AP": 0.5696452643363883,
            "recall": 0.37558832758079697,
            "precision": 0.5725902894044487,
            "specificity": 0.7497549362834337,
            "accuracy": 0.5732889382167962,
            "expected AP": 0.4716241213466519
        },
        "2": {
            "TN": 11311,
            "FP": 239,
            "FN": 1844,
            "TP": 121,
            "AP": 0.19012740327181007,
            "recall": 0.06157760814249364,
            "precision": 0.33611111111111114,
            "specificity": 0.9793073593073593,
            "accuracy": 0.8458749537550869,
            "expected AP": 0.1453940066592675
        },
        "3": {
            "TN": 12688,
            "FP": 8,
            "FN": 571,
            "TP": 248,
            "AP": 0.6061702376098591,
            "recall": 0.3028083028083028,
            "precision": 0.96875,
            "specificity": 0.9993698802772527,
            "accuracy": 0.9571587125416204,
            "expected AP": 0.060599334073251944
        }
    }
}
