{
    "overall": {
        "mAP": 0.4775053711046465,
        "accuracy": 0.47909729929707734,
        "expected mAP": 0.25
    },
    "classwise": {
        "0": {
            "TN": 4212,
            "FP": 4946,
            "FN": 611,
            "TP": 3746,
            "AP": 0.5547702649257176,
            "recall": 0.8597658939637365,
            "precision": 0.4309710078232858,
            "specificity": 0.45992574797990826,
            "accuracy": 0.5888272290048094,
            "expected AP": 0.3223825379208287
        },
        "1": {
            "TN": 5289,
            "FP": 1852,
            "FN": 4004,
            "TP": 2370,
            "AP": 0.5617192114408136,
            "recall": 0.37182303106369624,
            "precision": 0.5613453339649456,
            "specificity": 0.7406525696681137,
            "accuracy": 0.5667036625971144,
            "expected AP": 0.4716241213466519
        },
        "2": {
            "TN": 11318,
            "FP": 232,
            "FN": 1856,
            "TP": 109,
            "AP": 0.18174105700006477,
            "recall": 0.05547073791348601,
            "precision": 0.3196480938416422,
            "specificity": 0.97991341991342,
            "accuracy": 0.8455049944506104,
            "expected AP": 0.1453940066592675
        },
        "3": {
            "TN": 12686,
            "FP": 10,
            "FN": 569,
            "TP": 250,
            "AP": 0.61179095105199,
            "recall": 0.3052503052503053,
            "precision": 0.9615384615384616,
            "specificity": 0.9992123503465659,
            "accuracy": 0.9571587125416204,
            "expected AP": 0.060599334073251944
        }
    }
}
