{
    "overall": {
        "mAP": 0.44643254374824926,
        "accuracy": 0.5138888888888888,
        "expected mAP": 0.25,
        "balanced accuracy": 0.3284818709554625
    },
    "classwise": {
        "0": {
            "TN": 165,
            "FP": 119,
            "FN": 42,
            "TP": 106,
            "AP": 0.6687438544663653,
            "recall": 0.7162162162162162,
            "precision": 0.4711111111111111,
            "specificity": 0.5809859154929577,
            "accuracy": 0.6273148148148148,
            "expected AP": 0.3425925925925926
        },
        "1": {
            "TN": 144,
            "FP": 75,
            "FN": 99,
            "TP": 114,
            "AP": 0.6796367421172321,
            "recall": 0.5352112676056338,
            "precision": 0.6031746031746031,
            "specificity": 0.6575342465753424,
            "accuracy": 0.5972222222222222,
            "expected AP": 0.4930555555555556
        },
        "2": {
            "TN": 378,
            "FP": 15,
            "FN": 39,
            "TP": 0,
            "AP": 0.15725045005668425,
            "recall": 0.0,
            "precision": 0.0,
            "specificity": 0.9618320610687023,
            "accuracy": 0.875,
            "expected AP": 0.09027777777777778
        },
        "3": {
            "TN": 399,
            "FP": 1,
            "FN": 30,
            "TP": 2,
            "AP": 0.2800991283527155,
            "recall": 0.0625,
            "precision": 0.6666666666666666,
            "specificity": 0.9975,
            "accuracy": 0.9282407407407407,
            "expected AP": 0.07407407407407407
        }
    }
}
