{
    "overall": {
        "mAP": 0.46176988096809357,
        "accuracy": 0.4675925925925926,
        "expected mAP": 0.25,
        "balanced accuracy": 0.31119345577972335
    },
    "classwise": {
        "0": {
            "TN": 123,
            "FP": 161,
            "FN": 30,
            "TP": 118,
            "AP": 0.7016840418601906,
            "recall": 0.7972972972972973,
            "precision": 0.4229390681003584,
            "specificity": 0.43309859154929575,
            "accuracy": 0.5578703703703703,
            "expected AP": 0.3425925925925926
        },
        "1": {
            "TN": 161,
            "FP": 58,
            "FN": 131,
            "TP": 82,
            "AP": 0.6648139565913784,
            "recall": 0.38497652582159625,
            "precision": 0.5857142857142857,
            "specificity": 0.7351598173515982,
            "accuracy": 0.5625,
            "expected AP": 0.4930555555555556
        },
        "2": {
            "TN": 383,
            "FP": 10,
            "FN": 39,
            "TP": 0,
            "AP": 0.1658256552433816,
            "recall": 0.0,
            "precision": 0.0,
            "specificity": 0.9745547073791349,
            "accuracy": 0.8865740740740741,
            "expected AP": 0.09027777777777778
        },
        "3": {
            "TN": 399,
            "FP": 1,
            "FN": 30,
            "TP": 2,
            "AP": 0.31475587017742357,
            "recall": 0.0625,
            "precision": 0.6666666666666666,
            "specificity": 0.9975,
            "accuracy": 0.9282407407407407,
            "expected AP": 0.07407407407407407
        }
    }
}
