{
    "overall": {
        "mAP": 0.5271521403310793,
        "accuracy": 0.4981132075471698,
        "expected mAP": 0.25
    },
    "classwise": {
        "0": {
            "TN": 4696,
            "FP": 4462,
            "FN": 924,
            "TP": 3433,
            "AP": 0.5708154710262148,
            "recall": 0.7879274730319027,
            "precision": 0.43483217226092463,
            "specificity": 0.5127757152216641,
            "accuracy": 0.601479837217906,
            "expected AP": 0.3223825379208287
        },
        "1": {
            "TN": 4959,
            "FP": 2182,
            "FN": 3502,
            "TP": 2872,
            "AP": 0.5461669038595112,
            "recall": 0.45058048321305305,
            "precision": 0.5682627621685793,
            "specificity": 0.6944405545441815,
            "accuracy": 0.5794302626711062,
            "expected AP": 0.4716241213466519
        },
        "2": {
            "TN": 11434,
            "FP": 116,
            "FN": 1776,
            "TP": 189,
            "AP": 0.34561777155332946,
            "recall": 0.09618320610687023,
            "precision": 0.6196721311475409,
            "specificity": 0.9899567099567099,
            "accuracy": 0.8600073991860895,
            "expected AP": 0.1453940066592675
        },
        "3": {
            "TN": 12673,
            "FP": 23,
            "FN": 581,
            "TP": 238,
            "AP": 0.6460084148852618,
            "recall": 0.2905982905982906,
            "precision": 0.9118773946360154,
            "specificity": 0.9981884057971014,
            "accuracy": 0.9553089160192378,
            "expected AP": 0.060599334073251944
        }
    }
}
