{
    "TN": 953,
    "FP": 147,
    "FN": 64,
    "TP": 12,
    "AP": 0.07622846486846349,
    "recall": 0.15789473684210525,
    "precision": 0.07547169811320754,
    "specificity": 0.8663636363636363,
    "accuracy": 0.8205782312925171,
    "expected AP": 0.06462585034013606,
    "auroc": 0.5654545454545453,
    "balanced accuracy": 0.5121291866028708,
    "adjusted balanced accuracy": 0.024258373205741535
}
