{
    "TN": 381,
    "FP": 13,
    "FN": 31,
    "TP": 2,
    "AP": 0.11800253753712969,
    "recall": 0.06060606060606061,
    "precision": 0.13333333333333333,
    "specificity": 0.9670050761421319,
    "accuracy": 0.8969555035128806,
    "expected AP": 0.07728337236533958,
    "auroc": 0.5979849253960929,
    "balanced accuracy": 0.5138055683740963,
    "adjusted balanced accuracy": 0.0276111367481926
}
