{
    "overall": {
        "mAP": 0.48229128334045224,
        "accuracy": 0.42857142857142855,
        "expected mAP": 0.25,
        "balanced accuracy": 0.34282496782496785,
        "adjusted balanced accuracy": 0.1237666237666238
    },
    "classwise": {
        "0": {
            "TN": 62,
            "FP": 217,
            "FN": 12,
            "TP": 136,
            "AP": 0.4966016761762657,
            "recall": 0.918918918918919,
            "precision": 0.38526912181303113,
            "specificity": 0.2222222222222222,
            "accuracy": 0.4637002341920375,
            "expected AP": 0.34660421545667447
        },
        "1": {
            "TN": 195,
            "FP": 22,
            "FN": 171,
            "TP": 39,
            "AP": 0.6024356179926814,
            "recall": 0.18571428571428572,
            "precision": 0.639344262295082,
            "specificity": 0.8986175115207373,
            "accuracy": 0.5480093676814989,
            "expected AP": 0.4918032786885246
        },
        "2": {
            "TN": 383,
            "FP": 5,
            "FN": 39,
            "TP": 0,
            "AP": 0.12309241246092298,
            "recall": 0.0,
            "precision": 0.0,
            "specificity": 0.9871134020618557,
            "accuracy": 0.8969555035128806,
            "expected AP": 0.09133489461358314
        },
        "3": {
            "TN": 397,
            "FP": 0,
            "FN": 22,
            "TP": 8,
            "AP": 0.7070354267319389,
            "recall": 0.26666666666666666,
            "precision": 1.0,
            "specificity": 1.0,
            "accuracy": 0.9484777517564403,
            "expected AP": 0.0702576112412178
        }
    }
}
