{
    "overall": {
        "mAP": 0.45720436374867224,
        "accuracy": 0.5049944506104328,
        "expected mAP": 0.25
    },
    "classwise": {
        "0": {
            "TN": 5130,
            "FP": 4028,
            "FN": 1045,
            "TP": 3312,
            "AP": 0.5178944256000029,
            "recall": 0.7601560706908423,
            "precision": 0.45122615803814714,
            "specificity": 0.5601659751037344,
            "accuracy": 0.6246392896781354,
            "expected AP": 0.3223825379208287
        },
        "1": {
            "TN": 4825,
            "FP": 2316,
            "FN": 3272,
            "TP": 3102,
            "AP": 0.5475155425788241,
            "recall": 0.48666457483526826,
            "precision": 0.5725359911406424,
            "specificity": 0.6756756756756757,
            "accuracy": 0.5865334813170551,
            "expected AP": 0.4716241213466519
        },
        "2": {
            "TN": 11234,
            "FP": 316,
            "FN": 1823,
            "TP": 142,
            "AP": 0.20365359899224778,
            "recall": 0.07226463104325699,
            "precision": 0.31004366812227074,
            "specificity": 0.9726406926406926,
            "accuracy": 0.8417314095449501,
            "expected AP": 0.1453940066592675
        },
        "3": {
            "TN": 12666,
            "FP": 30,
            "FN": 550,
            "TP": 269,
            "AP": 0.5597538878236142,
            "recall": 0.32844932844932845,
            "precision": 0.8996655518394648,
            "specificity": 0.9976370510396976,
            "accuracy": 0.9570847206807251,
            "expected AP": 0.060599334073251944
        }
    }
}
