{
    "overall": {
        "mAP": 0.47551744368637483,
        "accuracy": 0.45897151313355533,
        "expected mAP": 0.25
    },
    "classwise": {
        "0": {
            "TN": 3541,
            "FP": 5617,
            "FN": 609,
            "TP": 3748,
            "AP": 0.5337346145656153,
            "recall": 0.8602249254073904,
            "precision": 0.400213561131874,
            "specificity": 0.38665647521292856,
            "accuracy": 0.5393266740658528,
            "expected AP": 0.3223825379208287
        },
        "1": {
            "TN": 5599,
            "FP": 1542,
            "FN": 4245,
            "TP": 2129,
            "AP": 0.5694954777386636,
            "recall": 0.3340131785378099,
            "precision": 0.579950967038954,
            "specificity": 0.7840638566027167,
            "accuracy": 0.5718091009988902,
            "expected AP": 0.4716241213466519
        },
        "2": {
            "TN": 11450,
            "FP": 100,
            "FN": 1929,
            "TP": 36,
            "AP": 0.18237628861524685,
            "recall": 0.0183206106870229,
            "precision": 0.2647058823529412,
            "specificity": 0.9913419913419913,
            "accuracy": 0.8498705142434332,
            "expected AP": 0.1453940066592675
        },
        "3": {
            "TN": 12643,
            "FP": 53,
            "FN": 529,
            "TP": 290,
            "AP": 0.6164633938259735,
            "recall": 0.3540903540903541,
            "precision": 0.8454810495626822,
            "specificity": 0.995825456836799,
            "accuracy": 0.9569367369589346,
            "expected AP": 0.060599334073251944
        }
    }
}
