{
    "TN": 1050,
    "FP": 50,
    "FN": 62,
    "TP": 14,
    "AP": 0.14551838196584746,
    "recall": 0.18421052631578946,
    "precision": 0.21875,
    "specificity": 0.9545454545454546,
    "accuracy": 0.9047619047619048,
    "expected AP": 0.06462585034013606,
    "auroc": 0.6819019138755982,
    "balanced accuracy": 0.569377990430622,
    "adjusted balanced accuracy": 0.13875598086124397
}
