{
    "overall": {
        "mAP": 0.47572116553072974,
        "accuracy": 0.46407695153533113,
        "expected mAP": 0.25
    },
    "classwise": {
        "0": {
            "TN": 3826,
            "FP": 5332,
            "FN": 537,
            "TP": 3820,
            "AP": 0.5477168454931023,
            "recall": 0.8767500573789304,
            "precision": 0.4173951048951049,
            "specificity": 0.41777680716313603,
            "accuracy": 0.5657417684054754,
            "expected AP": 0.3223825379208287
        },
        "1": {
            "TN": 5512,
            "FP": 1629,
            "FN": 4314,
            "TP": 2060,
            "AP": 0.5600922361836946,
            "recall": 0.3231879510511453,
            "precision": 0.558416915153158,
            "specificity": 0.7718806889791345,
            "accuracy": 0.5602663706992231,
            "expected AP": 0.4716241213466519
        },
        "2": {
            "TN": 11274,
            "FP": 276,
            "FN": 1820,
            "TP": 145,
            "AP": 0.20239932455482706,
            "recall": 0.0737913486005089,
            "precision": 0.34441805225653205,
            "specificity": 0.9761038961038961,
            "accuracy": 0.844913059563448,
            "expected AP": 0.1453940066592675
        },
        "3": {
            "TN": 12690,
            "FP": 6,
            "FN": 572,
            "TP": 247,
            "AP": 0.5926762558912951,
            "recall": 0.30158730158730157,
            "precision": 0.9762845849802372,
            "specificity": 0.9995274102079396,
            "accuracy": 0.9572327044025157,
            "expected AP": 0.060599334073251944
        }
    }
}
