{
    "overall": {
        "mAP": 0.4153029849948408,
        "accuracy": 0.6699507389162561,
        "expected mAP": 0.25,
        "balanced accuracy": 0.47036044556536366,
        "adjusted balanced accuracy": 0.2938139274204849
    },
    "classwise": {
        "0": {
            "TN": 178,
            "FP": 129,
            "FN": 118,
            "TP": 590,
            "AP": 0.8671326494202642,
            "recall": 0.8333333333333334,
            "precision": 0.8205841446453408,
            "specificity": 0.5798045602605864,
            "accuracy": 0.7566502463054188,
            "expected AP": 0.6975369458128079
        },
        "1": {
            "TN": 677,
            "FP": 155,
            "FN": 120,
            "TP": 63,
            "AP": 0.26012558182752216,
            "recall": 0.3442622950819672,
            "precision": 0.2889908256880734,
            "specificity": 0.8137019230769231,
            "accuracy": 0.729064039408867,
            "expected AP": 0.18029556650246306
        },
        "2": {
            "TN": 901,
            "FP": 10,
            "FN": 88,
            "TP": 16,
            "AP": 0.3307582796145283,
            "recall": 0.15384615384615385,
            "precision": 0.6153846153846154,
            "specificity": 0.9890230515916575,
            "accuracy": 0.903448275862069,
            "expected AP": 0.10246305418719212
        },
        "3": {
            "TN": 954,
            "FP": 41,
            "FN": 9,
            "TP": 11,
            "AP": 0.20319542911704852,
            "recall": 0.55,
            "precision": 0.21153846153846154,
            "specificity": 0.9587939698492463,
            "accuracy": 0.9507389162561576,
            "expected AP": 0.019704433497536946
        }
    }
}
