{
    "TN": 120,
    "FP": 48,
    "FN": 112,
    "TP": 99,
    "AP": 0.6661946525684227,
    "recall": 0.46919431279620855,
    "precision": 0.673469387755102,
    "specificity": 0.7142857142857143,
    "accuracy": 0.5778364116094987,
    "expected AP": 0.5567282321899736,
    "auroc": 0.6423493568043331,
    "balanced accuracy": 0.5917400135409614,
    "adjusted balanced accuracy": 0.1834800270819228
}
