{
    "overall": {
        "mAP": 0.4219880880524734,
        "accuracy": 0.4861111111111111,
        "expected mAP": 0.25,
        "balanced accuracy": 0.31645928498921455
    },
    "classwise": {
        "0": {
            "TN": 147,
            "FP": 137,
            "FN": 38,
            "TP": 110,
            "AP": 0.6259450921745359,
            "recall": 0.7432432432432432,
            "precision": 0.44534412955465585,
            "specificity": 0.5176056338028169,
            "accuracy": 0.5949074074074074,
            "expected AP": 0.3425925925925926
        },
        "1": {
            "TN": 149,
            "FP": 70,
            "FN": 115,
            "TP": 98,
            "AP": 0.6619817103898945,
            "recall": 0.460093896713615,
            "precision": 0.5833333333333334,
            "specificity": 0.680365296803653,
            "accuracy": 0.5717592592592593,
            "expected AP": 0.4930555555555556
        },
        "2": {
            "TN": 379,
            "FP": 14,
            "FN": 39,
            "TP": 0,
            "AP": 0.14553569399425614,
            "recall": 0.0,
            "precision": 0.0,
            "specificity": 0.9643765903307888,
            "accuracy": 0.8773148148148148,
            "expected AP": 0.09027777777777778
        },
        "3": {
            "TN": 399,
            "FP": 1,
            "FN": 30,
            "TP": 2,
            "AP": 0.2544898556512069,
            "recall": 0.0625,
            "precision": 0.6666666666666666,
            "specificity": 0.9975,
            "accuracy": 0.9282407407407407,
            "expected AP": 0.07407407407407407
        }
    }
}
