{
    "overall": {
        "mAP": 0.5379499467159796,
        "accuracy": 0.4050925925925926,
        "expected mAP": 0.25,
        "balanced accuracy": 0.3010285813982997
    },
    "classwise": {
        "0": {
            "TN": 56,
            "FP": 228,
            "FN": 14,
            "TP": 134,
            "AP": 0.7164399055137982,
            "recall": 0.9054054054054054,
            "precision": 0.3701657458563536,
            "specificity": 0.19718309859154928,
            "accuracy": 0.4398148148148148,
            "expected AP": 0.3425925925925926
        },
        "1": {
            "TN": 196,
            "FP": 23,
            "FN": 176,
            "TP": 37,
            "AP": 0.6541797737154016,
            "recall": 0.17370892018779344,
            "precision": 0.6166666666666667,
            "specificity": 0.8949771689497716,
            "accuracy": 0.5393518518518519,
            "expected AP": 0.4930555555555556
        },
        "2": {
            "TN": 388,
            "FP": 5,
            "FN": 39,
            "TP": 0,
            "AP": 0.15112990181469915,
            "recall": 0.0,
            "precision": 0.0,
            "specificity": 0.9872773536895675,
            "accuracy": 0.8981481481481481,
            "expected AP": 0.09027777777777778
        },
        "3": {
            "TN": 399,
            "FP": 1,
            "FN": 28,
            "TP": 4,
            "AP": 0.6300502058200197,
            "recall": 0.125,
            "precision": 0.8,
            "specificity": 0.9975,
            "accuracy": 0.9328703703703703,
            "expected AP": 0.07407407407407407
        }
    }
}
