{
    "TN": 445,
    "FP": 123,
    "FN": 76,
    "TP": 143,
    "AP": 0.5745560213651021,
    "recall": 0.6529680365296804,
    "precision": 0.5375939849624061,
    "specificity": 0.7834507042253521,
    "accuracy": 0.747141041931385,
    "expected AP": 0.2782719186785261,
    "auroc": 0.7961605247925911,
    "balanced accuracy": 0.7182093703775163,
    "adjusted balanced accuracy": 0.4364187407550326
}
