{
    "overall": {
        "mAP": 0.4696598564085407,
        "accuracy": 0.5245283018867924,
        "expected mAP": 0.25
    },
    "classwise": {
        "0": {
            "TN": 5317,
            "FP": 3841,
            "FN": 1192,
            "TP": 3165,
            "AP": 0.5486475576801192,
            "recall": 0.7264172595822814,
            "precision": 0.4517556380245504,
            "specificity": 0.5805852806289583,
            "accuracy": 0.6275989641139474,
            "expected AP": 0.3223825379208287
        },
        "1": {
            "TN": 4708,
            "FP": 2433,
            "FN": 2766,
            "TP": 3608,
            "AP": 0.5766138107830234,
            "recall": 0.5660495764041418,
            "precision": 0.5972521105777189,
            "specificity": 0.6592914157680997,
            "accuracy": 0.6153163152053274,
            "expected AP": 0.4716241213466519
        },
        "2": {
            "TN": 11424,
            "FP": 126,
            "FN": 1891,
            "TP": 74,
            "AP": 0.20025519347555934,
            "recall": 0.037659033078880404,
            "precision": 0.37,
            "specificity": 0.9890909090909091,
            "accuracy": 0.8507584165741768,
            "expected AP": 0.1453940066592675
        },
        "3": {
            "TN": 12670,
            "FP": 26,
            "FN": 577,
            "TP": 242,
            "AP": 0.5531228636954605,
            "recall": 0.2954822954822955,
            "precision": 0.9029850746268657,
            "specificity": 0.9979521109010712,
            "accuracy": 0.9553829078801331,
            "expected AP": 0.060599334073251944
        }
    }
}
