{
    "TN": 1278,
    "FP": 295,
    "FN": 186,
    "TP": 408,
    "AP": 0.6750217824348258,
    "recall": 0.6868686868686869,
    "precision": 0.5803698435277382,
    "specificity": 0.8124602670057216,
    "accuracy": 0.7780341485925242,
    "expected AP": 0.27411167512690354,
    "auroc": 0.8318777946877121,
    "balanced accuracy": 0.7496644769372043,
    "adjusted balanced accuracy": 0.49932895387440857
}
