{
    "TN": 5752,
    "FP": 139,
    "FN": 104,
    "TP": 3119,
    "AP": 0.9935191027029547,
    "recall": 0.9677319267762954,
    "precision": 0.9573357888275016,
    "specificity": 0.976404685112884,
    "accuracy": 0.9733377221856484,
    "expected AP": 0.35363177529076145,
    "auroc": 0.9961211781324951,
    "balanced accuracy": 0.9720683059445897,
    "adjusted balanced accuracy": 0.9441366118891794
}
