{
    "TN": 67,
    "FP": 101,
    "FN": 63,
    "TP": 148,
    "AP": 0.6627071804674297,
    "recall": 0.7014218009478673,
    "precision": 0.5943775100401606,
    "specificity": 0.39880952380952384,
    "accuracy": 0.5672823218997362,
    "expected AP": 0.5567282321899736,
    "auroc": 0.5927555856465809,
    "balanced accuracy": 0.5501156623786956,
    "adjusted balanced accuracy": 0.10023132475739116
}
