{
    "TN": 381,
    "FP": 13,
    "FN": 28,
    "TP": 5,
    "AP": 0.20759994861697556,
    "recall": 0.15151515151515152,
    "precision": 0.2777777777777778,
    "specificity": 0.9670050761421319,
    "accuracy": 0.9039812646370023,
    "expected AP": 0.07728337236533958,
    "auroc": 0.6646669743116442,
    "balanced accuracy": 0.5592601138286417,
    "adjusted balanced accuracy": 0.11852022765728343
}
