{
    "overall": {
        "mAP": 0.3980272104957094,
        "accuracy": 0.5576430401366353,
        "expected mAP": 0.25,
        "balanced accuracy": 0.4051207008448671,
        "adjusted balanced accuracy": 0.20682760112648949
    },
    "classwise": {
        "0": {
            "TN": 293,
            "FP": 143,
            "FN": 228,
            "TP": 507,
            "AP": 0.7916049208558806,
            "recall": 0.689795918367347,
            "precision": 0.78,
            "specificity": 0.6720183486238532,
            "accuracy": 0.6831767719897524,
            "expected AP": 0.627668659265585
        },
        "1": {
            "TN": 663,
            "FP": 290,
            "FN": 101,
            "TP": 117,
            "AP": 0.2747554875615667,
            "recall": 0.536697247706422,
            "precision": 0.28746928746928746,
            "specificity": 0.695697796432319,
            "accuracy": 0.6660973526900086,
            "expected AP": 0.18616567036720752
        },
        "2": {
            "TN": 898,
            "FP": 80,
            "FN": 171,
            "TP": 22,
            "AP": 0.22418696202731858,
            "recall": 0.11398963730569948,
            "precision": 0.21568627450980393,
            "specificity": 0.918200408997955,
            "accuracy": 0.7856532877882152,
            "expected AP": 0.16481639624252775
        },
        "3": {
            "TN": 1141,
            "FP": 5,
            "FN": 18,
            "TP": 7,
            "AP": 0.3015614715380714,
            "recall": 0.28,
            "precision": 0.5833333333333334,
            "specificity": 0.9956369982547993,
            "accuracy": 0.9803586678052946,
            "expected AP": 0.02134927412467976
        }
    }
}
