{
    "overall": {
        "mAP": 0.4078350747727759,
        "accuracy": 0.5826944140197152,
        "expected mAP": 0.24999999999999997,
        "balanced accuracy": 0.42270536759606564,
        "adjusted balanced accuracy": 0.23027382346142086
    },
    "classwise": {
        "0": {
            "TN": 218,
            "FP": 111,
            "FN": 166,
            "TP": 418,
            "AP": 0.791411802713347,
            "recall": 0.7157534246575342,
            "precision": 0.7901701323251418,
            "specificity": 0.662613981762918,
            "accuracy": 0.696604600219058,
            "expected AP": 0.6396495071193866
        },
        "1": {
            "TN": 536,
            "FP": 210,
            "FN": 74,
            "TP": 93,
            "AP": 0.28985702984083933,
            "recall": 0.5568862275449101,
            "precision": 0.3069306930693069,
            "specificity": 0.7184986595174263,
            "accuracy": 0.6889375684556407,
            "expected AP": 0.1829134720700986
        },
        "2": {
            "TN": 718,
            "FP": 55,
            "FN": 126,
            "TP": 14,
            "AP": 0.20411867929424882,
            "recall": 0.1,
            "precision": 0.2028985507246377,
            "specificity": 0.9288486416558862,
            "accuracy": 0.8017524644030668,
            "expected AP": 0.1533406352683461
        },
        "3": {
            "TN": 886,
            "FP": 5,
            "FN": 15,
            "TP": 7,
            "AP": 0.34595278724266837,
            "recall": 0.3181818181818182,
            "precision": 0.5833333333333334,
            "specificity": 0.9943883277216611,
            "accuracy": 0.9780941949616648,
            "expected AP": 0.024096385542168676
        }
    }
}
