{
    "overall": {
        "mAP": 0.4880245861952002,
        "accuracy": 0.4426229508196721,
        "expected mAP": 0.25,
        "balanced accuracy": 0.34797297297297297,
        "adjusted balanced accuracy": 0.13063063063063063
    },
    "classwise": {
        "0": {
            "TN": 80,
            "FP": 199,
            "FN": 16,
            "TP": 132,
            "AP": 0.5090137146229752,
            "recall": 0.8918918918918919,
            "precision": 0.3987915407854985,
            "specificity": 0.2867383512544803,
            "accuracy": 0.4964871194379391,
            "expected AP": 0.34660421545667447
        },
        "1": {
            "TN": 185,
            "FP": 32,
            "FN": 161,
            "TP": 49,
            "AP": 0.5828026266606039,
            "recall": 0.23333333333333334,
            "precision": 0.6049382716049383,
            "specificity": 0.8525345622119815,
            "accuracy": 0.5480093676814989,
            "expected AP": 0.4918032786885246
        },
        "2": {
            "TN": 382,
            "FP": 6,
            "FN": 39,
            "TP": 0,
            "AP": 0.13883311220217903,
            "recall": 0.0,
            "precision": 0.0,
            "specificity": 0.9845360824742269,
            "accuracy": 0.8946135831381733,
            "expected AP": 0.09133489461358314
        },
        "3": {
            "TN": 396,
            "FP": 1,
            "FN": 22,
            "TP": 8,
            "AP": 0.7214488912950427,
            "recall": 0.26666666666666666,
            "precision": 0.8888888888888888,
            "specificity": 0.9974811083123426,
            "accuracy": 0.9461358313817331,
            "expected AP": 0.0702576112412178
        }
    }
}
