{
    "overall": {
        "mAP": 0.509575670363632,
        "accuracy": 0.4699074074074074,
        "expected mAP": 0.25,
        "balanced accuracy": 0.3404687698261642
    },
    "classwise": {
        "0": {
            "TN": 98,
            "FP": 186,
            "FN": 27,
            "TP": 121,
            "AP": 0.6402257434071961,
            "recall": 0.8175675675675675,
            "precision": 0.3941368078175896,
            "specificity": 0.34507042253521125,
            "accuracy": 0.5069444444444444,
            "expected AP": 0.3425925925925926
        },
        "1": {
            "TN": 185,
            "FP": 34,
            "FN": 137,
            "TP": 76,
            "AP": 0.6834457473244797,
            "recall": 0.3568075117370892,
            "precision": 0.6909090909090909,
            "specificity": 0.8447488584474886,
            "accuracy": 0.6041666666666666,
            "expected AP": 0.4930555555555556
        },
        "2": {
            "TN": 386,
            "FP": 7,
            "FN": 39,
            "TP": 0,
            "AP": 0.2027461038626836,
            "recall": 0.0,
            "precision": 0.0,
            "specificity": 0.9821882951653944,
            "accuracy": 0.8935185185185185,
            "expected AP": 0.09027777777777778
        },
        "3": {
            "TN": 398,
            "FP": 2,
            "FN": 26,
            "TP": 6,
            "AP": 0.5118850868601689,
            "recall": 0.1875,
            "precision": 0.75,
            "specificity": 0.995,
            "accuracy": 0.9351851851851852,
            "expected AP": 0.07407407407407407
        }
    }
}
