{
    "overall": {
        "mAP": 0.48524761712993314,
        "accuracy": 0.48042915279319276,
        "expected mAP": 0.25
    },
    "classwise": {
        "0": {
            "TN": 4244,
            "FP": 4914,
            "FN": 750,
            "TP": 3607,
            "AP": 0.5511791493593949,
            "recall": 0.8278632086297911,
            "precision": 0.423307123577045,
            "specificity": 0.463419960690107,
            "accuracy": 0.5809100998890122,
            "expected AP": 0.3223825379208287
        },
        "1": {
            "TN": 5287,
            "FP": 1854,
            "FN": 3886,
            "TP": 2488,
            "AP": 0.5686965038165955,
            "recall": 0.39033573893944146,
            "precision": 0.5730078304928604,
            "specificity": 0.7403724968491808,
            "accuracy": 0.5752867184609693,
            "expected AP": 0.4716241213466519
        },
        "2": {
            "TN": 11308,
            "FP": 242,
            "FN": 1830,
            "TP": 135,
            "AP": 0.1964536128786233,
            "recall": 0.06870229007633588,
            "precision": 0.35809018567639256,
            "specificity": 0.979047619047619,
            "accuracy": 0.8466888642249353,
            "expected AP": 0.1453940066592675
        },
        "3": {
            "TN": 12684,
            "FP": 12,
            "FN": 556,
            "TP": 263,
            "AP": 0.6246612024651186,
            "recall": 0.32112332112332115,
            "precision": 0.9563636363636364,
            "specificity": 0.999054820415879,
            "accuracy": 0.9579726230114688,
            "expected AP": 0.060599334073251944
        }
    }
}
