{
    "overall": {
        "mAP": 0.48944430204457856,
        "accuracy": 0.4959674435812061,
        "expected mAP": 0.25
    },
    "classwise": {
        "0": {
            "TN": 4521,
            "FP": 4637,
            "FN": 761,
            "TP": 3596,
            "AP": 0.5665278366428144,
            "recall": 0.8253385356896947,
            "precision": 0.43677881695615206,
            "specificity": 0.4936667394627648,
            "accuracy": 0.6005919348871624,
            "expected AP": 0.3223825379208287
        },
        "1": {
            "TN": 5194,
            "FP": 1947,
            "FN": 3644,
            "TP": 2730,
            "AP": 0.567012301513015,
            "recall": 0.4283024788202071,
            "precision": 0.5837075048107762,
            "specificity": 0.7273491107687999,
            "accuracy": 0.5863115057343692,
            "expected AP": 0.4716241213466519
        },
        "2": {
            "TN": 11336,
            "FP": 214,
            "FN": 1849,
            "TP": 116,
            "AP": 0.19706178044303757,
            "recall": 0.059033078880407125,
            "precision": 0.3515151515151515,
            "specificity": 0.9814718614718615,
            "accuracy": 0.8473547909729929,
            "expected AP": 0.1453940066592675
        },
        "3": {
            "TN": 12682,
            "FP": 14,
            "FN": 558,
            "TP": 261,
            "AP": 0.6271752895794473,
            "recall": 0.31868131868131866,
            "precision": 0.9490909090909091,
            "specificity": 0.9988972904851922,
            "accuracy": 0.9576766555678875,
            "expected AP": 0.060599334073251944
        }
    }
}
