{
    "overall": {
        "mAP": 0.4622315164015548,
        "accuracy": 0.5254629629629629,
        "expected mAP": 0.25,
        "balanced accuracy": 0.33435041555640144
    },
    "classwise": {
        "0": {
            "TN": 169,
            "FP": 115,
            "FN": 42,
            "TP": 106,
            "AP": 0.7038886762399383,
            "recall": 0.7162162162162162,
            "precision": 0.4796380090497738,
            "specificity": 0.5950704225352113,
            "accuracy": 0.6365740740740741,
            "expected AP": 0.3425925925925926
        },
        "1": {
            "TN": 147,
            "FP": 72,
            "FN": 94,
            "TP": 119,
            "AP": 0.7047349072575166,
            "recall": 0.5586854460093896,
            "precision": 0.6230366492146597,
            "specificity": 0.6712328767123288,
            "accuracy": 0.6157407407407407,
            "expected AP": 0.4930555555555556
        },
        "2": {
            "TN": 377,
            "FP": 16,
            "FN": 39,
            "TP": 0,
            "AP": 0.1528866964490359,
            "recall": 0.0,
            "precision": 0.0,
            "specificity": 0.9592875318066157,
            "accuracy": 0.8726851851851852,
            "expected AP": 0.09027777777777778
        },
        "3": {
            "TN": 398,
            "FP": 2,
            "FN": 30,
            "TP": 2,
            "AP": 0.28741578565972825,
            "recall": 0.0625,
            "precision": 0.5,
            "specificity": 0.995,
            "accuracy": 0.9259259259259259,
            "expected AP": 0.07407407407407407
        }
    }
}
