{
    "TN": 385,
    "FP": 9,
    "FN": 30,
    "TP": 3,
    "AP": 0.1647306266995859,
    "recall": 0.09090909090909091,
    "precision": 0.25,
    "specificity": 0.9771573604060914,
    "accuracy": 0.9086651053864169,
    "expected AP": 0.07728337236533958,
    "auroc": 0.6097523457929549,
    "balanced accuracy": 0.5340332256575911,
    "adjusted balanced accuracy": 0.0680664513151823
}
