{
    "overall": {
        "mAP": 0.4517643535716009,
        "accuracy": 0.4890122086570477,
        "expected mAP": 0.25
    },
    "classwise": {
        "0": {
            "TN": 4315,
            "FP": 4843,
            "FN": 797,
            "TP": 3560,
            "AP": 0.5422535297456212,
            "recall": 0.8170759697039247,
            "precision": 0.423658217303344,
            "specificity": 0.47117274514086044,
            "accuracy": 0.5826859045504994,
            "expected AP": 0.3223825379208287
        },
        "1": {
            "TN": 5258,
            "FP": 1883,
            "FN": 3587,
            "TP": 2787,
            "AP": 0.569142891462358,
            "recall": 0.4372450580483213,
            "precision": 0.5967880085653104,
            "specificity": 0.7363114409746534,
            "accuracy": 0.5952645209027007,
            "expected AP": 0.4716241213466519
        },
        "2": {
            "TN": 11384,
            "FP": 166,
            "FN": 1887,
            "TP": 78,
            "AP": 0.2126219171834673,
            "recall": 0.03969465648854962,
            "precision": 0.319672131147541,
            "specificity": 0.9856277056277056,
            "accuracy": 0.848094709581946,
            "expected AP": 0.1453940066592675
        },
        "3": {
            "TN": 12682,
            "FP": 14,
            "FN": 635,
            "TP": 184,
            "AP": 0.483039075894957,
            "recall": 0.22466422466422467,
            "precision": 0.9292929292929293,
            "specificity": 0.9988972904851922,
            "accuracy": 0.9519792822789493,
            "expected AP": 0.060599334073251944
        }
    }
}
