{
    "TN": 915,
    "FP": 31,
    "FN": 51,
    "TP": 21,
    "AP": 0.3264452332160728,
    "recall": 0.2916666666666667,
    "precision": 0.40384615384615385,
    "specificity": 0.96723044397463,
    "accuracy": 0.9194499017681729,
    "expected AP": 0.07072691552062868,
    "auroc": 0.775927883486023,
    "balanced accuracy": 0.6294485553206484,
    "adjusted balanced accuracy": 0.2588971106412967
}
