{
    "overall": {
        "mAP": 0.4557614314518148,
        "accuracy": 0.39344262295081966,
        "expected mAP": 0.25,
        "balanced accuracy": 0.32031853281853284,
        "adjusted balanced accuracy": 0.0937580437580438
    },
    "classwise": {
        "0": {
            "TN": 36,
            "FP": 243,
            "FN": 7,
            "TP": 141,
            "AP": 0.472673464981594,
            "recall": 0.9527027027027027,
            "precision": 0.3671875,
            "specificity": 0.12903225806451613,
            "accuracy": 0.41451990632318503,
            "expected AP": 0.34660421545667447
        },
        "1": {
            "TN": 205,
            "FP": 12,
            "FN": 190,
            "TP": 20,
            "AP": 0.6151080640232747,
            "recall": 0.09523809523809523,
            "precision": 0.625,
            "specificity": 0.9447004608294931,
            "accuracy": 0.5269320843091335,
            "expected AP": 0.4918032786885246
        },
        "2": {
            "TN": 385,
            "FP": 3,
            "FN": 39,
            "TP": 0,
            "AP": 0.1392185146440093,
            "recall": 0.0,
            "precision": 0.0,
            "specificity": 0.9922680412371134,
            "accuracy": 0.9016393442622951,
            "expected AP": 0.09133489461358314
        },
        "3": {
            "TN": 396,
            "FP": 1,
            "FN": 23,
            "TP": 7,
            "AP": 0.5960456821583813,
            "recall": 0.23333333333333334,
            "precision": 0.875,
            "specificity": 0.9974811083123426,
            "accuracy": 0.9437939110070258,
            "expected AP": 0.0702576112412178
        }
    }
}
