{
    "TN": 119,
    "FP": 49,
    "FN": 110,
    "TP": 101,
    "AP": 0.6568173680769074,
    "recall": 0.4786729857819905,
    "precision": 0.6733333333333333,
    "specificity": 0.7083333333333334,
    "accuracy": 0.5804749340369393,
    "expected AP": 0.5567282321899736,
    "auroc": 0.6358468742947415,
    "balanced accuracy": 0.593503159557662,
    "adjusted balanced accuracy": 0.18700631911532395
}
