{
    "TN": 114,
    "FP": 54,
    "FN": 110,
    "TP": 101,
    "AP": 0.6577551895480693,
    "recall": 0.4786729857819905,
    "precision": 0.6516129032258065,
    "specificity": 0.6785714285714286,
    "accuracy": 0.5672823218997362,
    "expected AP": 0.5567282321899736,
    "auroc": 0.6339708869329722,
    "balanced accuracy": 0.5786222071767095,
    "adjusted balanced accuracy": 0.15724441435341907
}
