{
    "overall": {
        "mAP": 0.4842708220425028,
        "accuracy": 0.41920374707259955,
        "expected mAP": 0.25,
        "balanced accuracy": 0.3432110682110682,
        "adjusted balanced accuracy": 0.1242814242814243
    },
    "classwise": {
        "0": {
            "TN": 63,
            "FP": 216,
            "FN": 16,
            "TP": 132,
            "AP": 0.4883874406899679,
            "recall": 0.8918918918918919,
            "precision": 0.3793103448275862,
            "specificity": 0.22580645161290322,
            "accuracy": 0.4566744730679157,
            "expected AP": 0.34660421545667447
        },
        "1": {
            "TN": 190,
            "FP": 27,
            "FN": 172,
            "TP": 38,
            "AP": 0.5865799754823081,
            "recall": 0.18095238095238095,
            "precision": 0.5846153846153846,
            "specificity": 0.8755760368663594,
            "accuracy": 0.5339578454332553,
            "expected AP": 0.4918032786885246
        },
        "2": {
            "TN": 383,
            "FP": 5,
            "FN": 39,
            "TP": 0,
            "AP": 0.13659731446075768,
            "recall": 0.0,
            "precision": 0.0,
            "specificity": 0.9871134020618557,
            "accuracy": 0.8969555035128806,
            "expected AP": 0.09133489461358314
        },
        "3": {
            "TN": 397,
            "FP": 0,
            "FN": 21,
            "TP": 9,
            "AP": 0.7255185575369775,
            "recall": 0.3,
            "precision": 1.0,
            "specificity": 1.0,
            "accuracy": 0.9508196721311475,
            "expected AP": 0.0702576112412178
        }
    }
}
