{
    "overall": {
        "mAP": 0.4785119336568062,
        "accuracy": 0.5120976692563818,
        "expected mAP": 0.25
    },
    "classwise": {
        "0": {
            "TN": 4994,
            "FP": 4164,
            "FN": 898,
            "TP": 3459,
            "AP": 0.5936466911802811,
            "recall": 0.7938948817994033,
            "precision": 0.45375836284927196,
            "specificity": 0.5453155710853899,
            "accuracy": 0.6254532001479837,
            "expected AP": 0.3223825379208287
        },
        "1": {
            "TN": 4981,
            "FP": 2160,
            "FN": 3240,
            "TP": 3134,
            "AP": 0.5710516914649086,
            "recall": 0.49168497019140256,
            "precision": 0.5919909331318474,
            "specificity": 0.6975213555524437,
            "accuracy": 0.6004439511653719,
            "expected AP": 0.4716241213466519
        },
        "2": {
            "TN": 11291,
            "FP": 259,
            "FN": 1881,
            "TP": 84,
            "AP": 0.18272438346961822,
            "recall": 0.042748091603053436,
            "precision": 0.24489795918367346,
            "specificity": 0.9775757575757575,
            "accuracy": 0.8416574176840548,
            "expected AP": 0.1453940066592675
        },
        "3": {
            "TN": 12685,
            "FP": 11,
            "FN": 575,
            "TP": 244,
            "AP": 0.5666249685124171,
            "recall": 0.2979242979242979,
            "precision": 0.9568627450980393,
            "specificity": 0.9991335853812224,
            "accuracy": 0.9566407695153533,
            "expected AP": 0.060599334073251944
        }
    }
}
