{
    "TN": 379,
    "FP": 15,
    "FN": 27,
    "TP": 6,
    "AP": 0.20693215127193493,
    "recall": 0.18181818181818182,
    "precision": 0.2857142857142857,
    "specificity": 0.9619289340101523,
    "accuracy": 0.9016393442622951,
    "expected AP": 0.07728337236533958,
    "auroc": 0.6655514536225196,
    "balanced accuracy": 0.571873557914167,
    "adjusted balanced accuracy": 0.1437471158283341
}
