{
    "overall": {
        "mAP": 0.47638892759368157,
        "accuracy": 0.41451990632318503,
        "expected mAP": 0.25,
        "balanced accuracy": 0.33883526383526386,
        "adjusted balanced accuracy": 0.11844701844701848
    },
    "classwise": {
        "0": {
            "TN": 65,
            "FP": 214,
            "FN": 20,
            "TP": 128,
            "AP": 0.48737294643258094,
            "recall": 0.8648648648648649,
            "precision": 0.3742690058479532,
            "specificity": 0.23297491039426524,
            "accuracy": 0.4519906323185012,
            "expected AP": 0.34660421545667447
        },
        "1": {
            "TN": 186,
            "FP": 31,
            "FN": 170,
            "TP": 40,
            "AP": 0.5855218860225108,
            "recall": 0.19047619047619047,
            "precision": 0.5633802816901409,
            "specificity": 0.8571428571428571,
            "accuracy": 0.5292740046838408,
            "expected AP": 0.4918032786885246
        },
        "2": {
            "TN": 383,
            "FP": 5,
            "FN": 39,
            "TP": 0,
            "AP": 0.12850890589718003,
            "recall": 0.0,
            "precision": 0.0,
            "specificity": 0.9871134020618557,
            "accuracy": 0.8969555035128806,
            "expected AP": 0.09133489461358314
        },
        "3": {
            "TN": 397,
            "FP": 0,
            "FN": 21,
            "TP": 9,
            "AP": 0.7041519720224546,
            "recall": 0.3,
            "precision": 1.0,
            "specificity": 1.0,
            "accuracy": 0.9508196721311475,
            "expected AP": 0.0702576112412178
        }
    }
}
