{
    "overall": {
        "mAP": 0.464594589572744,
        "accuracy": 0.5320754716981132,
        "expected mAP": 0.25
    },
    "classwise": {
        "0": {
            "TN": 5067,
            "FP": 4091,
            "FN": 1081,
            "TP": 3276,
            "AP": 0.5222348811030373,
            "recall": 0.7518935047050723,
            "precision": 0.44468576082530203,
            "specificity": 0.5532867438305307,
            "accuracy": 0.6173140954495006,
            "expected AP": 0.3223825379208287
        },
        "1": {
            "TN": 5107,
            "FP": 2034,
            "FN": 2804,
            "TP": 3570,
            "AP": 0.6310613174974167,
            "recall": 0.5600878569187323,
            "precision": 0.6370449678800857,
            "specificity": 0.7151659431452178,
            "accuracy": 0.6420273769885313,
            "expected AP": 0.4716241213466519
        },
        "2": {
            "TN": 11386,
            "FP": 164,
            "FN": 1847,
            "TP": 118,
            "AP": 0.1991186966422977,
            "recall": 0.06005089058524173,
            "precision": 0.41843971631205673,
            "specificity": 0.9858008658008658,
            "accuracy": 0.8512023677395486,
            "expected AP": 0.1453940066592675
        },
        "3": {
            "TN": 12661,
            "FP": 35,
            "FN": 592,
            "TP": 227,
            "AP": 0.5059634630482244,
            "recall": 0.2771672771672772,
            "precision": 0.8664122137404581,
            "specificity": 0.9972432262129804,
            "accuracy": 0.953607103218646,
            "expected AP": 0.060599334073251944
        }
    }
}
