{
    "overall": {
        "mAP": 0.4683989497158145,
        "accuracy": 0.4262295081967213,
        "expected mAP": 0.25,
        "balanced accuracy": 0.3396396396396396,
        "adjusted balanced accuracy": 0.11951951951951949
    },
    "classwise": {
        "0": {
            "TN": 68,
            "FP": 211,
            "FN": 16,
            "TP": 132,
            "AP": 0.4893096514242131,
            "recall": 0.8918918918918919,
            "precision": 0.3848396501457726,
            "specificity": 0.24372759856630824,
            "accuracy": 0.468384074941452,
            "expected AP": 0.34660421545667447
        },
        "1": {
            "TN": 188,
            "FP": 29,
            "FN": 168,
            "TP": 42,
            "AP": 0.5695635376914531,
            "recall": 0.2,
            "precision": 0.5915492957746479,
            "specificity": 0.8663594470046083,
            "accuracy": 0.5386416861826698,
            "expected AP": 0.4918032786885246
        },
        "2": {
            "TN": 383,
            "FP": 5,
            "FN": 39,
            "TP": 0,
            "AP": 0.12429057463274473,
            "recall": 0.0,
            "precision": 0.0,
            "specificity": 0.9871134020618557,
            "accuracy": 0.8969555035128806,
            "expected AP": 0.09133489461358314
        },
        "3": {
            "TN": 397,
            "FP": 0,
            "FN": 22,
            "TP": 8,
            "AP": 0.6904320351148471,
            "recall": 0.26666666666666666,
            "precision": 1.0,
            "specificity": 1.0,
            "accuracy": 0.9484777517564403,
            "expected AP": 0.0702576112412178
        }
    }
}
