{
    "overall": {
        "mAP": 0.46393397383682494,
        "accuracy": 0.405152224824356,
        "expected mAP": 0.25,
        "balanced accuracy": 0.3114864864864865,
        "adjusted balanced accuracy": 0.08198198198198203
    },
    "classwise": {
        "0": {
            "TN": 57,
            "FP": 222,
            "FN": 8,
            "TP": 140,
            "AP": 0.458944163255782,
            "recall": 0.9459459459459459,
            "precision": 0.3867403314917127,
            "specificity": 0.20430107526881722,
            "accuracy": 0.4613583138173302,
            "expected AP": 0.34660421545667447
        },
        "1": {
            "TN": 197,
            "FP": 20,
            "FN": 182,
            "TP": 28,
            "AP": 0.5441335389467039,
            "recall": 0.13333333333333333,
            "precision": 0.5833333333333334,
            "specificity": 0.9078341013824884,
            "accuracy": 0.5269320843091335,
            "expected AP": 0.4918032786885246
        },
        "2": {
            "TN": 377,
            "FP": 11,
            "FN": 39,
            "TP": 0,
            "AP": 0.10621262790926592,
            "recall": 0.0,
            "precision": 0.0,
            "specificity": 0.9716494845360825,
            "accuracy": 0.882903981264637,
            "expected AP": 0.09133489461358314
        },
        "3": {
            "TN": 396,
            "FP": 1,
            "FN": 25,
            "TP": 5,
            "AP": 0.746445565235548,
            "recall": 0.16666666666666666,
            "precision": 0.8333333333333334,
            "specificity": 0.9974811083123426,
            "accuracy": 0.9391100702576113,
            "expected AP": 0.0702576112412178
        }
    }
}
