{
    "overall": {
        "mAP": 0.4534199101136008,
        "accuracy": 0.5185185185185185,
        "expected mAP": 0.25,
        "balanced accuracy": 0.33082928879583806
    },
    "classwise": {
        "0": {
            "TN": 169,
            "FP": 115,
            "FN": 42,
            "TP": 106,
            "AP": 0.6903905393477414,
            "recall": 0.7162162162162162,
            "precision": 0.4796380090497738,
            "specificity": 0.5950704225352113,
            "accuracy": 0.6365740740740741,
            "expected AP": 0.3425925925925926
        },
        "1": {
            "TN": 142,
            "FP": 77,
            "FN": 97,
            "TP": 116,
            "AP": 0.6899911998370767,
            "recall": 0.5446009389671361,
            "precision": 0.6010362694300518,
            "specificity": 0.6484018264840182,
            "accuracy": 0.5972222222222222,
            "expected AP": 0.4930555555555556
        },
        "2": {
            "TN": 378,
            "FP": 15,
            "FN": 39,
            "TP": 0,
            "AP": 0.1546983555114333,
            "recall": 0.0,
            "precision": 0.0,
            "specificity": 0.9618320610687023,
            "accuracy": 0.875,
            "expected AP": 0.09027777777777778
        },
        "3": {
            "TN": 399,
            "FP": 1,
            "FN": 30,
            "TP": 2,
            "AP": 0.27859954575815166,
            "recall": 0.0625,
            "precision": 0.6666666666666666,
            "specificity": 0.9975,
            "accuracy": 0.9282407407407407,
            "expected AP": 0.07407407407407407
        }
    }
}
