{
    "overall": {
        "mAP": 0.4784421473528282,
        "accuracy": 0.48472068072512026,
        "expected mAP": 0.25
    },
    "classwise": {
        "0": {
            "TN": 4093,
            "FP": 5065,
            "FN": 576,
            "TP": 3781,
            "AP": 0.543096976870322,
            "recall": 0.8677989442276796,
            "precision": 0.4274248247795614,
            "specificity": 0.44693164446385675,
            "accuracy": 0.5826119126896041,
            "expected AP": 0.3223825379208287
        },
        "1": {
            "TN": 5490,
            "FP": 1651,
            "FN": 4002,
            "TP": 2372,
            "AP": 0.5755397871384593,
            "recall": 0.37213680577345465,
            "precision": 0.58960974397216,
            "specificity": 0.7687998879708724,
            "accuracy": 0.5817240103588606,
            "expected AP": 0.4716241213466519
        },
        "2": {
            "TN": 11318,
            "FP": 232,
            "FN": 1825,
            "TP": 140,
            "AP": 0.21098219477043598,
            "recall": 0.07124681933842239,
            "precision": 0.3763440860215054,
            "specificity": 0.97991341991342,
            "accuracy": 0.8477987421383648,
            "expected AP": 0.1453940066592675
        },
        "3": {
            "TN": 12680,
            "FP": 16,
            "FN": 561,
            "TP": 258,
            "AP": 0.5841496306320954,
            "recall": 0.315018315018315,
            "precision": 0.9416058394160584,
            "specificity": 0.9987397605545053,
            "accuracy": 0.957306696263411,
            "expected AP": 0.060599334073251944
        }
    }
}
