{
    "TN": 389,
    "FP": 5,
    "FN": 29,
    "TP": 4,
    "AP": 0.22449716952381926,
    "recall": 0.12121212121212122,
    "precision": 0.4444444444444444,
    "specificity": 0.9873096446700508,
    "accuracy": 0.9203747072599532,
    "expected AP": 0.07728337236533958,
    "auroc": 0.6904322411936625,
    "balanced accuracy": 0.554260882941086,
    "adjusted balanced accuracy": 0.108521765882172
}
