{
    "TN": 448,
    "FP": 120,
    "FN": 95,
    "TP": 124,
    "AP": 0.5379106006374312,
    "recall": 0.5662100456621004,
    "precision": 0.5081967213114754,
    "specificity": 0.7887323943661971,
    "accuracy": 0.7268106734434562,
    "expected AP": 0.2782719186785261,
    "auroc": 0.7717457714322465,
    "balanced accuracy": 0.6774712200141488,
    "adjusted balanced accuracy": 0.35494244002829767
}
