{
    "overall": {
        "mAP": 0.5023742494095556,
        "accuracy": 0.42857142857142855,
        "expected mAP": 0.25,
        "balanced accuracy": 0.345479407979408,
        "adjusted balanced accuracy": 0.12730587730587736
    },
    "classwise": {
        "0": {
            "TN": 73,
            "FP": 206,
            "FN": 21,
            "TP": 127,
            "AP": 0.5381398402246217,
            "recall": 0.8581081081081081,
            "precision": 0.3813813813813814,
            "specificity": 0.2616487455197133,
            "accuracy": 0.468384074941452,
            "expected AP": 0.34660421545667447
        },
        "1": {
            "TN": 184,
            "FP": 33,
            "FN": 163,
            "TP": 47,
            "AP": 0.6094095635039702,
            "recall": 0.22380952380952382,
            "precision": 0.5875,
            "specificity": 0.847926267281106,
            "accuracy": 0.5409836065573771,
            "expected AP": 0.4918032786885246
        },
        "2": {
            "TN": 383,
            "FP": 5,
            "FN": 39,
            "TP": 0,
            "AP": 0.11544156170012408,
            "recall": 0.0,
            "precision": 0.0,
            "specificity": 0.9871134020618557,
            "accuracy": 0.8969555035128806,
            "expected AP": 0.09133489461358314
        },
        "3": {
            "TN": 397,
            "FP": 0,
            "FN": 21,
            "TP": 9,
            "AP": 0.7465060322095061,
            "recall": 0.3,
            "precision": 1.0,
            "specificity": 1.0,
            "accuracy": 0.9508196721311475,
            "expected AP": 0.0702576112412178
        }
    }
}
