{
    "overall": {
        "mAP": 0.48970226781746146,
        "accuracy": 0.46755456899741027,
        "expected mAP": 0.25
    },
    "classwise": {
        "0": {
            "TN": 3960,
            "FP": 5198,
            "FN": 646,
            "TP": 3711,
            "AP": 0.5733154808144647,
            "recall": 0.8517328436997934,
            "precision": 0.4165450667863958,
            "specificity": 0.43240882288709326,
            "accuracy": 0.5675915649278579,
            "expected AP": 0.3223825379208287
        },
        "1": {
            "TN": 5375,
            "FP": 1766,
            "FN": 4210,
            "TP": 2164,
            "AP": 0.5561656391960008,
            "recall": 0.33950423595858176,
            "precision": 0.5506361323155217,
            "specificity": 0.7526957008822294,
            "accuracy": 0.5578246392896782,
            "expected AP": 0.4716241213466519
        },
        "2": {
            "TN": 11364,
            "FP": 186,
            "FN": 1814,
            "TP": 151,
            "AP": 0.24880404000971398,
            "recall": 0.07684478371501273,
            "precision": 0.44807121661721067,
            "specificity": 0.9838961038961039,
            "accuracy": 0.852016278209397,
            "expected AP": 0.1453940066592675
        },
        "3": {
            "TN": 12650,
            "FP": 46,
            "FN": 526,
            "TP": 293,
            "AP": 0.5805239112496663,
            "recall": 0.35775335775335776,
            "precision": 0.8643067846607669,
            "specificity": 0.9963768115942029,
            "accuracy": 0.9576766555678875,
            "expected AP": 0.060599334073251944
        }
    }
}
