{
    "overall": {
        "mAP": 0.4470533855740688,
        "accuracy": 0.5046296296296297,
        "expected mAP": 0.25,
        "balanced accuracy": 0.33151923930973226
    },
    "classwise": {
        "0": {
            "TN": 144,
            "FP": 140,
            "FN": 27,
            "TP": 121,
            "AP": 0.648406514107611,
            "recall": 0.8175675675675675,
            "precision": 0.46360153256704983,
            "specificity": 0.5070422535211268,
            "accuracy": 0.6134259259259259,
            "expected AP": 0.3425925925925926
        },
        "1": {
            "TN": 161,
            "FP": 58,
            "FN": 118,
            "TP": 95,
            "AP": 0.6809150077449948,
            "recall": 0.4460093896713615,
            "precision": 0.6209150326797386,
            "specificity": 0.7351598173515982,
            "accuracy": 0.5925925925925926,
            "expected AP": 0.4930555555555556
        },
        "2": {
            "TN": 378,
            "FP": 15,
            "FN": 39,
            "TP": 0,
            "AP": 0.16600658445233388,
            "recall": 0.0,
            "precision": 0.0,
            "specificity": 0.9618320610687023,
            "accuracy": 0.875,
            "expected AP": 0.09027777777777778
        },
        "3": {
            "TN": 399,
            "FP": 1,
            "FN": 30,
            "TP": 2,
            "AP": 0.29288543599133543,
            "recall": 0.0625,
            "precision": 0.6666666666666666,
            "specificity": 0.9975,
            "accuracy": 0.9282407407407407,
            "expected AP": 0.07407407407407407
        }
    }
}
