{
    "overall": {
        "mAP": 0.473290418103376,
        "accuracy": 0.463559008509064,
        "expected mAP": 0.25
    },
    "classwise": {
        "0": {
            "TN": 3777,
            "FP": 5381,
            "FN": 697,
            "TP": 3660,
            "AP": 0.5251639549143552,
            "recall": 0.8400275418866192,
            "precision": 0.4048224753898905,
            "specificity": 0.41242629395064423,
            "accuracy": 0.5502774694783574,
            "expected AP": 0.3223825379208287
        },
        "1": {
            "TN": 5506,
            "FP": 1635,
            "FN": 4123,
            "TP": 2251,
            "AP": 0.5774402331419453,
            "recall": 0.35315343583307185,
            "precision": 0.5792588780236747,
            "specificity": 0.7710404705223358,
            "accuracy": 0.5739548649648538,
            "expected AP": 0.4716241213466519
        },
        "2": {
            "TN": 11324,
            "FP": 226,
            "FN": 1857,
            "TP": 108,
            "AP": 0.19824686507961464,
            "recall": 0.0549618320610687,
            "precision": 0.32335329341317365,
            "specificity": 0.9804329004329004,
            "accuracy": 0.8458749537550869,
            "expected AP": 0.1453940066592675
        },
        "3": {
            "TN": 12688,
            "FP": 8,
            "FN": 573,
            "TP": 246,
            "AP": 0.592310619277589,
            "recall": 0.30036630036630035,
            "precision": 0.968503937007874,
            "specificity": 0.9993698802772527,
            "accuracy": 0.9570107288198298,
            "expected AP": 0.060599334073251944
        }
    }
}
