{
    "overall": {
        "mAP": 0.47461359191521235,
        "accuracy": 0.4833148353681095,
        "expected mAP": 0.25
    },
    "classwise": {
        "0": {
            "TN": 4302,
            "FP": 4856,
            "FN": 628,
            "TP": 3729,
            "AP": 0.5683528212316357,
            "recall": 0.8558641266926784,
            "precision": 0.4343622597553873,
            "specificity": 0.4697532212273422,
            "accuracy": 0.5942286348501665,
            "expected AP": 0.3223825379208287
        },
        "1": {
            "TN": 5336,
            "FP": 1805,
            "FN": 3938,
            "TP": 2436,
            "AP": 0.5582150098034042,
            "recall": 0.38217759648572325,
            "precision": 0.5743928318792737,
            "specificity": 0.7472342809130373,
            "accuracy": 0.5750647428782834,
            "expected AP": 0.4716241213466519
        },
        "2": {
            "TN": 11240,
            "FP": 310,
            "FN": 1850,
            "TP": 115,
            "AP": 0.1751937864217507,
            "recall": 0.058524173027989825,
            "precision": 0.27058823529411763,
            "specificity": 0.9731601731601731,
            "accuracy": 0.8401775804661488,
            "expected AP": 0.1453940066592675
        },
        "3": {
            "TN": 12684,
            "FP": 12,
            "FN": 567,
            "TP": 252,
            "AP": 0.5966927502040588,
            "recall": 0.3076923076923077,
            "precision": 0.9545454545454546,
            "specificity": 0.999054820415879,
            "accuracy": 0.9571587125416204,
            "expected AP": 0.060599334073251944
        }
    }
}
