{
    "overall": {
        "mAP": 0.5170444731189565,
        "accuracy": 0.5023148148148148,
        "expected mAP": 0.25,
        "balanced accuracy": 0.34974642335997974
    },
    "classwise": {
        "0": {
            "TN": 114,
            "FP": 170,
            "FN": 28,
            "TP": 120,
            "AP": 0.6587810856093861,
            "recall": 0.8108108108108109,
            "precision": 0.41379310344827586,
            "specificity": 0.4014084507042254,
            "accuracy": 0.5416666666666666,
            "expected AP": 0.3425925925925926
        },
        "1": {
            "TN": 180,
            "FP": 39,
            "FN": 121,
            "TP": 92,
            "AP": 0.7051169041006738,
            "recall": 0.431924882629108,
            "precision": 0.7022900763358778,
            "specificity": 0.821917808219178,
            "accuracy": 0.6296296296296297,
            "expected AP": 0.4930555555555556
        },
        "2": {
            "TN": 389,
            "FP": 4,
            "FN": 39,
            "TP": 0,
            "AP": 0.20834725053210704,
            "recall": 0.0,
            "precision": 0.0,
            "specificity": 0.989821882951654,
            "accuracy": 0.9004629629629629,
            "expected AP": 0.09027777777777778
        },
        "3": {
            "TN": 398,
            "FP": 2,
            "FN": 27,
            "TP": 5,
            "AP": 0.495932652233659,
            "recall": 0.15625,
            "precision": 0.7142857142857143,
            "specificity": 0.995,
            "accuracy": 0.9328703703703703,
            "expected AP": 0.07407407407407407
        }
    }
}
