{
    "TN": 118,
    "FP": 50,
    "FN": 113,
    "TP": 98,
    "AP": 0.6665370791836689,
    "recall": 0.46445497630331756,
    "precision": 0.6621621621621622,
    "specificity": 0.7023809523809523,
    "accuracy": 0.5699208443271768,
    "expected AP": 0.5567282321899736,
    "auroc": 0.6432097720604829,
    "balanced accuracy": 0.5834179643421349,
    "adjusted balanced accuracy": 0.16683592868426977
}
