{
    "overall": {
        "mAP": 0.43193534131651296,
        "accuracy": 0.5960591133004927,
        "expected mAP": 0.25,
        "balanced accuracy": 0.49350576370929244,
        "adjusted balanced accuracy": 0.32467435161238994
    },
    "classwise": {
        "0": {
            "TN": 238,
            "FP": 69,
            "FN": 231,
            "TP": 477,
            "AP": 0.8950855299618854,
            "recall": 0.673728813559322,
            "precision": 0.8736263736263736,
            "specificity": 0.7752442996742671,
            "accuracy": 0.7044334975369458,
            "expected AP": 0.6975369458128079
        },
        "1": {
            "TN": 549,
            "FP": 283,
            "FN": 83,
            "TP": 100,
            "AP": 0.25964251577856956,
            "recall": 0.546448087431694,
            "precision": 0.26109660574412535,
            "specificity": 0.6598557692307693,
            "accuracy": 0.6394088669950739,
            "expected AP": 0.18029556650246306
        },
        "2": {
            "TN": 895,
            "FP": 16,
            "FN": 88,
            "TP": 16,
            "AP": 0.33748820317915046,
            "recall": 0.15384615384615385,
            "precision": 0.5,
            "specificity": 0.9824368825466521,
            "accuracy": 0.8975369458128079,
            "expected AP": 0.10246305418719212
        },
        "3": {
            "TN": 953,
            "FP": 42,
            "FN": 8,
            "TP": 12,
            "AP": 0.2355251163464465,
            "recall": 0.6,
            "precision": 0.2222222222222222,
            "specificity": 0.9577889447236181,
            "accuracy": 0.9507389162561576,
            "expected AP": 0.019704433497536946
        }
    }
}
