{
    "TN": 569,
    "FP": 155,
    "FN": 114,
    "TP": 158,
    "AP": 0.4614906735548962,
    "recall": 0.5808823529411765,
    "precision": 0.5047923322683706,
    "specificity": 0.7859116022099447,
    "accuracy": 0.7299196787148594,
    "expected AP": 0.27309236947791166,
    "auroc": 0.7428806467338317,
    "balanced accuracy": 0.6833969775755606,
    "adjusted balanced accuracy": 0.36679395515112123
}
