{
    "TN": 422,
    "FP": 113,
    "FN": 94,
    "TP": 109,
    "AP": 0.4356605362189501,
    "recall": 0.5369458128078818,
    "precision": 0.49099099099099097,
    "specificity": 0.788785046728972,
    "accuracy": 0.7195121951219512,
    "expected AP": 0.2750677506775068,
    "auroc": 0.7273836379540537,
    "balanced accuracy": 0.6628654297684269,
    "adjusted balanced accuracy": 0.32573085953685377
}
