{
    "overall": {
        "mAP": 0.4768981865409811,
        "accuracy": 0.6516709511568124,
        "expected mAP": 0.25,
        "balanced accuracy": 0.47859953348078654,
        "adjusted balanced accuracy": 0.30479937797438206
    },
    "classwise": {
        "0": {
            "TN": 613,
            "FP": 241,
            "FN": 269,
            "TP": 1211,
            "AP": 0.8918437192744737,
            "recall": 0.8182432432432433,
            "precision": 0.8340220385674931,
            "specificity": 0.7177985948477752,
            "accuracy": 0.781491002570694,
            "expected AP": 0.6341045415595544
        },
        "1": {
            "TN": 1377,
            "FP": 515,
            "FN": 180,
            "TP": 262,
            "AP": 0.32086906214060307,
            "recall": 0.5927601809954751,
            "precision": 0.33719433719433717,
            "specificity": 0.7278012684989429,
            "accuracy": 0.7022279348757497,
            "expected AP": 0.1893744644387318
        },
        "2": {
            "TN": 1949,
            "FP": 24,
            "FN": 335,
            "TP": 26,
            "AP": 0.37917731138735816,
            "recall": 0.07202216066481995,
            "precision": 0.52,
            "specificity": 0.9878357830714648,
            "accuracy": 0.8461868037703514,
            "expected AP": 0.1546700942587832
        },
        "3": {
            "TN": 2250,
            "FP": 33,
            "FN": 29,
            "TP": 22,
            "AP": 0.3157026533614893,
            "recall": 0.43137254901960786,
            "precision": 0.4,
            "specificity": 0.985545335085414,
            "accuracy": 0.9734361610968295,
            "expected AP": 0.021850899742930592
        }
    }
}
