{
    "TN": 113,
    "FP": 55,
    "FN": 112,
    "TP": 99,
    "AP": 0.6571696211433976,
    "recall": 0.46919431279620855,
    "precision": 0.6428571428571429,
    "specificity": 0.6726190476190477,
    "accuracy": 0.5593667546174143,
    "expected AP": 0.5567282321899736,
    "auroc": 0.6400643195666893,
    "balanced accuracy": 0.5709066802076281,
    "adjusted balanced accuracy": 0.14181336041525627
}
