{
    "overall": {
        "mAP": 0.43360314452724713,
        "accuracy": 0.4930555555555556,
        "expected mAP": 0.25,
        "balanced accuracy": 0.32255781309478493
    },
    "classwise": {
        "0": {
            "TN": 145,
            "FP": 139,
            "FN": 33,
            "TP": 115,
            "AP": 0.6454423165065493,
            "recall": 0.777027027027027,
            "precision": 0.452755905511811,
            "specificity": 0.5105633802816901,
            "accuracy": 0.6018518518518519,
            "expected AP": 0.3425925925925926
        },
        "1": {
            "TN": 155,
            "FP": 64,
            "FN": 117,
            "TP": 96,
            "AP": 0.6719597004277618,
            "recall": 0.4507042253521127,
            "precision": 0.6,
            "specificity": 0.7077625570776256,
            "accuracy": 0.5810185185185185,
            "expected AP": 0.4930555555555556
        },
        "2": {
            "TN": 378,
            "FP": 15,
            "FN": 39,
            "TP": 0,
            "AP": 0.1511878082682339,
            "recall": 0.0,
            "precision": 0.0,
            "specificity": 0.9618320610687023,
            "accuracy": 0.875,
            "expected AP": 0.09027777777777778
        },
        "3": {
            "TN": 399,
            "FP": 1,
            "FN": 30,
            "TP": 2,
            "AP": 0.26582275290644375,
            "recall": 0.0625,
            "precision": 0.6666666666666666,
            "specificity": 0.9975,
            "accuracy": 0.9282407407407407,
            "expected AP": 0.07407407407407407
        }
    }
}
