{
    "TN": 457,
    "FP": 78,
    "FN": 116,
    "TP": 87,
    "AP": 0.49733801160554886,
    "recall": 0.42857142857142855,
    "precision": 0.5272727272727272,
    "specificity": 0.8542056074766355,
    "accuracy": 0.7371273712737128,
    "expected AP": 0.2750677506775068,
    "auroc": 0.7216150269324617,
    "balanced accuracy": 0.6413885180240321,
    "adjusted balanced accuracy": 0.28277703604806415
}
