{
    "TN": 617,
    "FP": 107,
    "FN": 145,
    "TP": 127,
    "AP": 0.5117324077545263,
    "recall": 0.46691176470588236,
    "precision": 0.5427350427350427,
    "specificity": 0.8522099447513812,
    "accuracy": 0.7469879518072289,
    "expected AP": 0.27309236947791166,
    "auroc": 0.7349183457913553,
    "balanced accuracy": 0.6595608547286318,
    "adjusted balanced accuracy": 0.3191217094572636
}
