{
    "overall": {
        "mAP": 0.43256493819318304,
        "accuracy": 0.5069444444444444,
        "expected mAP": 0.25,
        "balanced accuracy": 0.3249607441948991
    },
    "classwise": {
        "0": {
            "TN": 161,
            "FP": 123,
            "FN": 42,
            "TP": 106,
            "AP": 0.6351556324601794,
            "recall": 0.7162162162162162,
            "precision": 0.462882096069869,
            "specificity": 0.5669014084507042,
            "accuracy": 0.6180555555555556,
            "expected AP": 0.3425925925925926
        },
        "1": {
            "TN": 145,
            "FP": 74,
            "FN": 102,
            "TP": 111,
            "AP": 0.6760029949327445,
            "recall": 0.5211267605633803,
            "precision": 0.6,
            "specificity": 0.6621004566210046,
            "accuracy": 0.5925925925925926,
            "expected AP": 0.4930555555555556
        },
        "2": {
            "TN": 378,
            "FP": 15,
            "FN": 39,
            "TP": 0,
            "AP": 0.15446138667588058,
            "recall": 0.0,
            "precision": 0.0,
            "specificity": 0.9618320610687023,
            "accuracy": 0.875,
            "expected AP": 0.09027777777777778
        },
        "3": {
            "TN": 399,
            "FP": 1,
            "FN": 30,
            "TP": 2,
            "AP": 0.2646397387039276,
            "recall": 0.0625,
            "precision": 0.6666666666666666,
            "specificity": 0.9975,
            "accuracy": 0.9282407407407407,
            "expected AP": 0.07407407407407407
        }
    }
}
