{
    "overall": {
        "mAP": 0.4544417018689778,
        "accuracy": 0.5023148148148148,
        "expected mAP": 0.25,
        "balanced accuracy": 0.3241597671615277
    },
    "classwise": {
        "0": {
            "TN": 156,
            "FP": 128,
            "FN": 39,
            "TP": 109,
            "AP": 0.6872200160624538,
            "recall": 0.7364864864864865,
            "precision": 0.459915611814346,
            "specificity": 0.5492957746478874,
            "accuracy": 0.6134259259259259,
            "expected AP": 0.3425925925925926
        },
        "1": {
            "TN": 148,
            "FP": 71,
            "FN": 107,
            "TP": 106,
            "AP": 0.6829396606182333,
            "recall": 0.49765258215962443,
            "precision": 0.5988700564971752,
            "specificity": 0.6757990867579908,
            "accuracy": 0.5879629629629629,
            "expected AP": 0.4930555555555556
        },
        "2": {
            "TN": 378,
            "FP": 15,
            "FN": 39,
            "TP": 0,
            "AP": 0.1603031554103862,
            "recall": 0.0,
            "precision": 0.0,
            "specificity": 0.9618320610687023,
            "accuracy": 0.875,
            "expected AP": 0.09027777777777778
        },
        "3": {
            "TN": 399,
            "FP": 1,
            "FN": 30,
            "TP": 2,
            "AP": 0.2873039753848379,
            "recall": 0.0625,
            "precision": 0.6666666666666666,
            "specificity": 0.9975,
            "accuracy": 0.9282407407407407,
            "expected AP": 0.07407407407407407
        }
    }
}
