{
    "overall": {
        "mAP": 0.4556148113729874,
        "accuracy": 0.42857142857142855,
        "expected mAP": 0.25,
        "balanced accuracy": 0.348970398970399,
        "adjusted balanced accuracy": 0.131960531960532
    },
    "classwise": {
        "0": {
            "TN": 67,
            "FP": 212,
            "FN": 14,
            "TP": 134,
            "AP": 0.4772669040094296,
            "recall": 0.9054054054054054,
            "precision": 0.3872832369942196,
            "specificity": 0.24014336917562723,
            "accuracy": 0.4707259953161593,
            "expected AP": 0.34660421545667447
        },
        "1": {
            "TN": 193,
            "FP": 24,
            "FN": 170,
            "TP": 40,
            "AP": 0.5770585697488557,
            "recall": 0.19047619047619047,
            "precision": 0.625,
            "specificity": 0.8894009216589862,
            "accuracy": 0.5456674473067916,
            "expected AP": 0.4918032786885246
        },
        "2": {
            "TN": 381,
            "FP": 7,
            "FN": 39,
            "TP": 0,
            "AP": 0.11314521656344267,
            "recall": 0.0,
            "precision": 0.0,
            "specificity": 0.9819587628865979,
            "accuracy": 0.892271662763466,
            "expected AP": 0.09133489461358314
        },
        "3": {
            "TN": 396,
            "FP": 1,
            "FN": 21,
            "TP": 9,
            "AP": 0.6549885551702218,
            "recall": 0.3,
            "precision": 0.9,
            "specificity": 0.9974811083123426,
            "accuracy": 0.9484777517564403,
            "expected AP": 0.0702576112412178
        }
    }
}
