{
    "TN": 898,
    "FP": 48,
    "FN": 56,
    "TP": 16,
    "AP": 0.17564642492077479,
    "recall": 0.2222222222222222,
    "precision": 0.25,
    "specificity": 0.9492600422832981,
    "accuracy": 0.8978388998035364,
    "expected AP": 0.07072691552062868,
    "auroc": 0.6602067183462533,
    "balanced accuracy": 0.5857411322527601,
    "adjusted balanced accuracy": 0.1714822645055203
}
