{
    "TN": 1132,
    "FP": 56,
    "FN": 74,
    "TP": 5,
    "AP": 0.09890267411871562,
    "recall": 0.06329113924050633,
    "precision": 0.08196721311475409,
    "specificity": 0.9528619528619529,
    "accuracy": 0.8973954222573007,
    "expected AP": 0.062352012628255724,
    "auroc": 0.6354206623193965,
    "balanced accuracy": 0.5080765460512295,
    "adjusted balanced accuracy": 0.016153092102459077
}
