{
    "TN": 2750,
    "FP": 24,
    "FN": 234,
    "TP": 4,
    "AP": 0.10009499025390582,
    "recall": 0.01680672268907563,
    "precision": 0.14285714285714285,
    "specificity": 0.9913482335976929,
    "accuracy": 0.9143426294820717,
    "expected AP": 0.07901726427622842,
    "auroc": 0.5622921122306168,
    "balanced accuracy": 0.5040774781433842,
    "adjusted balanced accuracy": 0.008154956286768433
}
