{
    "overall": {
        "mAP": 0.4814453763991007,
        "accuracy": 0.4773954864964854,
        "expected mAP": 0.25
    },
    "classwise": {
        "0": {
            "TN": 4081,
            "FP": 5077,
            "FN": 621,
            "TP": 3736,
            "AP": 0.5701111742426164,
            "recall": 0.857470736745467,
            "precision": 0.42391921025757406,
            "specificity": 0.4456213146975322,
            "accuracy": 0.578394376618572,
            "expected AP": 0.3223825379208287
        },
        "1": {
            "TN": 5399,
            "FP": 1742,
            "FN": 4019,
            "TP": 2355,
            "AP": 0.5749741340407615,
            "recall": 0.3694697207405083,
            "precision": 0.5748108371979497,
            "specificity": 0.7560565747094244,
            "accuracy": 0.5737328893821679,
            "expected AP": 0.4716241213466519
        },
        "2": {
            "TN": 11316,
            "FP": 234,
            "FN": 1851,
            "TP": 114,
            "AP": 0.20064875815610825,
            "recall": 0.05801526717557252,
            "precision": 0.3275862068965517,
            "specificity": 0.9797402597402597,
            "accuracy": 0.8457269700332963,
            "expected AP": 0.1453940066592675
        },
        "3": {
            "TN": 12686,
            "FP": 10,
            "FN": 572,
            "TP": 247,
            "AP": 0.5800474391569167,
            "recall": 0.30158730158730157,
            "precision": 0.9610894941634242,
            "specificity": 0.9992123503465659,
            "accuracy": 0.9569367369589346,
            "expected AP": 0.060599334073251944
        }
    }
}
