{
    "overall": {
        "mAP": 0.47234460562292124,
        "accuracy": 0.4534221235664077,
        "expected mAP": 0.25
    },
    "classwise": {
        "0": {
            "TN": 3435,
            "FP": 5723,
            "FN": 509,
            "TP": 3848,
            "AP": 0.5297373415813987,
            "recall": 0.8831764975900849,
            "precision": 0.40204785288893535,
            "specificity": 0.3750818956103953,
            "accuracy": 0.5388827229004809,
            "expected AP": 0.3223825379208287
        },
        "1": {
            "TN": 5739,
            "FP": 1402,
            "FN": 4474,
            "TP": 1900,
            "AP": 0.5740073607612228,
            "recall": 0.2980859742704738,
            "precision": 0.5754088431253785,
            "specificity": 0.8036689539280213,
            "accuracy": 0.5652238253792082,
            "expected AP": 0.4716241213466519
        },
        "2": {
            "TN": 11294,
            "FP": 256,
            "FN": 1835,
            "TP": 130,
            "AP": 0.20616605660210827,
            "recall": 0.06615776081424936,
            "precision": 0.33678756476683935,
            "specificity": 0.9778354978354978,
            "accuracy": 0.8452830188679246,
            "expected AP": 0.1453940066592675
        },
        "3": {
            "TN": 12690,
            "FP": 6,
            "FN": 569,
            "TP": 250,
            "AP": 0.579467663546955,
            "recall": 0.3052503052503053,
            "precision": 0.9765625,
            "specificity": 0.9995274102079396,
            "accuracy": 0.9574546799852016,
            "expected AP": 0.060599334073251944
        }
    }
}
