{
    "overall": {
        "mAP": 0.4729007135558597,
        "accuracy": 0.46459489456159825,
        "expected mAP": 0.25
    },
    "classwise": {
        "0": {
            "TN": 3828,
            "FP": 5330,
            "FN": 549,
            "TP": 3808,
            "AP": 0.5434641852045494,
            "recall": 0.8739958687170071,
            "precision": 0.41672138323484353,
            "specificity": 0.41799519545752345,
            "accuracy": 0.5650018497965223,
            "expected AP": 0.3223825379208287
        },
        "1": {
            "TN": 5460,
            "FP": 1681,
            "FN": 4277,
            "TP": 2097,
            "AP": 0.5535871815821808,
            "recall": 0.3289927831816756,
            "precision": 0.5550555849655903,
            "specificity": 0.7645987956868786,
            "accuracy": 0.5591564927857936,
            "expected AP": 0.4716241213466519
        },
        "2": {
            "TN": 11336,
            "FP": 214,
            "FN": 1841,
            "TP": 124,
            "AP": 0.19523226947102656,
            "recall": 0.06310432569974554,
            "precision": 0.3668639053254438,
            "specificity": 0.9814718614718615,
            "accuracy": 0.8479467258601554,
            "expected AP": 0.1453940066592675
        },
        "3": {
            "TN": 12685,
            "FP": 11,
            "FN": 569,
            "TP": 250,
            "AP": 0.599319217965682,
            "recall": 0.3052503052503053,
            "precision": 0.9578544061302682,
            "specificity": 0.9991335853812224,
            "accuracy": 0.9570847206807251,
            "expected AP": 0.060599334073251944
        }
    }
}
