{
    "overall": {
        "mAP": 0.459557485287872,
        "accuracy": 0.4262295081967213,
        "expected mAP": 0.25,
        "balanced accuracy": 0.3447876447876448,
        "adjusted balanced accuracy": 0.12638352638352637
    },
    "classwise": {
        "0": {
            "TN": 69,
            "FP": 210,
            "FN": 20,
            "TP": 128,
            "AP": 0.48637237721994403,
            "recall": 0.8648648648648649,
            "precision": 0.378698224852071,
            "specificity": 0.24731182795698925,
            "accuracy": 0.4613583138173302,
            "expected AP": 0.34660421545667447
        },
        "1": {
            "TN": 188,
            "FP": 29,
            "FN": 165,
            "TP": 45,
            "AP": 0.5906719642193996,
            "recall": 0.21428571428571427,
            "precision": 0.6081081081081081,
            "specificity": 0.8663594470046083,
            "accuracy": 0.5456674473067916,
            "expected AP": 0.4918032786885246
        },
        "2": {
            "TN": 383,
            "FP": 5,
            "FN": 39,
            "TP": 0,
            "AP": 0.11264729823830802,
            "recall": 0.0,
            "precision": 0.0,
            "specificity": 0.9871134020618557,
            "accuracy": 0.8969555035128806,
            "expected AP": 0.09133489461358314
        },
        "3": {
            "TN": 396,
            "FP": 1,
            "FN": 21,
            "TP": 9,
            "AP": 0.6485383014738365,
            "recall": 0.3,
            "precision": 0.9,
            "specificity": 0.9974811083123426,
            "accuracy": 0.9484777517564403,
            "expected AP": 0.0702576112412178
        }
    }
}
