{
    "overall": {
        "mAP": 0.48275423681962537,
        "accuracy": 0.4215456674473068,
        "expected mAP": 0.25,
        "balanced accuracy": 0.3373304623304623,
        "adjusted balanced accuracy": 0.11644061644061643
    },
    "classwise": {
        "0": {
            "TN": 60,
            "FP": 219,
            "FN": 12,
            "TP": 136,
            "AP": 0.4945504133473117,
            "recall": 0.918918918918919,
            "precision": 0.38309859154929576,
            "specificity": 0.21505376344086022,
            "accuracy": 0.45901639344262296,
            "expected AP": 0.34660421545667447
        },
        "1": {
            "TN": 194,
            "FP": 23,
            "FN": 174,
            "TP": 36,
            "AP": 0.5724486594304756,
            "recall": 0.17142857142857143,
            "precision": 0.6101694915254238,
            "specificity": 0.8940092165898618,
            "accuracy": 0.5386416861826698,
            "expected AP": 0.4918032786885246
        },
        "2": {
            "TN": 383,
            "FP": 5,
            "FN": 38,
            "TP": 1,
            "AP": 0.1439374452013915,
            "recall": 0.02564102564102564,
            "precision": 0.16666666666666666,
            "specificity": 0.9871134020618557,
            "accuracy": 0.8992974238875878,
            "expected AP": 0.09133489461358314
        },
        "3": {
            "TN": 397,
            "FP": 0,
            "FN": 23,
            "TP": 7,
            "AP": 0.7200804292993225,
            "recall": 0.23333333333333334,
            "precision": 1.0,
            "specificity": 1.0,
            "accuracy": 0.9461358313817331,
            "expected AP": 0.0702576112412178
        }
    }
}
