{
    "TN": 114,
    "FP": 54,
    "FN": 106,
    "TP": 105,
    "AP": 0.6396610585846738,
    "recall": 0.4976303317535545,
    "precision": 0.660377358490566,
    "specificity": 0.6785714285714286,
    "accuracy": 0.5778364116094987,
    "expected AP": 0.5567282321899736,
    "auroc": 0.6354801399232679,
    "balanced accuracy": 0.5881008801624915,
    "adjusted balanced accuracy": 0.17620176032498303
}
