{
    "overall": {
        "mAP": 0.4035985997621243,
        "accuracy": 0.5069444444444444,
        "expected mAP": 0.25,
        "balanced accuracy": 0.3249607441948991
    },
    "classwise": {
        "0": {
            "TN": 164,
            "FP": 120,
            "FN": 42,
            "TP": 106,
            "AP": 0.5554519014529691,
            "recall": 0.7162162162162162,
            "precision": 0.4690265486725664,
            "specificity": 0.5774647887323944,
            "accuracy": 0.625,
            "expected AP": 0.3425925925925926
        },
        "1": {
            "TN": 143,
            "FP": 76,
            "FN": 102,
            "TP": 111,
            "AP": 0.6633866651448149,
            "recall": 0.5211267605633803,
            "precision": 0.5935828877005348,
            "specificity": 0.6529680365296804,
            "accuracy": 0.5879629629629629,
            "expected AP": 0.4930555555555556
        },
        "2": {
            "TN": 377,
            "FP": 16,
            "FN": 39,
            "TP": 0,
            "AP": 0.13185547292653216,
            "recall": 0.0,
            "precision": 0.0,
            "specificity": 0.9592875318066157,
            "accuracy": 0.8726851851851852,
            "expected AP": 0.09027777777777778
        },
        "3": {
            "TN": 399,
            "FP": 1,
            "FN": 30,
            "TP": 2,
            "AP": 0.2637003595241809,
            "recall": 0.0625,
            "precision": 0.6666666666666666,
            "specificity": 0.9975,
            "accuracy": 0.9282407407407407,
            "expected AP": 0.07407407407407407
        }
    }
}
