{
    "TN": 388,
    "FP": 6,
    "FN": 28,
    "TP": 5,
    "AP": 0.23390448663414581,
    "recall": 0.15151515151515152,
    "precision": 0.45454545454545453,
    "specificity": 0.9847715736040609,
    "accuracy": 0.9203747072599532,
    "expected AP": 0.07728337236533958,
    "auroc": 0.68158744808491,
    "balanced accuracy": 0.5681433625596062,
    "adjusted balanced accuracy": 0.13628672511921236
}
