{
    "TN": 411,
    "FP": 157,
    "FN": 73,
    "TP": 146,
    "AP": 0.5202196532856974,
    "recall": 0.6666666666666666,
    "precision": 0.48184818481848185,
    "specificity": 0.7235915492957746,
    "accuracy": 0.7077509529860229,
    "expected AP": 0.2782719186785261,
    "auroc": 0.7583526271785966,
    "balanced accuracy": 0.6951291079812206,
    "adjusted balanced accuracy": 0.39025821596244126
}
