{
    "TN": 378,
    "FP": 16,
    "FN": 27,
    "TP": 6,
    "AP": 0.20440204961648367,
    "recall": 0.18181818181818182,
    "precision": 0.2727272727272727,
    "specificity": 0.9593908629441624,
    "accuracy": 0.8992974238875878,
    "expected AP": 0.07728337236533958,
    "auroc": 0.6753576372865713,
    "balanced accuracy": 0.5706045223811721,
    "adjusted balanced accuracy": 0.1412090447623442
}
