{
    "TN": 1041,
    "FP": 59,
    "FN": 63,
    "TP": 13,
    "AP": 0.13554964917653792,
    "recall": 0.17105263157894737,
    "precision": 0.18055555555555555,
    "specificity": 0.9463636363636364,
    "accuracy": 0.8962585034013606,
    "expected AP": 0.06462585034013606,
    "auroc": 0.673744019138756,
    "balanced accuracy": 0.5587081339712919,
    "adjusted balanced accuracy": 0.11741626794258386
}
