{
    "overall": {
        "mAP": 0.5163749389886537,
        "accuracy": 0.4375,
        "expected mAP": 0.25,
        "balanced accuracy": 0.31488310493592186
    },
    "classwise": {
        "0": {
            "TN": 80,
            "FP": 204,
            "FN": 19,
            "TP": 129,
            "AP": 0.6952470238557987,
            "recall": 0.8716216216216216,
            "precision": 0.38738738738738737,
            "specificity": 0.28169014084507044,
            "accuracy": 0.4837962962962963,
            "expected AP": 0.3425925925925926
        },
        "1": {
            "TN": 190,
            "FP": 29,
            "FN": 157,
            "TP": 56,
            "AP": 0.6762736061325852,
            "recall": 0.26291079812206575,
            "precision": 0.6588235294117647,
            "specificity": 0.867579908675799,
            "accuracy": 0.5694444444444444,
            "expected AP": 0.4930555555555556
        },
        "2": {
            "TN": 384,
            "FP": 9,
            "FN": 39,
            "TP": 0,
            "AP": 0.16182288666960526,
            "recall": 0.0,
            "precision": 0.0,
            "specificity": 0.9770992366412213,
            "accuracy": 0.8888888888888888,
            "expected AP": 0.09027777777777778
        },
        "3": {
            "TN": 399,
            "FP": 1,
            "FN": 28,
            "TP": 4,
            "AP": 0.5321562392966257,
            "recall": 0.125,
            "precision": 0.8,
            "specificity": 0.9975,
            "accuracy": 0.9328703703703703,
            "expected AP": 0.07407407407407407
        }
    }
}
