{
    "overall": {
        "mAP": 0.4865835022464087,
        "accuracy": 0.4262295081967213,
        "expected mAP": 0.25,
        "balanced accuracy": 0.3401383526383526,
        "adjusted balanced accuracy": 0.12018447018447016
    },
    "classwise": {
        "0": {
            "TN": 66,
            "FP": 213,
            "FN": 15,
            "TP": 133,
            "AP": 0.4920425942621716,
            "recall": 0.8986486486486487,
            "precision": 0.38439306358381503,
            "specificity": 0.23655913978494625,
            "accuracy": 0.46604215456674475,
            "expected AP": 0.34660421545667447
        },
        "1": {
            "TN": 190,
            "FP": 27,
            "FN": 169,
            "TP": 41,
            "AP": 0.5771372500590687,
            "recall": 0.19523809523809524,
            "precision": 0.6029411764705882,
            "specificity": 0.8755760368663594,
            "accuracy": 0.5409836065573771,
            "expected AP": 0.4918032786885246
        },
        "2": {
            "TN": 383,
            "FP": 5,
            "FN": 39,
            "TP": 0,
            "AP": 0.1379573229762009,
            "recall": 0.0,
            "precision": 0.0,
            "specificity": 0.9871134020618557,
            "accuracy": 0.8969555035128806,
            "expected AP": 0.09133489461358314
        },
        "3": {
            "TN": 397,
            "FP": 0,
            "FN": 22,
            "TP": 8,
            "AP": 0.7391968416881937,
            "recall": 0.26666666666666666,
            "precision": 1.0,
            "specificity": 1.0,
            "accuracy": 0.9484777517564403,
            "expected AP": 0.0702576112412178
        }
    }
}
