{
    "TN": 391,
    "FP": 3,
    "FN": 31,
    "TP": 2,
    "AP": 0.15427759200818297,
    "recall": 0.06060606060606061,
    "precision": 0.4,
    "specificity": 0.9923857868020305,
    "accuracy": 0.9203747072599532,
    "expected AP": 0.07728337236533958,
    "auroc": 0.617904937701892,
    "balanced accuracy": 0.5264959237040455,
    "adjusted balanced accuracy": 0.05299184740809104
}
