{
    "overall": {
        "mAP": 0.4352438475640594,
        "accuracy": 0.47453703703703703,
        "expected mAP": 0.25,
        "balanced accuracy": 0.3510014195533562
    },
    "classwise": {
        "0": {
            "TN": 86,
            "FP": 198,
            "FN": 24,
            "TP": 124,
            "AP": 0.3867273711839634,
            "recall": 0.8378378378378378,
            "precision": 0.38509316770186336,
            "specificity": 0.3028169014084507,
            "accuracy": 0.4861111111111111,
            "expected AP": 0.3425925925925926
        },
        "1": {
            "TN": 190,
            "FP": 29,
            "FN": 139,
            "TP": 74,
            "AP": 0.6837327255997623,
            "recall": 0.3474178403755869,
            "precision": 0.7184466019417476,
            "specificity": 0.867579908675799,
            "accuracy": 0.6111111111111112,
            "expected AP": 0.4930555555555556
        },
        "2": {
            "TN": 393,
            "FP": 0,
            "FN": 39,
            "TP": 0,
            "AP": 0.08179756511822775,
            "recall": 0.0,
            "precision": 0.0,
            "specificity": 1.0,
            "accuracy": 0.9097222222222222,
            "expected AP": 0.09027777777777778
        },
        "3": {
            "TN": 400,
            "FP": 0,
            "FN": 25,
            "TP": 7,
            "AP": 0.5887177283542844,
            "recall": 0.21875,
            "precision": 1.0,
            "specificity": 1.0,
            "accuracy": 0.9421296296296297,
            "expected AP": 0.07407407407407407
        }
    }
}
