{
    "overall": {
        "mAP": 0.4926198814223348,
        "accuracy": 0.4867924528301887,
        "expected mAP": 0.25
    },
    "classwise": {
        "0": {
            "TN": 4370,
            "FP": 4788,
            "FN": 696,
            "TP": 3661,
            "AP": 0.5928179573952793,
            "recall": 0.8402570576084462,
            "precision": 0.43330571665285833,
            "specificity": 0.47717842323651455,
            "accuracy": 0.5942286348501665,
            "expected AP": 0.3223825379208287
        },
        "1": {
            "TN": 5244,
            "FP": 1897,
            "FN": 3839,
            "TP": 2535,
            "AP": 0.5660465041009548,
            "recall": 0.39770944461876373,
            "precision": 0.5719765342960289,
            "specificity": 0.7343509312421229,
            "accuracy": 0.5755826859045505,
            "expected AP": 0.4716241213466519
        },
        "2": {
            "TN": 11311,
            "FP": 239,
            "FN": 1853,
            "TP": 112,
            "AP": 0.20584002263491694,
            "recall": 0.056997455470737916,
            "precision": 0.3190883190883191,
            "specificity": 0.9793073593073593,
            "accuracy": 0.8452090270070293,
            "expected AP": 0.1453940066592675
        },
        "3": {
            "TN": 12684,
            "FP": 12,
            "FN": 548,
            "TP": 271,
            "AP": 0.6057750415581883,
            "recall": 0.3308913308913309,
            "precision": 0.9575971731448764,
            "specificity": 0.999054820415879,
            "accuracy": 0.9585645578986312,
            "expected AP": 0.060599334073251944
        }
    }
}
