{
    "overall": {
        "mAP": 0.46961145268069304,
        "accuracy": 0.4261931187569367,
        "expected mAP": 0.25
    },
    "classwise": {
        "0": {
            "TN": 2816,
            "FP": 6342,
            "FN": 497,
            "TP": 3860,
            "AP": 0.5179989715241462,
            "recall": 0.8859306862520082,
            "precision": 0.3783571848657126,
            "specificity": 0.30749071849748855,
            "accuracy": 0.4939696633370329,
            "expected AP": 0.3223825379208287
        },
        "1": {
            "TN": 6041,
            "FP": 1100,
            "FN": 4839,
            "TP": 1535,
            "AP": 0.562976447212344,
            "recall": 0.24082208973956698,
            "precision": 0.5825426944971537,
            "specificity": 0.8459599495868926,
            "accuracy": 0.5605623381428043,
            "expected AP": 0.4716241213466519
        },
        "2": {
            "TN": 11258,
            "FP": 292,
            "FN": 1846,
            "TP": 119,
            "AP": 0.20306568952629436,
            "recall": 0.06055979643765903,
            "precision": 0.2895377128953771,
            "specificity": 0.9747186147186148,
            "accuracy": 0.8418054014058454,
            "expected AP": 0.1453940066592675
        },
        "3": {
            "TN": 12675,
            "FP": 21,
            "FN": 573,
            "TP": 246,
            "AP": 0.5944047024599878,
            "recall": 0.30036630036630035,
            "precision": 0.9213483146067416,
            "specificity": 0.9983459357277883,
            "accuracy": 0.9560488346281909,
            "expected AP": 0.060599334073251944
        }
    }
}
