{
    "overall": {
        "mAP": 0.48564932275361716,
        "accuracy": 0.48842592592592593,
        "expected mAP": 0.25,
        "balanced accuracy": 0.33297249714503235
    },
    "classwise": {
        "0": {
            "TN": 121,
            "FP": 163,
            "FN": 34,
            "TP": 114,
            "AP": 0.6417833384026574,
            "recall": 0.7702702702702703,
            "precision": 0.41155234657039713,
            "specificity": 0.426056338028169,
            "accuracy": 0.5439814814814815,
            "expected AP": 0.3425925925925926
        },
        "1": {
            "TN": 169,
            "FP": 50,
            "FN": 120,
            "TP": 93,
            "AP": 0.651484193564621,
            "recall": 0.43661971830985913,
            "precision": 0.6503496503496503,
            "specificity": 0.771689497716895,
            "accuracy": 0.6064814814814815,
            "expected AP": 0.4930555555555556
        },
        "2": {
            "TN": 386,
            "FP": 7,
            "FN": 39,
            "TP": 0,
            "AP": 0.154661835619974,
            "recall": 0.0,
            "precision": 0.0,
            "specificity": 0.9821882951653944,
            "accuracy": 0.8935185185185185,
            "expected AP": 0.09027777777777778
        },
        "3": {
            "TN": 399,
            "FP": 1,
            "FN": 28,
            "TP": 4,
            "AP": 0.4946679234272162,
            "recall": 0.125,
            "precision": 0.8,
            "specificity": 0.9975,
            "accuracy": 0.9328703703703703,
            "expected AP": 0.07407407407407407
        }
    }
}
