{
    "TN": 999,
    "FP": 13,
    "FN": 51,
    "TP": 24,
    "AP": 0.30374582686948887,
    "recall": 0.32,
    "precision": 0.6486486486486487,
    "specificity": 0.9871541501976284,
    "accuracy": 0.9411223551057958,
    "expected AP": 0.06899724011039558,
    "auroc": 0.6696706192358365,
    "balanced accuracy": 0.6535770750988142,
    "adjusted balanced accuracy": 0.3071541501976285
}
