{
    "overall": {
        "mAP": 0.4413183441300469,
        "accuracy": 0.49074074074074076,
        "expected mAP": 0.25,
        "balanced accuracy": 0.32086862390559573
    },
    "classwise": {
        "0": {
            "TN": 145,
            "FP": 139,
            "FN": 34,
            "TP": 114,
            "AP": 0.6478500215531061,
            "recall": 0.7702702702702703,
            "precision": 0.4505928853754941,
            "specificity": 0.5105633802816901,
            "accuracy": 0.5995370370370371,
            "expected AP": 0.3425925925925926
        },
        "1": {
            "TN": 154,
            "FP": 65,
            "FN": 117,
            "TP": 96,
            "AP": 0.6743536027948283,
            "recall": 0.4507042253521127,
            "precision": 0.5962732919254659,
            "specificity": 0.7031963470319634,
            "accuracy": 0.5787037037037037,
            "expected AP": 0.4930555555555556
        },
        "2": {
            "TN": 378,
            "FP": 15,
            "FN": 39,
            "TP": 0,
            "AP": 0.15818826819436882,
            "recall": 0.0,
            "precision": 0.0,
            "specificity": 0.9618320610687023,
            "accuracy": 0.875,
            "expected AP": 0.09027777777777778
        },
        "3": {
            "TN": 399,
            "FP": 1,
            "FN": 30,
            "TP": 2,
            "AP": 0.2848814839778843,
            "recall": 0.0625,
            "precision": 0.6666666666666666,
            "specificity": 0.9975,
            "accuracy": 0.9282407407407407,
            "expected AP": 0.07407407407407407
        }
    }
}
