{
    "TN": 118,
    "FP": 50,
    "FN": 109,
    "TP": 102,
    "AP": 0.66543006997639,
    "recall": 0.4834123222748815,
    "precision": 0.6710526315789473,
    "specificity": 0.7023809523809523,
    "accuracy": 0.5804749340369393,
    "expected AP": 0.5567282321899736,
    "auroc": 0.6539155946738885,
    "balanced accuracy": 0.592896637327917,
    "adjusted balanced accuracy": 0.18579327465583395
}
