{
    "TN": 384,
    "FP": 10,
    "FN": 28,
    "TP": 5,
    "AP": 0.21934142106126442,
    "recall": 0.15151515151515152,
    "precision": 0.3333333333333333,
    "specificity": 0.9746192893401016,
    "accuracy": 0.9110070257611241,
    "expected AP": 0.07728337236533958,
    "auroc": 0.673319489309337,
    "balanced accuracy": 0.5630672204276266,
    "adjusted balanced accuracy": 0.12613444085525316
}
