{
    "overall": {
        "mAP": 0.5319116440782765,
        "accuracy": 0.5254629629629629,
        "expected mAP": 0.25,
        "balanced accuracy": 0.3491744385230301
    },
    "classwise": {
        "0": {
            "TN": 150,
            "FP": 134,
            "FN": 39,
            "TP": 109,
            "AP": 0.6640521555258654,
            "recall": 0.7364864864864865,
            "precision": 0.448559670781893,
            "specificity": 0.528169014084507,
            "accuracy": 0.5995370370370371,
            "expected AP": 0.3425925925925926
        },
        "1": {
            "TN": 163,
            "FP": 56,
            "FN": 99,
            "TP": 114,
            "AP": 0.695686883591438,
            "recall": 0.5352112676056338,
            "precision": 0.6705882352941176,
            "specificity": 0.7442922374429224,
            "accuracy": 0.6412037037037037,
            "expected AP": 0.4930555555555556
        },
        "2": {
            "TN": 379,
            "FP": 14,
            "FN": 39,
            "TP": 0,
            "AP": 0.17338469592476455,
            "recall": 0.0,
            "precision": 0.0,
            "specificity": 0.9643765903307888,
            "accuracy": 0.8773148148148148,
            "expected AP": 0.09027777777777778
        },
        "3": {
            "TN": 399,
            "FP": 1,
            "FN": 28,
            "TP": 4,
            "AP": 0.5945228412710384,
            "recall": 0.125,
            "precision": 0.8,
            "specificity": 0.9975,
            "accuracy": 0.9328703703703703,
            "expected AP": 0.07407407407407407
        }
    }
}
