{
    "TN": 1148,
    "FP": 40,
    "FN": 70,
    "TP": 9,
    "AP": 0.1257157389434725,
    "recall": 0.11392405063291139,
    "precision": 0.1836734693877551,
    "specificity": 0.9663299663299664,
    "accuracy": 0.9131807419100236,
    "expected AP": 0.062352012628255724,
    "auroc": 0.6605719643694328,
    "balanced accuracy": 0.5401270084814389,
    "adjusted balanced accuracy": 0.08025401696287782
}
