{
    "overall": {
        "mAP": 0.4266870035555401,
        "accuracy": 0.7093596059113301,
        "expected mAP": 0.25,
        "balanced accuracy": 0.45381632006041567,
        "adjusted balanced accuracy": 0.27175509341388754
    },
    "classwise": {
        "0": {
            "TN": 187,
            "FP": 120,
            "FN": 82,
            "TP": 626,
            "AP": 0.9333776251807605,
            "recall": 0.884180790960452,
            "precision": 0.839142091152815,
            "specificity": 0.6091205211726385,
            "accuracy": 0.8009852216748768,
            "expected AP": 0.6975369458128079
        },
        "1": {
            "TN": 693,
            "FP": 139,
            "FN": 102,
            "TP": 81,
            "AP": 0.3005630207996011,
            "recall": 0.4426229508196721,
            "precision": 0.36818181818181817,
            "specificity": 0.8329326923076923,
            "accuracy": 0.7625615763546798,
            "expected AP": 0.18029556650246306
        },
        "2": {
            "TN": 910,
            "FP": 1,
            "FN": 100,
            "TP": 4,
            "AP": 0.3232862813572063,
            "recall": 0.038461538461538464,
            "precision": 0.8,
            "specificity": 0.9989023051591658,
            "accuracy": 0.9004926108374385,
            "expected AP": 0.10246305418719212
        },
        "3": {
            "TN": 960,
            "FP": 35,
            "FN": 11,
            "TP": 9,
            "AP": 0.14952108688459234,
            "recall": 0.45,
            "precision": 0.20454545454545456,
            "specificity": 0.964824120603015,
            "accuracy": 0.954679802955665,
            "expected AP": 0.019704433497536946
        }
    }
}
