{
    "overall": {
        "mAP": 0.480369237317783,
        "accuracy": 0.46296296296296297,
        "expected mAP": 0.25,
        "balanced accuracy": 0.3323707730617942
    },
    "classwise": {
        "0": {
            "TN": 91,
            "FP": 193,
            "FN": 23,
            "TP": 125,
            "AP": 0.6632078856899202,
            "recall": 0.8445945945945946,
            "precision": 0.39308176100628933,
            "specificity": 0.3204225352112676,
            "accuracy": 0.5,
            "expected AP": 0.3425925925925926
        },
        "1": {
            "TN": 190,
            "FP": 29,
            "FN": 143,
            "TP": 70,
            "AP": 0.6897028922801135,
            "recall": 0.3286384976525822,
            "precision": 0.7070707070707071,
            "specificity": 0.867579908675799,
            "accuracy": 0.6018518518518519,
            "expected AP": 0.4930555555555556
        },
        "2": {
            "TN": 386,
            "FP": 7,
            "FN": 39,
            "TP": 0,
            "AP": 0.19764868438119773,
            "recall": 0.0,
            "precision": 0.0,
            "specificity": 0.9821882951653944,
            "accuracy": 0.8935185185185185,
            "expected AP": 0.09027777777777778
        },
        "3": {
            "TN": 397,
            "FP": 3,
            "FN": 27,
            "TP": 5,
            "AP": 0.3709174869199007,
            "recall": 0.15625,
            "precision": 0.625,
            "specificity": 0.9925,
            "accuracy": 0.9305555555555556,
            "expected AP": 0.07407407407407407
        }
    }
}
