{
    "TN": 255,
    "FP": 41,
    "FN": 233,
    "TP": 173,
    "AP": 0.7268189647337066,
    "recall": 0.42610837438423643,
    "precision": 0.8084112149532711,
    "specificity": 0.8614864864864865,
    "accuracy": 0.6096866096866097,
    "expected AP": 0.5783475783475783,
    "auroc": 0.677589535348156,
    "balanced accuracy": 0.6437974304353615,
    "adjusted balanced accuracy": 0.28759486087072306
}
