{
    "TN": 143,
    "FP": 25,
    "FN": 141,
    "TP": 70,
    "AP": 0.7352362182701829,
    "recall": 0.33175355450236965,
    "precision": 0.7368421052631579,
    "specificity": 0.8511904761904762,
    "accuracy": 0.5620052770448549,
    "expected AP": 0.5567282321899736,
    "auroc": 0.7045813586097945,
    "balanced accuracy": 0.5914720153464229,
    "adjusted balanced accuracy": 0.18294403069284582
}
