{
    "overall": {
        "mAP": 0.47602198497144316,
        "accuracy": 0.41217798594847777,
        "expected mAP": 0.25,
        "balanced accuracy": 0.3258526383526384,
        "adjusted balanced accuracy": 0.10113685113685118
    },
    "classwise": {
        "0": {
            "TN": 63,
            "FP": 216,
            "FN": 15,
            "TP": 133,
            "AP": 0.4678328573277313,
            "recall": 0.8986486486486487,
            "precision": 0.38108882521489973,
            "specificity": 0.22580645161290322,
            "accuracy": 0.45901639344262296,
            "expected AP": 0.34660421545667447
        },
        "1": {
            "TN": 187,
            "FP": 30,
            "FN": 174,
            "TP": 36,
            "AP": 0.5590985162050133,
            "recall": 0.17142857142857143,
            "precision": 0.5454545454545454,
            "specificity": 0.8617511520737328,
            "accuracy": 0.522248243559719,
            "expected AP": 0.4918032786885246
        },
        "2": {
            "TN": 383,
            "FP": 5,
            "FN": 39,
            "TP": 0,
            "AP": 0.12297251233487785,
            "recall": 0.0,
            "precision": 0.0,
            "specificity": 0.9871134020618557,
            "accuracy": 0.8969555035128806,
            "expected AP": 0.09133489461358314
        },
        "3": {
            "TN": 397,
            "FP": 0,
            "FN": 23,
            "TP": 7,
            "AP": 0.7541840540181501,
            "recall": 0.23333333333333334,
            "precision": 1.0,
            "specificity": 1.0,
            "accuracy": 0.9461358313817331,
            "expected AP": 0.0702576112412178
        }
    }
}
