{
    "TN": 902,
    "FP": 44,
    "FN": 69,
    "TP": 3,
    "AP": 0.09402460134266685,
    "recall": 0.041666666666666664,
    "precision": 0.06382978723404255,
    "specificity": 0.9534883720930233,
    "accuracy": 0.8889980353634578,
    "expected AP": 0.07072691552062868,
    "auroc": 0.5748032652102419,
    "balanced accuracy": 0.49757751937984496,
    "adjusted balanced accuracy": -0.004844961240310086
}
