{
    "TN": 943,
    "FP": 3,
    "FN": 67,
    "TP": 5,
    "AP": 0.2883163766863422,
    "recall": 0.06944444444444445,
    "precision": 0.625,
    "specificity": 0.9968287526427061,
    "accuracy": 0.931237721021611,
    "expected AP": 0.07072691552062868,
    "auroc": 0.7027249236551563,
    "balanced accuracy": 0.5331365985435753,
    "adjusted balanced accuracy": 0.06627319708715063
}
