{
    "TN": 387,
    "FP": 7,
    "FN": 29,
    "TP": 4,
    "AP": 0.2085944868289274,
    "recall": 0.12121212121212122,
    "precision": 0.36363636363636365,
    "specificity": 0.9822335025380711,
    "accuracy": 0.9156908665105387,
    "expected AP": 0.07728337236533958,
    "auroc": 0.6465159206275958,
    "balanced accuracy": 0.5517228118750961,
    "adjusted balanced accuracy": 0.10344562375019217
}
