{
    "overall": {
        "mAP": 0.4574721305031406,
        "accuracy": 0.4168618266978923,
        "expected mAP": 0.25,
        "balanced accuracy": 0.3185971685971686,
        "adjusted balanced accuracy": 0.09146289146289144
    },
    "classwise": {
        "0": {
            "TN": 72,
            "FP": 207,
            "FN": 20,
            "TP": 128,
            "AP": 0.45878976994163495,
            "recall": 0.8648648648648649,
            "precision": 0.382089552238806,
            "specificity": 0.25806451612903225,
            "accuracy": 0.468384074941452,
            "expected AP": 0.34660421545667447
        },
        "1": {
            "TN": 180,
            "FP": 37,
            "FN": 166,
            "TP": 44,
            "AP": 0.5380395186421078,
            "recall": 0.20952380952380953,
            "precision": 0.5432098765432098,
            "specificity": 0.8294930875576036,
            "accuracy": 0.5245901639344263,
            "expected AP": 0.4918032786885246
        },
        "2": {
            "TN": 383,
            "FP": 5,
            "FN": 39,
            "TP": 0,
            "AP": 0.1174467183056269,
            "recall": 0.0,
            "precision": 0.0,
            "specificity": 0.9871134020618557,
            "accuracy": 0.8969555035128806,
            "expected AP": 0.09133489461358314
        },
        "3": {
            "TN": 397,
            "FP": 0,
            "FN": 24,
            "TP": 6,
            "AP": 0.7156125151231929,
            "recall": 0.2,
            "precision": 1.0,
            "specificity": 1.0,
            "accuracy": 0.9437939110070258,
            "expected AP": 0.0702576112412178
        }
    }
}
