{
    "overall": {
        "mAP": 0.3692639524809553,
        "accuracy": 0.5891625615763547,
        "expected mAP": 0.25,
        "balanced accuracy": 0.42812217246956064,
        "adjusted balanced accuracy": 0.2374962299594142
    },
    "classwise": {
        "0": {
            "TN": 187,
            "FP": 120,
            "FN": 203,
            "TP": 505,
            "AP": 0.8477972674206358,
            "recall": 0.713276836158192,
            "precision": 0.808,
            "specificity": 0.6091205211726385,
            "accuracy": 0.6817733990147783,
            "expected AP": 0.6975369458128079
        },
        "1": {
            "TN": 606,
            "FP": 226,
            "FN": 111,
            "TP": 72,
            "AP": 0.2175973468479538,
            "recall": 0.39344262295081966,
            "precision": 0.24161073825503357,
            "specificity": 0.7283653846153846,
            "accuracy": 0.6679802955665025,
            "expected AP": 0.18029556650246306
        },
        "2": {
            "TN": 862,
            "FP": 49,
            "FN": 93,
            "TP": 11,
            "AP": 0.1596086863605925,
            "recall": 0.10576923076923077,
            "precision": 0.18333333333333332,
            "specificity": 0.9462129527991219,
            "accuracy": 0.8600985221674877,
            "expected AP": 0.10246305418719212
        },
        "3": {
            "TN": 973,
            "FP": 22,
            "FN": 10,
            "TP": 10,
            "AP": 0.252052509294639,
            "recall": 0.5,
            "precision": 0.3125,
            "specificity": 0.9778894472361809,
            "accuracy": 0.9684729064039409,
            "expected AP": 0.019704433497536946
        }
    }
}
