{
    "overall": {
        "mAP": 0.4509812962380561,
        "accuracy": 0.5115740740740741,
        "expected mAP": 0.25,
        "balanced accuracy": 0.32782364230427613
    },
    "classwise": {
        "0": {
            "TN": 164,
            "FP": 120,
            "FN": 41,
            "TP": 107,
            "AP": 0.6903536517412163,
            "recall": 0.722972972972973,
            "precision": 0.4713656387665198,
            "specificity": 0.5774647887323944,
            "accuracy": 0.6273148148148148,
            "expected AP": 0.3425925925925926
        },
        "1": {
            "TN": 144,
            "FP": 75,
            "FN": 101,
            "TP": 112,
            "AP": 0.6886462745359295,
            "recall": 0.5258215962441315,
            "precision": 0.5989304812834224,
            "specificity": 0.6575342465753424,
            "accuracy": 0.5925925925925926,
            "expected AP": 0.4930555555555556
        },
        "2": {
            "TN": 378,
            "FP": 15,
            "FN": 39,
            "TP": 0,
            "AP": 0.15472060058618914,
            "recall": 0.0,
            "precision": 0.0,
            "specificity": 0.9618320610687023,
            "accuracy": 0.875,
            "expected AP": 0.09027777777777778
        },
        "3": {
            "TN": 399,
            "FP": 1,
            "FN": 30,
            "TP": 2,
            "AP": 0.27020465808888927,
            "recall": 0.0625,
            "precision": 0.6666666666666666,
            "specificity": 0.9975,
            "accuracy": 0.9282407407407407,
            "expected AP": 0.07407407407407407
        }
    }
}
