{
    "TN": 1636,
    "FP": 359,
    "FN": 275,
    "TP": 415,
    "AP": 0.5314206698468891,
    "recall": 0.6014492753623188,
    "precision": 0.5361757105943152,
    "specificity": 0.8200501253132833,
    "accuracy": 0.7638733705772812,
    "expected AP": 0.2569832402234637,
    "auroc": 0.7696207911082054,
    "balanced accuracy": 0.710749700337801,
    "adjusted balanced accuracy": 0.4214994006756021
}
