{
    "overall": {
        "mAP": 0.4722230552708817,
        "accuracy": 0.47073621901590823,
        "expected mAP": 0.25
    },
    "classwise": {
        "0": {
            "TN": 3891,
            "FP": 5267,
            "FN": 586,
            "TP": 3771,
            "AP": 0.5455781646899769,
            "recall": 0.8655037870094101,
            "precision": 0.4172383270635096,
            "specificity": 0.42487442673072723,
            "accuracy": 0.5669256381798002,
            "expected AP": 0.3223825379208287
        },
        "1": {
            "TN": 5483,
            "FP": 1658,
            "FN": 4119,
            "TP": 2255,
            "AP": 0.5721574155065532,
            "recall": 0.35378098525258866,
            "precision": 0.5762841809353437,
            "specificity": 0.7678196331046072,
            "accuracy": 0.5725490196078431,
            "expected AP": 0.4716241213466519
        },
        "2": {
            "TN": 11330,
            "FP": 220,
            "FN": 1876,
            "TP": 89,
            "AP": 0.18902276607192908,
            "recall": 0.04529262086513995,
            "precision": 0.28802588996763756,
            "specificity": 0.9809523809523809,
            "accuracy": 0.844913059563448,
            "expected AP": 0.1453940066592675
        },
        "3": {
            "TN": 12688,
            "FP": 8,
            "FN": 572,
            "TP": 247,
            "AP": 0.5821338748150678,
            "recall": 0.30158730158730157,
            "precision": 0.9686274509803922,
            "specificity": 0.9993698802772527,
            "accuracy": 0.9570847206807251,
            "expected AP": 0.060599334073251944
        }
    }
}
