{
    "overall": {
        "mAP": 0.4709132355999429,
        "accuracy": 0.4262295081967213,
        "expected mAP": 0.25,
        "balanced accuracy": 0.34063706563706564,
        "adjusted balanced accuracy": 0.12084942084942085
    },
    "classwise": {
        "0": {
            "TN": 66,
            "FP": 213,
            "FN": 14,
            "TP": 134,
            "AP": 0.49336643417040715,
            "recall": 0.9054054054054054,
            "precision": 0.3861671469740634,
            "specificity": 0.23655913978494625,
            "accuracy": 0.468384074941452,
            "expected AP": 0.34660421545667447
        },
        "1": {
            "TN": 190,
            "FP": 27,
            "FN": 170,
            "TP": 40,
            "AP": 0.5648991520411293,
            "recall": 0.19047619047619047,
            "precision": 0.5970149253731343,
            "specificity": 0.8755760368663594,
            "accuracy": 0.5386416861826698,
            "expected AP": 0.4918032786885246
        },
        "2": {
            "TN": 383,
            "FP": 5,
            "FN": 39,
            "TP": 0,
            "AP": 0.1268395629241748,
            "recall": 0.0,
            "precision": 0.0,
            "specificity": 0.9871134020618557,
            "accuracy": 0.8969555035128806,
            "expected AP": 0.09133489461358314
        },
        "3": {
            "TN": 397,
            "FP": 0,
            "FN": 22,
            "TP": 8,
            "AP": 0.6985477932640606,
            "recall": 0.26666666666666666,
            "precision": 1.0,
            "specificity": 1.0,
            "accuracy": 0.9484777517564403,
            "expected AP": 0.0702576112412178
        }
    }
}
