{
    "TN": 616,
    "FP": 108,
    "FN": 150,
    "TP": 122,
    "AP": 0.5394626795207704,
    "recall": 0.4485294117647059,
    "precision": 0.5304347826086957,
    "specificity": 0.850828729281768,
    "accuracy": 0.7409638554216867,
    "expected AP": 0.27309236947791166,
    "auroc": 0.7632941988950277,
    "balanced accuracy": 0.6496790705232369,
    "adjusted balanced accuracy": 0.29935814104647385
}
