{
    "overall": {
        "mAP": 0.46883682797072646,
        "accuracy": 0.4973732889382168,
        "expected mAP": 0.25
    },
    "classwise": {
        "0": {
            "TN": 4689,
            "FP": 4469,
            "FN": 785,
            "TP": 3572,
            "AP": 0.558332789190936,
            "recall": 0.819830158365848,
            "precision": 0.44422335530406665,
            "specificity": 0.5120113561913081,
            "accuracy": 0.6112467628560858,
            "expected AP": 0.3223825379208287
        },
        "1": {
            "TN": 5061,
            "FP": 2080,
            "FN": 3571,
            "TP": 2803,
            "AP": 0.5581122629430668,
            "recall": 0.43975525572638846,
            "precision": 0.5740323571574851,
            "specificity": 0.7087242683097605,
            "accuracy": 0.5818719940806512,
            "expected AP": 0.4716241213466519
        },
        "2": {
            "TN": 11312,
            "FP": 238,
            "FN": 1848,
            "TP": 117,
            "AP": 0.1770061075277407,
            "recall": 0.059541984732824425,
            "precision": 0.3295774647887324,
            "specificity": 0.9793939393939394,
            "accuracy": 0.845652978172401,
            "expected AP": 0.1453940066592675
        },
        "3": {
            "TN": 12690,
            "FP": 6,
            "FN": 589,
            "TP": 230,
            "AP": 0.5818961522211622,
            "recall": 0.28083028083028083,
            "precision": 0.9745762711864406,
            "specificity": 0.9995274102079396,
            "accuracy": 0.9559748427672956,
            "expected AP": 0.060599334073251944
        }
    }
}
