{
    "TN": 110,
    "FP": 58,
    "FN": 110,
    "TP": 101,
    "AP": 0.6624744590566458,
    "recall": 0.4786729857819905,
    "precision": 0.6352201257861635,
    "specificity": 0.6547619047619048,
    "accuracy": 0.5567282321899736,
    "expected AP": 0.5567282321899736,
    "auroc": 0.6333925750394944,
    "balanced accuracy": 0.5667174452719477,
    "adjusted balanced accuracy": 0.13343489054389535
}
