{
    "overall": {
        "mAP": 0.48274648043316426,
        "accuracy": 0.4925638179800222,
        "expected mAP": 0.25
    },
    "classwise": {
        "0": {
            "TN": 4373,
            "FP": 4785,
            "FN": 847,
            "TP": 3510,
            "AP": 0.5134662165282935,
            "recall": 0.8056001836125775,
            "precision": 0.4231464737793852,
            "specificity": 0.47750600567809565,
            "accuracy": 0.5832778394376619,
            "expected AP": 0.3223825379208287
        },
        "1": {
            "TN": 5454,
            "FP": 1687,
            "FN": 3761,
            "TP": 2613,
            "AP": 0.5811613999656642,
            "recall": 0.40994665829934107,
            "precision": 0.6076744186046512,
            "specificity": 0.7637585772300798,
            "accuracy": 0.5968923418423974,
            "expected AP": 0.4716241213466519
        },
        "2": {
            "TN": 11176,
            "FP": 374,
            "FN": 1699,
            "TP": 266,
            "AP": 0.2405349229349129,
            "recall": 0.13536895674300253,
            "precision": 0.415625,
            "specificity": 0.9676190476190476,
            "accuracy": 0.84661487236404,
            "expected AP": 0.1453940066592675
        },
        "3": {
            "TN": 12684,
            "FP": 12,
            "FN": 551,
            "TP": 268,
            "AP": 0.5958233823037864,
            "recall": 0.32722832722832723,
            "precision": 0.9571428571428572,
            "specificity": 0.999054820415879,
            "accuracy": 0.9583425823159453,
            "expected AP": 0.060599334073251944
        }
    }
}

