{
    "TN": 912,
    "FP": 34,
    "FN": 57,
    "TP": 15,
    "AP": 0.20951170552679993,
    "recall": 0.20833333333333334,
    "precision": 0.30612244897959184,
    "specificity": 0.9640591966173362,
    "accuracy": 0.9106090373280943,
    "expected AP": 0.07072691552062868,
    "auroc": 0.6971458773784356,
    "balanced accuracy": 0.5861962649753347,
    "adjusted balanced accuracy": 0.17239252995066945
}
