{
    "overall": {
        "mAP": 0.4827600037080257,
        "accuracy": 0.49707732149463557,
        "expected mAP": 0.25
    },
    "classwise": {
        "0": {
            "TN": 4539,
            "FP": 4619,
            "FN": 718,
            "TP": 3639,
            "AP": 0.5832257599414863,
            "recall": 0.8352077117282534,
            "precision": 0.4406635989343667,
            "specificity": 0.4956322341122516,
            "accuracy": 0.6051054384017758,
            "expected AP": 0.3223825379208287
        },
        "1": {
            "TN": 5235,
            "FP": 1906,
            "FN": 3660,
            "TP": 2714,
            "AP": 0.567493370934726,
            "recall": 0.42579228114213996,
            "precision": 0.5874458874458874,
            "specificity": 0.7330906035569248,
            "accuracy": 0.5881613022567518,
            "expected AP": 0.4716241213466519
        },
        "2": {
            "TN": 11285,
            "FP": 265,
            "FN": 1845,
            "TP": 120,
            "AP": 0.18166512273144608,
            "recall": 0.061068702290076333,
            "precision": 0.3116883116883117,
            "specificity": 0.9770562770562771,
            "accuracy": 0.8438771735109138,
            "expected AP": 0.1453940066592675
        },
        "3": {
            "TN": 12689,
            "FP": 7,
            "FN": 574,
            "TP": 245,
            "AP": 0.5986557612244445,
            "recall": 0.29914529914529914,
            "precision": 0.9722222222222222,
            "specificity": 0.9994486452425961,
            "accuracy": 0.9570107288198298,
            "expected AP": 0.060599334073251944
        }
    }
}
