{
    "TN": 619,
    "FP": 105,
    "FN": 169,
    "TP": 103,
    "AP": 0.4802979184945553,
    "recall": 0.3786764705882353,
    "precision": 0.4951923076923077,
    "specificity": 0.8549723756906077,
    "accuracy": 0.7248995983935743,
    "expected AP": 0.27309236947791166,
    "auroc": 0.7296067598310043,
    "balanced accuracy": 0.6168244231394215,
    "adjusted balanced accuracy": 0.23364884627884308
}
