{
    "TN": 113,
    "FP": 55,
    "FN": 110,
    "TP": 101,
    "AP": 0.6595054176015434,
    "recall": 0.4786729857819905,
    "precision": 0.6474358974358975,
    "specificity": 0.6726190476190477,
    "accuracy": 0.5646437994722955,
    "expected AP": 0.5567282321899736,
    "auroc": 0.6378074926653126,
    "balanced accuracy": 0.5756460167005191,
    "adjusted balanced accuracy": 0.15129203340103814
}
