{
    "overall": {
        "mAP": 0.47205013245925365,
        "accuracy": 0.48412874583795784,
        "expected mAP": 0.25
    },
    "classwise": {
        "0": {
            "TN": 4196,
            "FP": 4962,
            "FN": 601,
            "TP": 3756,
            "AP": 0.5488717019834335,
            "recall": 0.8620610511820059,
            "precision": 0.43083275980729524,
            "specificity": 0.4581786416248089,
            "accuracy": 0.5883832778394377,
            "expected AP": 0.3223825379208287
        },
        "1": {
            "TN": 5353,
            "FP": 1788,
            "FN": 3933,
            "TP": 2441,
            "AP": 0.5592628372000169,
            "recall": 0.38296203326011924,
            "precision": 0.5772050130054386,
            "specificity": 0.7496148998739672,
            "accuracy": 0.5766925638179801,
            "expected AP": 0.4716241213466519
        },
        "2": {
            "TN": 11340,
            "FP": 210,
            "FN": 1857,
            "TP": 108,
            "AP": 0.1803804826820361,
            "recall": 0.0549618320610687,
            "precision": 0.33962264150943394,
            "specificity": 0.9818181818181818,
            "accuracy": 0.8470588235294118,
            "expected AP": 0.1453940066592675
        },
        "3": {
            "TN": 12684,
            "FP": 12,
            "FN": 581,
            "TP": 238,
            "AP": 0.5996855079715279,
            "recall": 0.2905982905982906,
            "precision": 0.952,
            "specificity": 0.999054820415879,
            "accuracy": 0.9561228264890862,
            "expected AP": 0.060599334073251944
        }
    }
}
