{
    "TN": 1510,
    "FP": 485,
    "FN": 326,
    "TP": 364,
    "AP": 0.40338966009645233,
    "recall": 0.527536231884058,
    "precision": 0.4287396937573616,
    "specificity": 0.7568922305764411,
    "accuracy": 0.697951582867784,
    "expected AP": 0.2569832402234637,
    "auroc": 0.7168646253314446,
    "balanced accuracy": 0.6422142312302495,
    "adjusted balanced accuracy": 0.2844284624604989
}
