{
    "overall": {
        "mAP": 0.46811849521674337,
        "accuracy": 0.49074074074074076,
        "expected mAP": 0.25,
        "balanced accuracy": 0.3459397998350463
    },
    "classwise": {
        "0": {
            "TN": 105,
            "FP": 179,
            "FN": 24,
            "TP": 124,
            "AP": 0.5684331710786321,
            "recall": 0.8378378378378378,
            "precision": 0.40924092409240925,
            "specificity": 0.36971830985915494,
            "accuracy": 0.5300925925925926,
            "expected AP": 0.3425925925925926
        },
        "1": {
            "TN": 186,
            "FP": 33,
            "FN": 130,
            "TP": 83,
            "AP": 0.6973928353629432,
            "recall": 0.38967136150234744,
            "precision": 0.7155172413793104,
            "specificity": 0.8493150684931506,
            "accuracy": 0.6226851851851852,
            "expected AP": 0.4930555555555556
        },
        "2": {
            "TN": 388,
            "FP": 5,
            "FN": 39,
            "TP": 0,
            "AP": 0.1450251750916257,
            "recall": 0.0,
            "precision": 0.0,
            "specificity": 0.9872773536895675,
            "accuracy": 0.8981481481481481,
            "expected AP": 0.09027777777777778
        },
        "3": {
            "TN": 397,
            "FP": 3,
            "FN": 27,
            "TP": 5,
            "AP": 0.4616227993337725,
            "recall": 0.15625,
            "precision": 0.625,
            "specificity": 0.9925,
            "accuracy": 0.9305555555555556,
            "expected AP": 0.07407407407407407
        }
    }
}
