{
    "overall": {
        "mAP": 0.47662261769295566,
        "accuracy": 0.4262295081967213,
        "expected mAP": 0.25,
        "balanced accuracy": 0.34628378378378377,
        "adjusted balanced accuracy": 0.12837837837837837
    },
    "classwise": {
        "0": {
            "TN": 69,
            "FP": 210,
            "FN": 17,
            "TP": 131,
            "AP": 0.4985257048597595,
            "recall": 0.8851351351351351,
            "precision": 0.3841642228739003,
            "specificity": 0.24731182795698925,
            "accuracy": 0.468384074941452,
            "expected AP": 0.34660421545667447
        },
        "1": {
            "TN": 187,
            "FP": 30,
            "FN": 168,
            "TP": 42,
            "AP": 0.5819406809341594,
            "recall": 0.2,
            "precision": 0.5833333333333334,
            "specificity": 0.8617511520737328,
            "accuracy": 0.5362997658079626,
            "expected AP": 0.4918032786885246
        },
        "2": {
            "TN": 383,
            "FP": 5,
            "FN": 39,
            "TP": 0,
            "AP": 0.1275086832387896,
            "recall": 0.0,
            "precision": 0.0,
            "specificity": 0.9871134020618557,
            "accuracy": 0.8969555035128806,
            "expected AP": 0.09133489461358314
        },
        "3": {
            "TN": 397,
            "FP": 0,
            "FN": 21,
            "TP": 9,
            "AP": 0.698515401739114,
            "recall": 0.3,
            "precision": 1.0,
            "specificity": 1.0,
            "accuracy": 0.9508196721311475,
            "expected AP": 0.0702576112412178
        }
    }
}
