{
    "overall": {
        "mAP": 0.5252496713179227,
        "accuracy": 0.5568862275449101,
        "expected mAP": 0.25,
        "balanced accuracy": 0.444358375944201
    },
    "classwise": {
        "0": {
            "TN": 556,
            "FP": 438,
            "FN": 102,
            "TP": 407,
            "AP": 0.6409290610231135,
            "recall": 0.7996070726915521,
            "precision": 0.4816568047337278,
            "specificity": 0.5593561368209256,
            "accuracy": 0.6407185628742516,
            "expected AP": 0.33865602129075184
        },
        "1": {
            "TN": 554,
            "FP": 203,
            "FN": 368,
            "TP": 378,
            "AP": 0.6552805660764043,
            "recall": 0.5067024128686327,
            "precision": 0.6506024096385542,
            "specificity": 0.7318361955085865,
            "accuracy": 0.6200931470392548,
            "expected AP": 0.4963406520292748
        },
        "2": {
            "TN": 1339,
            "FP": 25,
            "FN": 136,
            "TP": 3,
            "AP": 0.09689446551585221,
            "recall": 0.02158273381294964,
            "precision": 0.10714285714285714,
            "specificity": 0.9816715542521994,
            "accuracy": 0.8928809048569527,
            "expected AP": 0.09248170326014638
        },
        "3": {
            "TN": 1394,
            "FP": 0,
            "FN": 60,
            "TP": 49,
            "AP": 0.7078945926563207,
            "recall": 0.44954128440366975,
            "precision": 1.0,
            "specificity": 1.0,
            "accuracy": 0.9600798403193613,
            "expected AP": 0.07252162341982701
        }
    }
}
