{
    "overall": {
        "mAP": 0.25500225646736485,
        "accuracy": 0.7026476578411406,
        "expected mAP": 0.25,
        "balanced accuracy": 0.2715590062111801,
        "adjusted balanced accuracy": 0.028745341614906827
    },
    "classwise": {
        "0": {
            "TN": 57,
            "FP": 157,
            "FN": 398,
            "TP": 1352,
            "AP": 0.8803454736035964,
            "recall": 0.7725714285714286,
            "precision": 0.8959575878064944,
            "specificity": 0.26635514018691586,
            "accuracy": 0.7174134419551935,
            "expected AP": 0.8910386965376782
        },
        "1": {
            "TN": 1688,
            "FP": 115,
            "FN": 142,
            "TP": 19,
            "AP": 0.10984226449741635,
            "recall": 0.11801242236024845,
            "precision": 0.1417910447761194,
            "specificity": 0.9362174154187465,
            "accuracy": 0.8691446028513238,
            "expected AP": 0.08197556008146639
        },
        "2": {
            "TN": 1701,
            "FP": 217,
            "FN": 37,
            "TP": 9,
            "AP": 0.02379837777638488,
            "recall": 0.1956521739130435,
            "precision": 0.03982300884955752,
            "specificity": 0.8868613138686131,
            "accuracy": 0.8706720977596741,
            "expected AP": 0.023421588594704685
        },
        "3": {
            "TN": 1862,
            "FP": 95,
            "FN": 7,
            "TP": 0,
            "AP": 0.006022909992062001,
            "recall": 0.0,
            "precision": 0.0,
            "specificity": 0.9514563106796117,
            "accuracy": 0.9480651731160896,
            "expected AP": 0.003564154786150713
        }
    }
}
