{
    "overall": {
        "mAP": 0.48199038257826476,
        "accuracy": 0.4309133489461358,
        "expected mAP": 0.25,
        "balanced accuracy": 0.35587936837936834,
        "adjusted balanced accuracy": 0.14117249117249112
    },
    "classwise": {
        "0": {
            "TN": 57,
            "FP": 222,
            "FN": 13,
            "TP": 135,
            "AP": 0.5450727605193314,
            "recall": 0.9121621621621622,
            "precision": 0.37815126050420167,
            "specificity": 0.20430107526881722,
            "accuracy": 0.4496487119437939,
            "expected AP": 0.34660421545667447
        },
        "1": {
            "TN": 201,
            "FP": 16,
            "FN": 171,
            "TP": 39,
            "AP": 0.6187956313051048,
            "recall": 0.18571428571428572,
            "precision": 0.7090909090909091,
            "specificity": 0.9262672811059908,
            "accuracy": 0.5620608899297423,
            "expected AP": 0.4918032786885246
        },
        "2": {
            "TN": 384,
            "FP": 4,
            "FN": 38,
            "TP": 1,
            "AP": 0.14116338498538422,
            "recall": 0.02564102564102564,
            "precision": 0.2,
            "specificity": 0.9896907216494846,
            "accuracy": 0.9016393442622951,
            "expected AP": 0.09133489461358314
        },
        "3": {
            "TN": 396,
            "FP": 1,
            "FN": 21,
            "TP": 9,
            "AP": 0.6229297535032384,
            "recall": 0.3,
            "precision": 0.9,
            "specificity": 0.9974811083123426,
            "accuracy": 0.9484777517564403,
            "expected AP": 0.0702576112412178
        }
    }
}
