{
    "overall": {
        "mAP": 0.39623915257156817,
        "accuracy": 0.3840749414519906,
        "expected mAP": 0.25,
        "balanced accuracy": 0.3059202059202059,
        "adjusted balanced accuracy": 0.07456027456027454
    },
    "classwise": {
        "0": {
            "TN": 46,
            "FP": 233,
            "FN": 12,
            "TP": 136,
            "AP": 0.4047425509674642,
            "recall": 0.918918918918919,
            "precision": 0.3685636856368564,
            "specificity": 0.16487455197132617,
            "accuracy": 0.4262295081967213,
            "expected AP": 0.34660421545667447
        },
        "1": {
            "TN": 200,
            "FP": 17,
            "FN": 188,
            "TP": 22,
            "AP": 0.5429307543652702,
            "recall": 0.10476190476190476,
            "precision": 0.5641025641025641,
            "specificity": 0.9216589861751152,
            "accuracy": 0.5199063231850117,
            "expected AP": 0.4918032786885246
        },
        "2": {
            "TN": 376,
            "FP": 12,
            "FN": 39,
            "TP": 0,
            "AP": 0.082907821585231,
            "recall": 0.0,
            "precision": 0.0,
            "specificity": 0.9690721649484536,
            "accuracy": 0.8805620608899297,
            "expected AP": 0.09133489461358314
        },
        "3": {
            "TN": 396,
            "FP": 1,
            "FN": 24,
            "TP": 6,
            "AP": 0.5543754833683071,
            "recall": 0.2,
            "precision": 0.8571428571428571,
            "specificity": 0.9974811083123426,
            "accuracy": 0.9414519906323185,
            "expected AP": 0.0702576112412178
        }
    }
}
