{
    "TN": 428,
    "FP": 140,
    "FN": 56,
    "TP": 163,
    "AP": 0.6555590567994312,
    "recall": 0.7442922374429224,
    "precision": 0.5379537953795379,
    "specificity": 0.7535211267605634,
    "accuracy": 0.7509529860228716,
    "expected AP": 0.2782719186785261,
    "auroc": 0.8282325229918324,
    "balanced accuracy": 0.7489066821017429,
    "adjusted balanced accuracy": 0.4978133642034859
}
