{
    "TN": 116,
    "FP": 52,
    "FN": 121,
    "TP": 90,
    "AP": 0.6325820522484951,
    "recall": 0.4265402843601896,
    "precision": 0.6338028169014085,
    "specificity": 0.6904761904761905,
    "accuracy": 0.5435356200527705,
    "expected AP": 0.5567282321899736,
    "auroc": 0.61701647483638,
    "balanced accuracy": 0.55850823741819,
    "adjusted balanced accuracy": 0.11701647483638
}
