{
    "TN": 120,
    "FP": 48,
    "FN": 116,
    "TP": 95,
    "AP": 0.6672076396377901,
    "recall": 0.45023696682464454,
    "precision": 0.6643356643356644,
    "specificity": 0.7142857142857143,
    "accuracy": 0.5672823218997362,
    "expected AP": 0.5567282321899736,
    "auroc": 0.642419882645001,
    "balanced accuracy": 0.5822613405551794,
    "adjusted balanced accuracy": 0.16452268111035884
}
