{
    "TN": 931,
    "FP": 15,
    "FN": 60,
    "TP": 12,
    "AP": 0.17634762512730237,
    "recall": 0.16666666666666666,
    "precision": 0.4444444444444444,
    "specificity": 0.9841437632135307,
    "accuracy": 0.9263261296660118,
    "expected AP": 0.07072691552062868,
    "auroc": 0.6079398637538173,
    "balanced accuracy": 0.5754052149400987,
    "adjusted balanced accuracy": 0.15081042988019733
}
