{
    "overall": {
        "mAP": 0.47420113778443906,
        "accuracy": 0.5115740740740741,
        "expected mAP": 0.25,
        "balanced accuracy": 0.3273081620352747
    },
    "classwise": {
        "0": {
            "TN": 162,
            "FP": 122,
            "FN": 42,
            "TP": 106,
            "AP": 0.7296630929526698,
            "recall": 0.7162162162162162,
            "precision": 0.4649122807017544,
            "specificity": 0.5704225352112676,
            "accuracy": 0.6203703703703703,
            "expected AP": 0.3425925925925926
        },
        "1": {
            "TN": 146,
            "FP": 73,
            "FN": 100,
            "TP": 113,
            "AP": 0.6980052289473793,
            "recall": 0.5305164319248826,
            "precision": 0.6075268817204301,
            "specificity": 0.6666666666666666,
            "accuracy": 0.5995370370370371,
            "expected AP": 0.4930555555555556
        },
        "2": {
            "TN": 378,
            "FP": 15,
            "FN": 39,
            "TP": 0,
            "AP": 0.16071638004749123,
            "recall": 0.0,
            "precision": 0.0,
            "specificity": 0.9618320610687023,
            "accuracy": 0.875,
            "expected AP": 0.09027777777777778
        },
        "3": {
            "TN": 399,
            "FP": 1,
            "FN": 30,
            "TP": 2,
            "AP": 0.3084198491902162,
            "recall": 0.0625,
            "precision": 0.6666666666666666,
            "specificity": 0.9975,
            "accuracy": 0.9282407407407407,
            "expected AP": 0.07407407407407407
        }
    }
}
