{
    "overall": {
        "mAP": 0.4722558864153379,
        "accuracy": 0.4262295081967213,
        "expected mAP": 0.25,
        "balanced accuracy": 0.3387139887139887,
        "adjusted balanced accuracy": 0.1182853182853183
    },
    "classwise": {
        "0": {
            "TN": 64,
            "FP": 215,
            "FN": 14,
            "TP": 134,
            "AP": 0.4865906877584584,
            "recall": 0.9054054054054054,
            "precision": 0.3839541547277937,
            "specificity": 0.22939068100358423,
            "accuracy": 0.4637002341920375,
            "expected AP": 0.34660421545667447
        },
        "1": {
            "TN": 193,
            "FP": 24,
            "FN": 170,
            "TP": 40,
            "AP": 0.5789830175532231,
            "recall": 0.19047619047619047,
            "precision": 0.625,
            "specificity": 0.8894009216589862,
            "accuracy": 0.5456674473067916,
            "expected AP": 0.4918032786885246
        },
        "2": {
            "TN": 383,
            "FP": 5,
            "FN": 38,
            "TP": 1,
            "AP": 0.13966146363217047,
            "recall": 0.02564102564102564,
            "precision": 0.16666666666666666,
            "specificity": 0.9871134020618557,
            "accuracy": 0.8992974238875878,
            "expected AP": 0.09133489461358314
        },
        "3": {
            "TN": 396,
            "FP": 1,
            "FN": 23,
            "TP": 7,
            "AP": 0.6837883767174996,
            "recall": 0.23333333333333334,
            "precision": 0.875,
            "specificity": 0.9974811083123426,
            "accuracy": 0.9437939110070258,
            "expected AP": 0.0702576112412178
        }
    }
}
