{
    "overall": {
        "mAP": 0.540188967391488,
        "accuracy": 0.5810185185185185,
        "expected mAP": 0.25,
        "balanced accuracy": 0.40899096719959394
    },
    "classwise": {
        "0": {
            "TN": 185,
            "FP": 99,
            "FN": 42,
            "TP": 106,
            "AP": 0.7153824389357389,
            "recall": 0.7162162162162162,
            "precision": 0.5170731707317073,
            "specificity": 0.6514084507042254,
            "accuracy": 0.6736111111111112,
            "expected AP": 0.3425925925925926
        },
        "1": {
            "TN": 152,
            "FP": 67,
            "FN": 77,
            "TP": 136,
            "AP": 0.7094742797515761,
            "recall": 0.6384976525821596,
            "precision": 0.6699507389162561,
            "specificity": 0.6940639269406392,
            "accuracy": 0.6666666666666666,
            "expected AP": 0.4930555555555556
        },
        "2": {
            "TN": 382,
            "FP": 11,
            "FN": 39,
            "TP": 0,
            "AP": 0.18323631778792537,
            "recall": 0.0,
            "precision": 0.0,
            "specificity": 0.9720101781170484,
            "accuracy": 0.8842592592592593,
            "expected AP": 0.09027777777777778
        },
        "3": {
            "TN": 396,
            "FP": 4,
            "FN": 23,
            "TP": 9,
            "AP": 0.5526628330907118,
            "recall": 0.28125,
            "precision": 0.6923076923076923,
            "specificity": 0.99,
            "accuracy": 0.9375,
            "expected AP": 0.07407407407407407
        }
    }
}
