{
    "overall": {
        "mAP": 0.48396926291509057,
        "accuracy": 0.4859785423603404,
        "expected mAP": 0.25
    },
    "classwise": {
        "0": {
            "TN": 4172,
            "FP": 4986,
            "FN": 602,
            "TP": 3755,
            "AP": 0.5538158479223905,
            "recall": 0.861831535460179,
            "precision": 0.42958471570758494,
            "specificity": 0.45555798209215986,
            "accuracy": 0.5865334813170551,
            "expected AP": 0.3223825379208287
        },
        "1": {
            "TN": 5448,
            "FP": 1693,
            "FN": 3959,
            "TP": 2415,
            "AP": 0.5757466359877769,
            "recall": 0.3788829620332601,
            "precision": 0.5878773125608568,
            "specificity": 0.7629183587732811,
            "accuracy": 0.5817980022197559,
            "expected AP": 0.4716241213466519
        },
        "2": {
            "TN": 11293,
            "FP": 257,
            "FN": 1841,
            "TP": 124,
            "AP": 0.19349818174753736,
            "recall": 0.06310432569974554,
            "precision": 0.32545931758530183,
            "specificity": 0.9777489177489177,
            "accuracy": 0.8447650758416574,
            "expected AP": 0.1453940066592675
        },
        "3": {
            "TN": 12685,
            "FP": 11,
            "FN": 545,
            "TP": 274,
            "AP": 0.6128163860026574,
            "recall": 0.33455433455433453,
            "precision": 0.9614035087719298,
            "specificity": 0.9991335853812224,
            "accuracy": 0.9588605253422123,
            "expected AP": 0.060599334073251944
        }
    }
}
