{
    "TN": 113,
    "FP": 55,
    "FN": 113,
    "TP": 98,
    "AP": 0.6554923953825805,
    "recall": 0.46445497630331756,
    "precision": 0.6405228758169934,
    "specificity": 0.6726190476190477,
    "accuracy": 0.5567282321899736,
    "expected AP": 0.5567282321899736,
    "auroc": 0.6296264951478222,
    "balanced accuracy": 0.5685370119611826,
    "adjusted balanced accuracy": 0.13707402392236512
}
