{
    "overall": {
        "mAP": 0.4758144824054028,
        "accuracy": 0.508472068072512,
        "expected mAP": 0.25
    },
    "classwise": {
        "0": {
            "TN": 4916,
            "FP": 4242,
            "FN": 956,
            "TP": 3401,
            "AP": 0.5450851667822876,
            "recall": 0.7805829699334405,
            "precision": 0.4449823367787518,
            "specificity": 0.5367984276042804,
            "accuracy": 0.6153903070662227,
            "expected AP": 0.3223825379208287
        },
        "1": {
            "TN": 4971,
            "FP": 2170,
            "FN": 3279,
            "TP": 3095,
            "AP": 0.551095742448612,
            "recall": 0.4855663633511139,
            "precision": 0.5878442545109211,
            "specificity": 0.6961209914577791,
            "accuracy": 0.5968183499815021,
            "expected AP": 0.4716241213466519
        },
        "2": {
            "TN": 11324,
            "FP": 226,
            "FN": 1844,
            "TP": 121,
            "AP": 0.1911545403846196,
            "recall": 0.06157760814249364,
            "precision": 0.34870317002881845,
            "specificity": 0.9804329004329004,
            "accuracy": 0.8468368479467259,
            "expected AP": 0.1453940066592675
        },
        "3": {
            "TN": 12691,
            "FP": 5,
            "FN": 564,
            "TP": 255,
            "AP": 0.6159224800060921,
            "recall": 0.31135531135531136,
            "precision": 0.9807692307692307,
            "specificity": 0.9996061751732829,
            "accuracy": 0.9578986311505734,
            "expected AP": 0.060599334073251944
        }
    }
}
