{
    "TN": 603,
    "FP": 121,
    "FN": 152,
    "TP": 120,
    "AP": 0.45865580519969873,
    "recall": 0.4411764705882353,
    "precision": 0.4979253112033195,
    "specificity": 0.8328729281767956,
    "accuracy": 0.7259036144578314,
    "expected AP": 0.27309236947791166,
    "auroc": 0.7222538186545336,
    "balanced accuracy": 0.6370246993825155,
    "adjusted balanced accuracy": 0.274049398765031
}
