{
    "overall": {
        "mAP": 0.4764570125306843,
        "accuracy": 0.5192748797632261,
        "expected mAP": 0.25
    },
    "classwise": {
        "0": {
            "TN": 5171,
            "FP": 3987,
            "FN": 908,
            "TP": 3449,
            "AP": 0.5763695295123094,
            "recall": 0.7915997245811338,
            "precision": 0.46382463690156,
            "specificity": 0.5646429351386766,
            "accuracy": 0.637809840917499,
            "expected AP": 0.3223825379208287
        },
        "1": {
            "TN": 5030,
            "FP": 2111,
            "FN": 3182,
            "TP": 3192,
            "AP": 0.5763664458100568,
            "recall": 0.500784436774396,
            "precision": 0.6019234395625118,
            "specificity": 0.7043831396163003,
            "accuracy": 0.6083610802811691,
            "expected AP": 0.4716241213466519
        },
        "2": {
            "TN": 11177,
            "FP": 373,
            "FN": 1818,
            "TP": 147,
            "AP": 0.1824852941334679,
            "recall": 0.07480916030534351,
            "precision": 0.2826923076923077,
            "specificity": 0.9677056277056277,
            "accuracy": 0.8378838327783944,
            "expected AP": 0.1453940066592675
        },
        "3": {
            "TN": 12670,
            "FP": 26,
            "FN": 589,
            "TP": 230,
            "AP": 0.5706067806669032,
            "recall": 0.28083028083028083,
            "precision": 0.8984375,
            "specificity": 0.9979521109010712,
            "accuracy": 0.9544950055493896,
            "expected AP": 0.060599334073251944
        }
    }
}
