{
    "overall": {
        "mAP": 0.47255992957175164,
        "accuracy": 0.4262295081967213,
        "expected mAP": 0.25,
        "balanced accuracy": 0.3472812097812098,
        "adjusted balanced accuracy": 0.12970827970827972
    },
    "classwise": {
        "0": {
            "TN": 66,
            "FP": 213,
            "FN": 15,
            "TP": 133,
            "AP": 0.47460667668481527,
            "recall": 0.8986486486486487,
            "precision": 0.38439306358381503,
            "specificity": 0.23655913978494625,
            "accuracy": 0.46604215456674475,
            "expected AP": 0.34660421545667447
        },
        "1": {
            "TN": 190,
            "FP": 27,
            "FN": 170,
            "TP": 40,
            "AP": 0.5715733974237265,
            "recall": 0.19047619047619047,
            "precision": 0.5970149253731343,
            "specificity": 0.8755760368663594,
            "accuracy": 0.5386416861826698,
            "expected AP": 0.4918032786885246
        },
        "2": {
            "TN": 383,
            "FP": 5,
            "FN": 39,
            "TP": 0,
            "AP": 0.13402953179354915,
            "recall": 0.0,
            "precision": 0.0,
            "specificity": 0.9871134020618557,
            "accuracy": 0.8969555035128806,
            "expected AP": 0.09133489461358314
        },
        "3": {
            "TN": 397,
            "FP": 0,
            "FN": 21,
            "TP": 9,
            "AP": 0.7100301123849158,
            "recall": 0.3,
            "precision": 1.0,
            "specificity": 1.0,
            "accuracy": 0.9508196721311475,
            "expected AP": 0.0702576112412178
        }
    }
}
