{
    "overall": {
        "mAP": 0.4550601822839285,
        "accuracy": 0.40046838407494145,
        "expected mAP": 0.25,
        "balanced accuracy": 0.3302680427680427,
        "adjusted balanced accuracy": 0.10702405702405697
    },
    "classwise": {
        "0": {
            "TN": 58,
            "FP": 221,
            "FN": 19,
            "TP": 129,
            "AP": 0.45597478383831186,
            "recall": 0.8716216216216216,
            "precision": 0.36857142857142855,
            "specificity": 0.2078853046594982,
            "accuracy": 0.4379391100702576,
            "expected AP": 0.34660421545667447
        },
        "1": {
            "TN": 189,
            "FP": 28,
            "FN": 177,
            "TP": 33,
            "AP": 0.5604800430683523,
            "recall": 0.15714285714285714,
            "precision": 0.5409836065573771,
            "specificity": 0.8709677419354839,
            "accuracy": 0.5199063231850117,
            "expected AP": 0.4918032786885246
        },
        "2": {
            "TN": 382,
            "FP": 6,
            "FN": 38,
            "TP": 1,
            "AP": 0.129979516607722,
            "recall": 0.02564102564102564,
            "precision": 0.14285714285714285,
            "specificity": 0.9845360824742269,
            "accuracy": 0.8969555035128806,
            "expected AP": 0.09133489461358314
        },
        "3": {
            "TN": 396,
            "FP": 1,
            "FN": 22,
            "TP": 8,
            "AP": 0.673806385621328,
            "recall": 0.26666666666666666,
            "precision": 0.8888888888888888,
            "specificity": 0.9974811083123426,
            "accuracy": 0.9461358313817331,
            "expected AP": 0.0702576112412178
        }
    }
}
