{
    "overall": {
        "mAP": 0.5004421439018067,
        "accuracy": 0.4707259953161593,
        "expected mAP": 0.25,
        "balanced accuracy": 0.41175997425997424,
        "adjusted balanced accuracy": 0.21567996567996564
    },
    "classwise": {
        "0": {
            "TN": 83,
            "FP": 196,
            "FN": 17,
            "TP": 131,
            "AP": 0.49306390049521737,
            "recall": 0.8851351351351351,
            "precision": 0.40061162079510704,
            "specificity": 0.2974910394265233,
            "accuracy": 0.5011709601873536,
            "expected AP": 0.34660421545667447
        },
        "1": {
            "TN": 191,
            "FP": 26,
            "FN": 155,
            "TP": 55,
            "AP": 0.6090862006632837,
            "recall": 0.2619047619047619,
            "precision": 0.6790123456790124,
            "specificity": 0.880184331797235,
            "accuracy": 0.5761124121779859,
            "expected AP": 0.4918032786885246
        },
        "2": {
            "TN": 385,
            "FP": 3,
            "FN": 39,
            "TP": 0,
            "AP": 0.1399708925911273,
            "recall": 0.0,
            "precision": 0.0,
            "specificity": 0.9922680412371134,
            "accuracy": 0.9016393442622951,
            "expected AP": 0.09133489461358314
        },
        "3": {
            "TN": 396,
            "FP": 1,
            "FN": 15,
            "TP": 15,
            "AP": 0.7596475818575987,
            "recall": 0.5,
            "precision": 0.9375,
            "specificity": 0.9974811083123426,
            "accuracy": 0.9625292740046838,
            "expected AP": 0.0702576112412178
        }
    }
}
