{
    "overall": {
        "mAP": 0.47685238982370104,
        "accuracy": 0.4745837957824639,
        "expected mAP": 0.25
    },
    "classwise": {
        "0": {
            "TN": 3928,
            "FP": 5230,
            "FN": 575,
            "TP": 3782,
            "AP": 0.5424931483263873,
            "recall": 0.8680284599495065,
            "precision": 0.41966267199289836,
            "specificity": 0.42891461017689453,
            "accuracy": 0.5704772475027747,
            "expected AP": 0.3223825379208287
        },
        "1": {
            "TN": 5524,
            "FP": 1617,
            "FN": 4087,
            "TP": 2287,
            "AP": 0.5822726157665257,
            "recall": 0.35880138060872296,
            "precision": 0.5858094262295082,
            "specificity": 0.7735611258927321,
            "accuracy": 0.5779504254532002,
            "expected AP": 0.4716241213466519
        },
        "2": {
            "TN": 11302,
            "FP": 248,
            "FN": 1856,
            "TP": 109,
            "AP": 0.19255807895205995,
            "recall": 0.05547073791348601,
            "precision": 0.30532212885154064,
            "specificity": 0.9785281385281386,
            "accuracy": 0.8443211246762856,
            "expected AP": 0.1453940066592675
        },
        "3": {
            "TN": 12690,
            "FP": 6,
            "FN": 583,
            "TP": 236,
            "AP": 0.5900857162498311,
            "recall": 0.28815628815628813,
            "precision": 0.9752066115702479,
            "specificity": 0.9995274102079396,
            "accuracy": 0.9564187939326674,
            "expected AP": 0.060599334073251944
        }
    }
}
