{
    "overall": {
        "mAP": 0.4258263731628702,
        "accuracy": 0.3840749414519906,
        "expected mAP": 0.25,
        "balanced accuracy": 0.30292792792792794,
        "adjusted balanced accuracy": 0.07057057057057059
    },
    "classwise": {
        "0": {
            "TN": 46,
            "FP": 233,
            "FN": 18,
            "TP": 130,
            "AP": 0.4137181359262525,
            "recall": 0.8783783783783784,
            "precision": 0.3581267217630854,
            "specificity": 0.16487455197132617,
            "accuracy": 0.41217798594847777,
            "expected AP": 0.34660421545667447
        },
        "1": {
            "TN": 195,
            "FP": 22,
            "FN": 182,
            "TP": 28,
            "AP": 0.558450658775793,
            "recall": 0.13333333333333333,
            "precision": 0.56,
            "specificity": 0.8986175115207373,
            "accuracy": 0.522248243559719,
            "expected AP": 0.4918032786885246
        },
        "2": {
            "TN": 380,
            "FP": 8,
            "FN": 39,
            "TP": 0,
            "AP": 0.08056901122194064,
            "recall": 0.0,
            "precision": 0.0,
            "specificity": 0.979381443298969,
            "accuracy": 0.8899297423887588,
            "expected AP": 0.09133489461358314
        },
        "3": {
            "TN": 397,
            "FP": 0,
            "FN": 24,
            "TP": 6,
            "AP": 0.6505676867274947,
            "recall": 0.2,
            "precision": 1.0,
            "specificity": 1.0,
            "accuracy": 0.9437939110070258,
            "expected AP": 0.0702576112412178
        }
    }
}
