{
    "overall": {
        "mAP": 0.4847679111009633,
        "accuracy": 0.51779504254532,
        "expected mAP": 0.25
    },
    "classwise": {
        "0": {
            "TN": 4989,
            "FP": 4169,
            "FN": 891,
            "TP": 3466,
            "AP": 0.568440100385317,
            "recall": 0.7955014918521919,
            "precision": 0.45396201702685,
            "specificity": 0.5447696003494212,
            "accuracy": 0.6256011838697744,
            "expected AP": 0.3223825379208287
        },
        "1": {
            "TN": 5027,
            "FP": 2114,
            "FN": 3208,
            "TP": 3166,
            "AP": 0.5695510137573789,
            "recall": 0.49670536554753686,
            "precision": 0.5996212121212121,
            "specificity": 0.7039630303879009,
            "accuracy": 0.6062153163152053,
            "expected AP": 0.4716241213466519
        },
        "2": {
            "TN": 11329,
            "FP": 221,
            "FN": 1870,
            "TP": 95,
            "AP": 0.18953988515709053,
            "recall": 0.04834605597964377,
            "precision": 0.30063291139240506,
            "specificity": 0.9808658008658009,
            "accuracy": 0.8452830188679246,
            "expected AP": 0.1453940066592675
        },
        "3": {
            "TN": 12683,
            "FP": 13,
            "FN": 548,
            "TP": 271,
            "AP": 0.6115406451040667,
            "recall": 0.3308913308913309,
            "precision": 0.954225352112676,
            "specificity": 0.9989760554505356,
            "accuracy": 0.9584905660377359,
            "expected AP": 0.060599334073251944
        }
    }
}
