{
    "overall": {
        "mAP": 0.4257992576003606,
        "accuracy": 0.6869315461943514,
        "expected mAP": 0.25,
        "balanced accuracy": 0.4687148776655977,
        "adjusted balanced accuracy": 0.2916198368874636
    },
    "classwise": {
        "0": {
            "TN": 416,
            "FP": 208,
            "FN": 235,
            "TP": 1230,
            "AP": 0.9141735443926553,
            "recall": 0.8395904436860068,
            "precision": 0.8553546592489569,
            "specificity": 0.6666666666666666,
            "accuracy": 0.7879368118717089,
            "expected AP": 0.7012924844423168
        },
        "1": {
            "TN": 1368,
            "FP": 343,
            "FN": 219,
            "TP": 159,
            "AP": 0.2698684391379966,
            "recall": 0.42063492063492064,
            "precision": 0.31673306772908366,
            "specificity": 0.7995324371712449,
            "accuracy": 0.7309717568214457,
            "expected AP": 0.18094782192436573
        },
        "2": {
            "TN": 1862,
            "FP": 22,
            "FN": 179,
            "TP": 26,
            "AP": 0.3525580430921076,
            "recall": 0.12682926829268293,
            "precision": 0.5416666666666666,
            "specificity": 0.9883227176220807,
            "accuracy": 0.9037817137386309,
            "expected AP": 0.09813307802776448
        },
        "3": {
            "TN": 1967,
            "FP": 81,
            "FN": 21,
            "TP": 20,
            "AP": 0.16659700377868272,
            "recall": 0.4878048780487805,
            "precision": 0.19801980198019803,
            "specificity": 0.96044921875,
            "accuracy": 0.9511728099569172,
            "expected AP": 0.019626615605552896
        }
    }
}
