{
    "overall": {
        "mAP": 0.47574869328583635,
        "accuracy": 0.5083980762116167,
        "expected mAP": 0.25
    },
    "classwise": {
        "0": {
            "TN": 4758,
            "FP": 4400,
            "FN": 860,
            "TP": 3497,
            "AP": 0.560079573311053,
            "recall": 0.8026164792288272,
            "precision": 0.44282638976826644,
            "specificity": 0.5195457523476742,
            "accuracy": 0.610802811690714,
            "expected AP": 0.3223825379208287
        },
        "1": {
            "TN": 5117,
            "FP": 2024,
            "FN": 3354,
            "TP": 3020,
            "AP": 0.5727447731553245,
            "recall": 0.47379981173517416,
            "precision": 0.598731165741475,
            "specificity": 0.7165663072398823,
            "accuracy": 0.6020717721050685,
            "expected AP": 0.4716241213466519
        },
        "2": {
            "TN": 11345,
            "FP": 205,
            "FN": 1889,
            "TP": 76,
            "AP": 0.1756849505968186,
            "recall": 0.03867684478371501,
            "precision": 0.2704626334519573,
            "specificity": 0.9822510822510823,
            "accuracy": 0.8450610432852387,
            "expected AP": 0.1453940066592675
        },
        "3": {
            "TN": 12681,
            "FP": 15,
            "FN": 541,
            "TP": 278,
            "AP": 0.5944854760801493,
            "recall": 0.33943833943833945,
            "precision": 0.9488054607508533,
            "specificity": 0.9988185255198487,
            "accuracy": 0.9588605253422123,
            "expected AP": 0.060599334073251944
        }
    }
}
