{
    "TN": 446,
    "FP": 122,
    "FN": 68,
    "TP": 151,
    "AP": 0.5826903733649935,
    "recall": 0.6894977168949772,
    "precision": 0.5531135531135531,
    "specificity": 0.7852112676056338,
    "accuracy": 0.758576874205845,
    "expected AP": 0.2782719186785261,
    "auroc": 0.808588976783073,
    "balanced accuracy": 0.7373544922503055,
    "adjusted balanced accuracy": 0.47470898450061094
}
