{
    "overall": {
        "mAP": 0.49093472680154127,
        "accuracy": 0.5986336464560205,
        "expected mAP": 0.25,
        "balanced accuracy": 0.5048590481493733,
        "adjusted balanced accuracy": 0.33981206419916443
    },
    "classwise": {
        "0": {
            "TN": 317,
            "FP": 119,
            "FN": 204,
            "TP": 531,
            "AP": 0.873834090675798,
            "recall": 0.7224489795918367,
            "precision": 0.816923076923077,
            "specificity": 0.7270642201834863,
            "accuracy": 0.7241673783091375,
            "expected AP": 0.627668659265585
        },
        "1": {
            "TN": 647,
            "FP": 306,
            "FN": 98,
            "TP": 120,
            "AP": 0.29288356901323087,
            "recall": 0.5504587155963303,
            "precision": 0.28169014084507044,
            "specificity": 0.6789087093389297,
            "accuracy": 0.6549957301451751,
            "expected AP": 0.18616567036720752
        },
        "2": {
            "TN": 950,
            "FP": 28,
            "FN": 157,
            "TP": 36,
            "AP": 0.39212758770430745,
            "recall": 0.18652849740932642,
            "precision": 0.5625,
            "specificity": 0.9713701431492843,
            "accuracy": 0.8420153714773698,
            "expected AP": 0.16481639624252775
        },
        "3": {
            "TN": 1129,
            "FP": 17,
            "FN": 11,
            "TP": 14,
            "AP": 0.4048936598128288,
            "recall": 0.56,
            "precision": 0.45161290322580644,
            "specificity": 0.9851657940663177,
            "accuracy": 0.9760888129803587,
            "expected AP": 0.02134927412467976
        }
    }
}
