{
    "overall": {
        "mAP": 0.49706364913608764,
        "accuracy": 0.5991237677984665,
        "expected mAP": 0.24999999999999997,
        "balanced accuracy": 0.5278891003795646,
        "adjusted balanced accuracy": 0.37051880050608615
    },
    "classwise": {
        "0": {
            "TN": 251,
            "FP": 78,
            "FN": 175,
            "TP": 409,
            "AP": 0.8836000586186852,
            "recall": 0.7003424657534246,
            "precision": 0.839835728952772,
            "specificity": 0.7629179331306991,
            "accuracy": 0.7228915662650602,
            "expected AP": 0.6396495071193866
        },
        "1": {
            "TN": 499,
            "FP": 247,
            "FN": 71,
            "TP": 96,
            "AP": 0.29672163556296766,
            "recall": 0.5748502994011976,
            "precision": 0.27988338192419826,
            "specificity": 0.6689008042895442,
            "accuracy": 0.651697699890471,
            "expected AP": 0.1829134720700986
        },
        "2": {
            "TN": 749,
            "FP": 24,
            "FN": 112,
            "TP": 28,
            "AP": 0.3738424766479948,
            "recall": 0.2,
            "precision": 0.5384615384615384,
            "specificity": 0.9689521345407504,
            "accuracy": 0.8510405257393209,
            "expected AP": 0.1533406352683461
        },
        "3": {
            "TN": 874,
            "FP": 17,
            "FN": 8,
            "TP": 14,
            "AP": 0.4340904257147029,
            "recall": 0.6363636363636364,
            "precision": 0.45161290322580644,
            "specificity": 0.9809203142536476,
            "accuracy": 0.9726177437020811,
            "expected AP": 0.024096385542168676
        }
    }
}
