{
    "overall": {
        "mAP": 0.4754579931594545,
        "accuracy": 0.47524972253052167,
        "expected mAP": 0.25
    },
    "classwise": {
        "0": {
            "TN": 4111,
            "FP": 5047,
            "FN": 615,
            "TP": 3742,
            "AP": 0.5664424252276359,
            "recall": 0.8588478310764287,
            "precision": 0.4257594720673569,
            "specificity": 0.4488971391133435,
            "accuracy": 0.5810580836108028,
            "expected AP": 0.3223825379208287
        },
        "1": {
            "TN": 5380,
            "FP": 1761,
            "FN": 4053,
            "TP": 2321,
            "AP": 0.5615146128073494,
            "recall": 0.3641355506746156,
            "precision": 0.56859382655561,
            "specificity": 0.7533958829295617,
            "accuracy": 0.569811320754717,
            "expected AP": 0.4716241213466519
        },
        "2": {
            "TN": 11276,
            "FP": 274,
            "FN": 1847,
            "TP": 118,
            "AP": 0.17955908882532856,
            "recall": 0.06005089058524173,
            "precision": 0.3010204081632653,
            "specificity": 0.9762770562770563,
            "accuracy": 0.8430632630410655,
            "expected AP": 0.1453940066592675
        },
        "3": {
            "TN": 12686,
            "FP": 10,
            "FN": 577,
            "TP": 242,
            "AP": 0.5943158457775038,
            "recall": 0.2954822954822955,
            "precision": 0.9603174603174603,
            "specificity": 0.9992123503465659,
            "accuracy": 0.956566777654458,
            "expected AP": 0.060599334073251944
        }
    }
}
