{
    "TN": 994,
    "FP": 106,
    "FN": 65,
    "TP": 11,
    "AP": 0.10132233193308673,
    "recall": 0.14473684210526316,
    "precision": 0.09401709401709402,
    "specificity": 0.9036363636363637,
    "accuracy": 0.8545918367346939,
    "expected AP": 0.06462585034013606,
    "auroc": 0.6429366028708134,
    "balanced accuracy": 0.5241866028708134,
    "adjusted balanced accuracy": 0.048373205741626846
}
