{
    "TN": 766,
    "FP": 89,
    "FN": 52,
    "TP": 11,
    "AP": 0.10725496688261577,
    "recall": 0.1746031746031746,
    "precision": 0.11,
    "specificity": 0.895906432748538,
    "accuracy": 0.8464052287581699,
    "expected AP": 0.06862745098039216,
    "auroc": 0.6330548593706489,
    "balanced accuracy": 0.5352548036758563,
    "adjusted balanced accuracy": 0.07050960735171263
}
