{
    "overall": {
        "mAP": 0.48140856499413653,
        "accuracy": 0.41920374707259955,
        "expected mAP": 0.25,
        "balanced accuracy": 0.3407175032175032,
        "adjusted balanced accuracy": 0.12095667095667095
    },
    "classwise": {
        "0": {
            "TN": 69,
            "FP": 210,
            "FN": 21,
            "TP": 127,
            "AP": 0.4818426025002673,
            "recall": 0.8581081081081081,
            "precision": 0.3768545994065282,
            "specificity": 0.24731182795698925,
            "accuracy": 0.45901639344262296,
            "expected AP": 0.34660421545667447
        },
        "1": {
            "TN": 184,
            "FP": 33,
            "FN": 167,
            "TP": 43,
            "AP": 0.5893532264848458,
            "recall": 0.20476190476190476,
            "precision": 0.5657894736842105,
            "specificity": 0.847926267281106,
            "accuracy": 0.531615925058548,
            "expected AP": 0.4918032786885246
        },
        "2": {
            "TN": 383,
            "FP": 5,
            "FN": 39,
            "TP": 0,
            "AP": 0.1281242365067911,
            "recall": 0.0,
            "precision": 0.0,
            "specificity": 0.9871134020618557,
            "accuracy": 0.8969555035128806,
            "expected AP": 0.09133489461358314
        },
        "3": {
            "TN": 397,
            "FP": 0,
            "FN": 21,
            "TP": 9,
            "AP": 0.7263141944846419,
            "recall": 0.3,
            "precision": 1.0,
            "specificity": 1.0,
            "accuracy": 0.9508196721311475,
            "expected AP": 0.0702576112412178
        }
    }
}
