{
    "overall": {
        "mAP": 0.3447480389862827,
        "accuracy": 0.6019704433497537,
        "expected mAP": 0.25,
        "balanced accuracy": 0.41132499412229895,
        "adjusted balanced accuracy": 0.21509999216306527
    },
    "classwise": {
        "0": {
            "TN": 175,
            "FP": 132,
            "FN": 185,
            "TP": 523,
            "AP": 0.8478516420064225,
            "recall": 0.7387005649717514,
            "precision": 0.7984732824427481,
            "specificity": 0.5700325732899023,
            "accuracy": 0.6876847290640394,
            "expected AP": 0.6975369458128079
        },
        "1": {
            "TN": 622,
            "FP": 210,
            "FN": 110,
            "TP": 73,
            "AP": 0.22868917909130743,
            "recall": 0.3989071038251366,
            "precision": 0.2579505300353357,
            "specificity": 0.7475961538461539,
            "accuracy": 0.6847290640394089,
            "expected AP": 0.18029556650246306
        },
        "2": {
            "TN": 880,
            "FP": 31,
            "FN": 98,
            "TP": 6,
            "AP": 0.1333759101295952,
            "recall": 0.057692307692307696,
            "precision": 0.16216216216216217,
            "specificity": 0.9659714599341384,
            "accuracy": 0.8729064039408867,
            "expected AP": 0.10246305418719212
        },
        "3": {
            "TN": 964,
            "FP": 31,
            "FN": 11,
            "TP": 9,
            "AP": 0.16907542471780565,
            "recall": 0.45,
            "precision": 0.225,
            "specificity": 0.9688442211055276,
            "accuracy": 0.9586206896551724,
            "expected AP": 0.019704433497536946
        }
    }
}
