{
    "overall": {
        "mAP": 0.3560617277445101,
        "accuracy": 0.5802955665024631,
        "expected mAP": 0.25,
        "balanced accuracy": 0.40674394953014015,
        "adjusted balanced accuracy": 0.20899193270685354
    },
    "classwise": {
        "0": {
            "TN": 166,
            "FP": 141,
            "FN": 204,
            "TP": 504,
            "AP": 0.8384855482012413,
            "recall": 0.711864406779661,
            "precision": 0.7813953488372093,
            "specificity": 0.5407166123778502,
            "accuracy": 0.6600985221674877,
            "expected AP": 0.6975369458128079
        },
        "1": {
            "TN": 605,
            "FP": 227,
            "FN": 119,
            "TP": 64,
            "AP": 0.21214036220704116,
            "recall": 0.34972677595628415,
            "precision": 0.21993127147766323,
            "specificity": 0.7271634615384616,
            "accuracy": 0.6591133004926109,
            "expected AP": 0.18029556650246306
        },
        "2": {
            "TN": 876,
            "FP": 35,
            "FN": 92,
            "TP": 12,
            "AP": 0.18207372003997774,
            "recall": 0.11538461538461539,
            "precision": 0.2553191489361702,
            "specificity": 0.9615806805708014,
            "accuracy": 0.8748768472906404,
            "expected AP": 0.10246305418719212
        },
        "3": {
            "TN": 972,
            "FP": 23,
            "FN": 11,
            "TP": 9,
            "AP": 0.19154728052978023,
            "recall": 0.45,
            "precision": 0.28125,
            "specificity": 0.9768844221105528,
            "accuracy": 0.9665024630541872,
            "expected AP": 0.019704433497536946
        }
    }
}
