{
    "overall": {
        "mAP": 0.46799329957007607,
        "accuracy": 0.4262295081967213,
        "expected mAP": 0.25,
        "balanced accuracy": 0.3334942084942085,
        "adjusted balanced accuracy": 0.11132561132561136
    },
    "classwise": {
        "0": {
            "TN": 66,
            "FP": 213,
            "FN": 14,
            "TP": 134,
            "AP": 0.48275202091169905,
            "recall": 0.9054054054054054,
            "precision": 0.3861671469740634,
            "specificity": 0.23655913978494625,
            "accuracy": 0.468384074941452,
            "expected AP": 0.34660421545667447
        },
        "1": {
            "TN": 190,
            "FP": 27,
            "FN": 169,
            "TP": 41,
            "AP": 0.5670281970022898,
            "recall": 0.19523809523809524,
            "precision": 0.6029411764705882,
            "specificity": 0.8755760368663594,
            "accuracy": 0.5409836065573771,
            "expected AP": 0.4918032786885246
        },
        "2": {
            "TN": 383,
            "FP": 5,
            "FN": 39,
            "TP": 0,
            "AP": 0.12334634316860407,
            "recall": 0.0,
            "precision": 0.0,
            "specificity": 0.9871134020618557,
            "accuracy": 0.8969555035128806,
            "expected AP": 0.09133489461358314
        },
        "3": {
            "TN": 397,
            "FP": 0,
            "FN": 23,
            "TP": 7,
            "AP": 0.6988466371977113,
            "recall": 0.23333333333333334,
            "precision": 1.0,
            "specificity": 1.0,
            "accuracy": 0.9461358313817331,
            "expected AP": 0.0702576112412178
        }
    }
}
