{
    "TN": 383,
    "FP": 11,
    "FN": 29,
    "TP": 4,
    "AP": 0.18636345773346488,
    "recall": 0.12121212121212122,
    "precision": 0.26666666666666666,
    "specificity": 0.9720812182741116,
    "accuracy": 0.9063231850117096,
    "expected AP": 0.07728337236533958,
    "auroc": 0.6988924780802953,
    "balanced accuracy": 0.5466466697431165,
    "adjusted balanced accuracy": 0.09329333948623297
}
