{
    "overall": {
        "mAP": 0.4906755662225828,
        "accuracy": 0.4332552693208431,
        "expected mAP": 0.25,
        "balanced accuracy": 0.35699806949806945,
        "adjusted balanced accuracy": 0.1426640926640926
    },
    "classwise": {
        "0": {
            "TN": 70,
            "FP": 209,
            "FN": 17,
            "TP": 131,
            "AP": 0.49884562024996276,
            "recall": 0.8851351351351351,
            "precision": 0.38529411764705884,
            "specificity": 0.25089605734767023,
            "accuracy": 0.4707259953161593,
            "expected AP": 0.34660421545667447
        },
        "1": {
            "TN": 189,
            "FP": 28,
            "FN": 166,
            "TP": 44,
            "AP": 0.5933389139563557,
            "recall": 0.20952380952380953,
            "precision": 0.6111111111111112,
            "specificity": 0.8709677419354839,
            "accuracy": 0.5456674473067916,
            "expected AP": 0.4918032786885246
        },
        "2": {
            "TN": 383,
            "FP": 5,
            "FN": 39,
            "TP": 0,
            "AP": 0.12872004945575388,
            "recall": 0.0,
            "precision": 0.0,
            "specificity": 0.9871134020618557,
            "accuracy": 0.8969555035128806,
            "expected AP": 0.09133489461358314
        },
        "3": {
            "TN": 397,
            "FP": 0,
            "FN": 20,
            "TP": 10,
            "AP": 0.7417976812282588,
            "recall": 0.3333333333333333,
            "precision": 1.0,
            "specificity": 1.0,
            "accuracy": 0.9531615925058547,
            "expected AP": 0.0702576112412178
        }
    }
}
