{
    "overall": {
        "mAP": 0.47902249285339005,
        "accuracy": 0.4880503144654088,
        "expected mAP": 0.25
    },
    "classwise": {
        "0": {
            "TN": 4252,
            "FP": 4906,
            "FN": 645,
            "TP": 3712,
            "AP": 0.5433793226219479,
            "recall": 0.8519623594216204,
            "precision": 0.43072638663262935,
            "specificity": 0.4642935138676567,
            "accuracy": 0.5892711801701813,
            "expected AP": 0.3223825379208287
        },
        "1": {
            "TN": 5336,
            "FP": 1805,
            "FN": 3850,
            "TP": 2524,
            "AP": 0.5714662306864368,
            "recall": 0.39598368371509257,
            "precision": 0.5830445830445831,
            "specificity": 0.7472342809130373,
            "accuracy": 0.58157602663707,
            "expected AP": 0.4716241213466519
        },
        "2": {
            "TN": 11349,
            "FP": 201,
            "FN": 1849,
            "TP": 116,
            "AP": 0.19699708929146603,
            "recall": 0.059033078880407125,
            "precision": 0.3659305993690852,
            "specificity": 0.9825974025974026,
            "accuracy": 0.8483166851646319,
            "expected AP": 0.1453940066592675
        },
        "3": {
            "TN": 12689,
            "FP": 7,
            "FN": 575,
            "TP": 244,
            "AP": 0.6042473288137094,
            "recall": 0.2979242979242979,
            "precision": 0.9721115537848606,
            "specificity": 0.9994486452425961,
            "accuracy": 0.9569367369589346,
            "expected AP": 0.060599334073251944
        }
    }
}
