{
    "TN": 973,
    "FP": 39,
    "FN": 67,
    "TP": 8,
    "AP": 0.13761042011024127,
    "recall": 0.10666666666666667,
    "precision": 0.1702127659574468,
    "specificity": 0.9614624505928854,
    "accuracy": 0.9024839006439742,
    "expected AP": 0.06899724011039558,
    "auroc": 0.6188076416337285,
    "balanced accuracy": 0.534064558629776,
    "adjusted balanced accuracy": 0.06812911725955195
}
