{
    "overall": {
        "mAP": 0.42008393271824335,
        "accuracy": 0.5058548009367682,
        "expected mAP": 0.25,
        "balanced accuracy": 0.35768983268983273,
        "adjusted balanced accuracy": 0.14358644358644365
    },
    "classwise": {
        "0": {
            "TN": 114,
            "FP": 165,
            "FN": 18,
            "TP": 130,
            "AP": 0.5241779746018196,
            "recall": 0.8783783783783784,
            "precision": 0.4406779661016949,
            "specificity": 0.40860215053763443,
            "accuracy": 0.5714285714285714,
            "expected AP": 0.34660421545667447
        },
        "1": {
            "TN": 180,
            "FP": 37,
            "FN": 129,
            "TP": 81,
            "AP": 0.6375094884481526,
            "recall": 0.38571428571428573,
            "precision": 0.6864406779661016,
            "specificity": 0.8294930875576036,
            "accuracy": 0.6112412177985949,
            "expected AP": 0.4918032786885246
        },
        "2": {
            "TN": 380,
            "FP": 8,
            "FN": 39,
            "TP": 0,
            "AP": 0.11086280068352398,
            "recall": 0.0,
            "precision": 0.0,
            "specificity": 0.979381443298969,
            "accuracy": 0.8899297423887588,
            "expected AP": 0.09133489461358314
        },
        "3": {
            "TN": 396,
            "FP": 1,
            "FN": 25,
            "TP": 5,
            "AP": 0.40778546713947716,
            "recall": 0.16666666666666666,
            "precision": 0.8333333333333334,
            "specificity": 0.9974811083123426,
            "accuracy": 0.9391100702576113,
            "expected AP": 0.0702576112412178
        }
    }
}
