{
    "overall": {
        "mAP": 0.4844409330183991,
        "accuracy": 0.40046838407494145,
        "expected mAP": 0.25,
        "balanced accuracy": 0.3361808236808237,
        "adjusted balanced accuracy": 0.11490776490776493
    },
    "classwise": {
        "0": {
            "TN": 43,
            "FP": 236,
            "FN": 11,
            "TP": 137,
            "AP": 0.5306015888650468,
            "recall": 0.9256756756756757,
            "precision": 0.3672922252010724,
            "specificity": 0.15412186379928317,
            "accuracy": 0.4215456674473068,
            "expected AP": 0.34660421545667447
        },
        "1": {
            "TN": 200,
            "FP": 17,
            "FN": 185,
            "TP": 25,
            "AP": 0.619773084092847,
            "recall": 0.11904761904761904,
            "precision": 0.5952380952380952,
            "specificity": 0.9216589861751152,
            "accuracy": 0.5269320843091335,
            "expected AP": 0.4918032786885246
        },
        "2": {
            "TN": 385,
            "FP": 3,
            "FN": 39,
            "TP": 0,
            "AP": 0.10489546674079694,
            "recall": 0.0,
            "precision": 0.0,
            "specificity": 0.9922680412371134,
            "accuracy": 0.9016393442622951,
            "expected AP": 0.09133489461358314
        },
        "3": {
            "TN": 397,
            "FP": 0,
            "FN": 21,
            "TP": 9,
            "AP": 0.6824935923749055,
            "recall": 0.3,
            "precision": 1.0,
            "specificity": 1.0,
            "accuracy": 0.9508196721311475,
            "expected AP": 0.0702576112412178
        }
    }
}
