{
    "overall": {
        "mAP": 0.48744737273560285,
        "accuracy": 0.4750277469478357,
        "expected mAP": 0.25
    },
    "classwise": {
        "0": {
            "TN": 4101,
            "FP": 5057,
            "FN": 582,
            "TP": 3775,
            "AP": 0.6037144255756032,
            "recall": 0.8664218498967179,
            "precision": 0.42742300724637683,
            "specificity": 0.4478051976414064,
            "accuracy": 0.5827598964113947,
            "expected AP": 0.3223825379208287
        },
        "1": {
            "TN": 5275,
            "FP": 1866,
            "FN": 4092,
            "TP": 2282,
            "AP": 0.5443033309103378,
            "recall": 0.358016943834327,
            "precision": 0.5501446480231437,
            "specificity": 0.7386920599355833,
            "accuracy": 0.5591564927857936,
            "expected AP": 0.4716241213466519
        },
        "2": {
            "TN": 11386,
            "FP": 164,
            "FN": 1892,
            "TP": 73,
            "AP": 0.20783053162593454,
            "recall": 0.0371501272264631,
            "precision": 0.3080168776371308,
            "specificity": 0.9858008658008658,
            "accuracy": 0.8478727339992601,
            "expected AP": 0.1453940066592675
        },
        "3": {
            "TN": 12688,
            "FP": 8,
            "FN": 529,
            "TP": 290,
            "AP": 0.593941202830536,
            "recall": 0.3540903540903541,
            "precision": 0.9731543624161074,
            "specificity": 0.9993698802772527,
            "accuracy": 0.960266370699223,
            "expected AP": 0.060599334073251944
        }
    }
}
