{
    "overall": {
        "mAP": 0.47650070724079086,
        "accuracy": 0.47199408065112836,
        "expected mAP": 0.25
    },
    "classwise": {
        "0": {
            "TN": 3904,
            "FP": 5254,
            "FN": 541,
            "TP": 3816,
            "AP": 0.5468042356979805,
            "recall": 0.8758319944916226,
            "precision": 0.4207276736493936,
            "specificity": 0.42629395064424547,
            "accuracy": 0.5712171661117277,
            "expected AP": 0.3223825379208287
        },
        "1": {
            "TN": 5481,
            "FP": 1660,
            "FN": 4156,
            "TP": 2218,
            "AP": 0.5647953144761331,
            "recall": 0.3479761531220584,
            "precision": 0.5719443011861784,
            "specificity": 0.7675395602856743,
            "accuracy": 0.5696633370329264,
            "expected AP": 0.4716241213466519
        },
        "2": {
            "TN": 11335,
            "FP": 215,
            "FN": 1863,
            "TP": 102,
            "AP": 0.18705866414483613,
            "recall": 0.051908396946564885,
            "precision": 0.3217665615141956,
            "specificity": 0.9813852813852814,
            "accuracy": 0.8462449130595634,
            "expected AP": 0.1453940066592675
        },
        "3": {
            "TN": 12689,
            "FP": 7,
            "FN": 576,
            "TP": 243,
            "AP": 0.6073446146442137,
            "recall": 0.2967032967032967,
            "precision": 0.972,
            "specificity": 0.9994486452425961,
            "accuracy": 0.9568627450980393,
            "expected AP": 0.060599334073251944
        }
    }
}
