{
    "overall": {
        "mAP": 0.46554863830358617,
        "accuracy": 0.43559718969555034,
        "expected mAP": 0.25,
        "balanced accuracy": 0.35204311454311454,
        "adjusted balanced accuracy": 0.13605748605748605
    },
    "classwise": {
        "0": {
            "TN": 68,
            "FP": 211,
            "FN": 15,
            "TP": 133,
            "AP": 0.49621827070066826,
            "recall": 0.8986486486486487,
            "precision": 0.3866279069767442,
            "specificity": 0.24372759856630824,
            "accuracy": 0.4707259953161593,
            "expected AP": 0.34660421545667447
        },
        "1": {
            "TN": 192,
            "FP": 25,
            "FN": 166,
            "TP": 44,
            "AP": 0.5956566788651574,
            "recall": 0.20952380952380953,
            "precision": 0.6376811594202898,
            "specificity": 0.8847926267281107,
            "accuracy": 0.5526932084309133,
            "expected AP": 0.4918032786885246
        },
        "2": {
            "TN": 384,
            "FP": 4,
            "FN": 39,
            "TP": 0,
            "AP": 0.1235518267984139,
            "recall": 0.0,
            "precision": 0.0,
            "specificity": 0.9896907216494846,
            "accuracy": 0.8992974238875878,
            "expected AP": 0.09133489461358314
        },
        "3": {
            "TN": 396,
            "FP": 1,
            "FN": 21,
            "TP": 9,
            "AP": 0.646767776850105,
            "recall": 0.3,
            "precision": 0.9,
            "specificity": 0.9974811083123426,
            "accuracy": 0.9484777517564403,
            "expected AP": 0.0702576112412178
        }
    }
}
