{
    "TN": 381,
    "FP": 13,
    "FN": 27,
    "TP": 6,
    "AP": 0.23685859908771867,
    "recall": 0.18181818181818182,
    "precision": 0.3157894736842105,
    "specificity": 0.9670050761421319,
    "accuracy": 0.9063231850117096,
    "expected AP": 0.07728337236533958,
    "auroc": 0.6629749269343179,
    "balanced accuracy": 0.5744116289801569,
    "adjusted balanced accuracy": 0.1488232579603137
}
