{
    "TN": 892,
    "FP": 54,
    "FN": 69,
    "TP": 3,
    "AP": 0.0733180958909628,
    "recall": 0.041666666666666664,
    "precision": 0.05263157894736842,
    "specificity": 0.9429175475687104,
    "accuracy": 0.8791748526522594,
    "expected AP": 0.07072691552062868,
    "auroc": 0.49980913789053316,
    "balanced accuracy": 0.4922921071176885,
    "adjusted balanced accuracy": -0.015415785764622991
}
