{
    "TN": 620,
    "FP": 104,
    "FN": 167,
    "TP": 105,
    "AP": 0.5149930654213791,
    "recall": 0.3860294117647059,
    "precision": 0.5023923444976076,
    "specificity": 0.856353591160221,
    "accuracy": 0.7279116465863453,
    "expected AP": 0.27309236947791166,
    "auroc": 0.7261613381540462,
    "balanced accuracy": 0.6211915014624635,
    "adjusted balanced accuracy": 0.24238300292492698
}
