{
    "overall": {
        "mAP": 0.46979109504723027,
        "accuracy": 0.4168618266978923,
        "expected mAP": 0.25,
        "balanced accuracy": 0.341521879021879,
        "adjusted balanced accuracy": 0.12202917202917203
    },
    "classwise": {
        "0": {
            "TN": 63,
            "FP": 216,
            "FN": 17,
            "TP": 131,
            "AP": 0.4728882618166432,
            "recall": 0.8851351351351351,
            "precision": 0.37752161383285304,
            "specificity": 0.22580645161290322,
            "accuracy": 0.45433255269320844,
            "expected AP": 0.34660421545667447
        },
        "1": {
            "TN": 189,
            "FP": 28,
            "FN": 172,
            "TP": 38,
            "AP": 0.588670629729582,
            "recall": 0.18095238095238095,
            "precision": 0.5757575757575758,
            "specificity": 0.8709677419354839,
            "accuracy": 0.531615925058548,
            "expected AP": 0.4918032786885246
        },
        "2": {
            "TN": 383,
            "FP": 5,
            "FN": 39,
            "TP": 0,
            "AP": 0.12311961900198401,
            "recall": 0.0,
            "precision": 0.0,
            "specificity": 0.9871134020618557,
            "accuracy": 0.8969555035128806,
            "expected AP": 0.09133489461358314
        },
        "3": {
            "TN": 397,
            "FP": 0,
            "FN": 21,
            "TP": 9,
            "AP": 0.694485869640712,
            "recall": 0.3,
            "precision": 1.0,
            "specificity": 1.0,
            "accuracy": 0.9508196721311475,
            "expected AP": 0.0702576112412178
        }
    }
}
