{
    "overall": {
        "mAP": 0.4137884202912268,
        "accuracy": 0.47453703703703703,
        "expected mAP": 0.25,
        "balanced accuracy": 0.3121371811952798
    },
    "classwise": {
        "0": {
            "TN": 138,
            "FP": 146,
            "FN": 35,
            "TP": 113,
            "AP": 0.6147681175986152,
            "recall": 0.7635135135135135,
            "precision": 0.4362934362934363,
            "specificity": 0.4859154929577465,
            "accuracy": 0.5810185185185185,
            "expected AP": 0.3425925925925926
        },
        "1": {
            "TN": 153,
            "FP": 66,
            "FN": 123,
            "TP": 90,
            "AP": 0.6362445719290291,
            "recall": 0.4225352112676056,
            "precision": 0.5769230769230769,
            "specificity": 0.6986301369863014,
            "accuracy": 0.5625,
            "expected AP": 0.4930555555555556
        },
        "2": {
            "TN": 380,
            "FP": 13,
            "FN": 39,
            "TP": 0,
            "AP": 0.14714510213553653,
            "recall": 0.0,
            "precision": 0.0,
            "specificity": 0.9669211195928753,
            "accuracy": 0.8796296296296297,
            "expected AP": 0.09027777777777778
        },
        "3": {
            "TN": 398,
            "FP": 2,
            "FN": 30,
            "TP": 2,
            "AP": 0.2569958895017266,
            "recall": 0.0625,
            "precision": 0.5,
            "specificity": 0.995,
            "accuracy": 0.9259259259259259,
            "expected AP": 0.07407407407407407
        }
    }
}
