{
    "overall": {
        "mAP": 0.5058718573711283,
        "accuracy": 0.5926558497011102,
        "expected mAP": 0.25,
        "balanced accuracy": 0.5011818567803601,
        "adjusted balanced accuracy": 0.3349091423738135
    },
    "classwise": {
        "0": {
            "TN": 342,
            "FP": 94,
            "FN": 220,
            "TP": 515,
            "AP": 0.8715000702212704,
            "recall": 0.7006802721088435,
            "precision": 0.8456486042692939,
            "specificity": 0.7844036697247706,
            "accuracy": 0.7318531169940222,
            "expected AP": 0.627668659265585
        },
        "1": {
            "TN": 630,
            "FP": 323,
            "FN": 90,
            "TP": 128,
            "AP": 0.29159671176936863,
            "recall": 0.5871559633027523,
            "precision": 0.2838137472283814,
            "specificity": 0.6610703043022036,
            "accuracy": 0.6473099914602903,
            "expected AP": 0.18616567036720752
        },
        "2": {
            "TN": 936,
            "FP": 42,
            "FN": 155,
            "TP": 38,
            "AP": 0.42116380109633383,
            "recall": 0.19689119170984457,
            "precision": 0.475,
            "specificity": 0.9570552147239264,
            "accuracy": 0.8317677198975235,
            "expected AP": 0.16481639624252775
        },
        "3": {
            "TN": 1128,
            "FP": 18,
            "FN": 12,
            "TP": 13,
            "AP": 0.4392268463975403,
            "recall": 0.52,
            "precision": 0.41935483870967744,
            "specificity": 0.9842931937172775,
            "accuracy": 0.9743808710503843,
            "expected AP": 0.02134927412467976
        }
    }
}
