{
    "overall": {
        "mAP": 0.5174283684211153,
        "accuracy": 0.5892661555312158,
        "expected mAP": 0.24999999999999997,
        "balanced accuracy": 0.5181567171652071,
        "adjusted balanced accuracy": 0.3575422895536094
    },
    "classwise": {
        "0": {
            "TN": 267,
            "FP": 62,
            "FN": 188,
            "TP": 396,
            "AP": 0.8820867950994342,
            "recall": 0.678082191780822,
            "precision": 0.8646288209606987,
            "specificity": 0.8115501519756839,
            "accuracy": 0.7261774370208105,
            "expected AP": 0.6396495071193866
        },
        "1": {
            "TN": 485,
            "FP": 261,
            "FN": 65,
            "TP": 102,
            "AP": 0.3072004600049444,
            "recall": 0.6107784431137725,
            "precision": 0.2809917355371901,
            "specificity": 0.6501340482573726,
            "accuracy": 0.6429353778751369,
            "expected AP": 0.1829134720700986
        },
        "2": {
            "TN": 739,
            "FP": 34,
            "FN": 113,
            "TP": 27,
            "AP": 0.3883342374503711,
            "recall": 0.19285714285714287,
            "precision": 0.4426229508196721,
            "specificity": 0.9560155239327296,
            "accuracy": 0.8389923329682366,
            "expected AP": 0.1533406352683461
        },
        "3": {
            "TN": 873,
            "FP": 18,
            "FN": 9,
            "TP": 13,
            "AP": 0.4920919811297112,
            "recall": 0.5909090909090909,
            "precision": 0.41935483870967744,
            "specificity": 0.9797979797979798,
            "accuracy": 0.9704271631982475,
            "expected AP": 0.024096385542168676
        }
    }
}
