{
    "overall": {
        "mAP": 0.43807695965036864,
        "accuracy": 0.5023148148148148,
        "expected mAP": 0.25,
        "balanced accuracy": 0.3251907276995305
    },
    "classwise": {
        "0": {
            "TN": 154,
            "FP": 130,
            "FN": 37,
            "TP": 111,
            "AP": 0.6556494438387095,
            "recall": 0.75,
            "precision": 0.4605809128630705,
            "specificity": 0.5422535211267606,
            "accuracy": 0.6134259259259259,
            "expected AP": 0.3425925925925926
        },
        "1": {
            "TN": 150,
            "FP": 69,
            "FN": 109,
            "TP": 104,
            "AP": 0.6782342486341308,
            "recall": 0.48826291079812206,
            "precision": 0.6011560693641619,
            "specificity": 0.684931506849315,
            "accuracy": 0.5879629629629629,
            "expected AP": 0.4930555555555556
        },
        "2": {
            "TN": 378,
            "FP": 15,
            "FN": 39,
            "TP": 0,
            "AP": 0.15480097248252597,
            "recall": 0.0,
            "precision": 0.0,
            "specificity": 0.9618320610687023,
            "accuracy": 0.875,
            "expected AP": 0.09027777777777778
        },
        "3": {
            "TN": 399,
            "FP": 1,
            "FN": 30,
            "TP": 2,
            "AP": 0.26362317364610827,
            "recall": 0.0625,
            "precision": 0.6666666666666666,
            "specificity": 0.9975,
            "accuracy": 0.9282407407407407,
            "expected AP": 0.07407407407407407
        }
    }
}
