{
    "TN": 382,
    "FP": 12,
    "FN": 27,
    "TP": 6,
    "AP": 0.24493974094185342,
    "recall": 0.18181818181818182,
    "precision": 0.3333333333333333,
    "specificity": 0.9695431472081218,
    "accuracy": 0.9086651053864169,
    "expected AP": 0.07728337236533958,
    "auroc": 0.6626672819566222,
    "balanced accuracy": 0.5756806645131518,
    "adjusted balanced accuracy": 0.15136132902630361
}
