{
    "overall": {
        "mAP": 0.47789340294619775,
        "accuracy": 0.48642249352571215,
        "expected mAP": 0.25
    },
    "classwise": {
        "0": {
            "TN": 4348,
            "FP": 4810,
            "FN": 654,
            "TP": 3703,
            "AP": 0.54655682890789,
            "recall": 0.8498967179251778,
            "precision": 0.43498179255256664,
            "specificity": 0.4747761519982529,
            "accuracy": 0.5957084720680725,
            "expected AP": 0.3223825379208287
        },
        "1": {
            "TN": 5249,
            "FP": 1892,
            "FN": 3885,
            "TP": 2489,
            "AP": 0.557496675250453,
            "recall": 0.3904926262943207,
            "precision": 0.5681351289659895,
            "specificity": 0.7350511132894553,
            "accuracy": 0.5725490196078431,
            "expected AP": 0.4716241213466519
        },
        "2": {
            "TN": 11319,
            "FP": 231,
            "FN": 1855,
            "TP": 110,
            "AP": 0.1843976145922879,
            "recall": 0.05597964376590331,
            "precision": 0.3225806451612903,
            "specificity": 0.98,
            "accuracy": 0.845652978172401,
            "expected AP": 0.1453940066592675
        },
        "3": {
            "TN": 12688,
            "FP": 8,
            "FN": 547,
            "TP": 272,
            "AP": 0.62312249303416,
            "recall": 0.3321123321123321,
            "precision": 0.9714285714285714,
            "specificity": 0.9993698802772527,
            "accuracy": 0.9589345172031076,
            "expected AP": 0.060599334073251944
        }
    }
}
