{
    "overall": {
        "mAP": 0.45068654900944216,
        "accuracy": 0.5324074074074074,
        "expected mAP": 0.25,
        "balanced accuracy": 0.33684058177896203
    },
    "classwise": {
        "0": {
            "TN": 179,
            "FP": 105,
            "FN": 44,
            "TP": 104,
            "AP": 0.6901407495735391,
            "recall": 0.7027027027027027,
            "precision": 0.49760765550239233,
            "specificity": 0.6302816901408451,
            "accuracy": 0.6550925925925926,
            "expected AP": 0.3425925925925926
        },
        "1": {
            "TN": 140,
            "FP": 79,
            "FN": 89,
            "TP": 124,
            "AP": 0.6976382281120828,
            "recall": 0.5821596244131455,
            "precision": 0.6108374384236454,
            "specificity": 0.639269406392694,
            "accuracy": 0.6111111111111112,
            "expected AP": 0.4930555555555556
        },
        "2": {
            "TN": 376,
            "FP": 17,
            "FN": 39,
            "TP": 0,
            "AP": 0.1487999487777622,
            "recall": 0.0,
            "precision": 0.0,
            "specificity": 0.9567430025445293,
            "accuracy": 0.8703703703703703,
            "expected AP": 0.09027777777777778
        },
        "3": {
            "TN": 399,
            "FP": 1,
            "FN": 30,
            "TP": 2,
            "AP": 0.2661672695743845,
            "recall": 0.0625,
            "precision": 0.6666666666666666,
            "specificity": 0.9975,
            "accuracy": 0.9282407407407407,
            "expected AP": 0.07407407407407407
        }
    }
}
