{
    "overall": {
        "mAP": 0.376249152430113,
        "accuracy": 0.49537037037037035,
        "expected mAP": 0.25,
        "balanced accuracy": 0.3185767193249588
    },
    "classwise": {
        "0": {
            "TN": 160,
            "FP": 124,
            "FN": 43,
            "TP": 105,
            "AP": 0.5175448165487886,
            "recall": 0.7094594594594594,
            "precision": 0.4585152838427948,
            "specificity": 0.5633802816901409,
            "accuracy": 0.6134259259259259,
            "expected AP": 0.3425925925925926
        },
        "1": {
            "TN": 140,
            "FP": 79,
            "FN": 106,
            "TP": 107,
            "AP": 0.6429703826039732,
            "recall": 0.5023474178403756,
            "precision": 0.5752688172043011,
            "specificity": 0.639269406392694,
            "accuracy": 0.5717592592592593,
            "expected AP": 0.4930555555555556
        },
        "2": {
            "TN": 379,
            "FP": 14,
            "FN": 39,
            "TP": 0,
            "AP": 0.13457780003719388,
            "recall": 0.0,
            "precision": 0.0,
            "specificity": 0.9643765903307888,
            "accuracy": 0.8773148148148148,
            "expected AP": 0.09027777777777778
        },
        "3": {
            "TN": 399,
            "FP": 1,
            "FN": 30,
            "TP": 2,
            "AP": 0.20990361053049633,
            "recall": 0.0625,
            "precision": 0.6666666666666666,
            "specificity": 0.9975,
            "accuracy": 0.9282407407407407,
            "expected AP": 0.07407407407407407
        }
    }
}
