{
    "overall": {
        "mAP": 0.48081141890669377,
        "accuracy": 0.46984831668516464,
        "expected mAP": 0.25
    },
    "classwise": {
        "0": {
            "TN": 4380,
            "FP": 4778,
            "FN": 801,
            "TP": 3556,
            "AP": 0.5629296816010658,
            "recall": 0.8161579068166169,
            "precision": 0.42668586513078954,
            "specificity": 0.47827036470845163,
            "accuracy": 0.5871994080651128,
            "expected AP": 0.3223825379208287
        },
        "1": {
            "TN": 5304,
            "FP": 1837,
            "FN": 4042,
            "TP": 2332,
            "AP": 0.5575191992762646,
            "recall": 0.3658613115782868,
            "precision": 0.5593667546174143,
            "specificity": 0.7427531158101106,
            "accuracy": 0.5650018497965223,
            "expected AP": 0.4716241213466519
        },
        "2": {
            "TN": 11040,
            "FP": 510,
            "FN": 1796,
            "TP": 169,
            "AP": 0.18975819417288894,
            "recall": 0.08600508905852418,
            "precision": 0.24889543446244478,
            "specificity": 0.9558441558441558,
            "accuracy": 0.8293747687754347,
            "expected AP": 0.1453940066592675
        },
        "3": {
            "TN": 12656,
            "FP": 40,
            "FN": 526,
            "TP": 293,
            "AP": 0.6130386005765557,
            "recall": 0.35775335775335776,
            "precision": 0.8798798798798799,
            "specificity": 0.9968494013862634,
            "accuracy": 0.9581206067332594,
            "expected AP": 0.060599334073251944
        }
    }
}
