{
    "overall": {
        "mAP": 0.47890999324218464,
        "accuracy": 0.47021827598964117,
        "expected mAP": 0.25
    },
    "classwise": {
        "0": {
            "TN": 3995,
            "FP": 5163,
            "FN": 609,
            "TP": 3748,
            "AP": 0.5473063216854462,
            "recall": 0.8602249254073904,
            "precision": 0.42060374817641116,
            "specificity": 0.43623061803887314,
            "accuracy": 0.5729189789123197,
            "expected AP": 0.3223825379208287
        },
        "1": {
            "TN": 5381,
            "FP": 1760,
            "FN": 4125,
            "TP": 2249,
            "AP": 0.5635773959095548,
            "recall": 0.35283966112331344,
            "precision": 0.5609877775006236,
            "specificity": 0.7535359193390282,
            "accuracy": 0.5645578986311506,
            "expected AP": 0.4716241213466519
        },
        "2": {
            "TN": 11321,
            "FP": 229,
            "FN": 1851,
            "TP": 114,
            "AP": 0.19641773650197591,
            "recall": 0.05801526717557252,
            "precision": 0.3323615160349854,
            "specificity": 0.9801731601731601,
            "accuracy": 0.8460969293377728,
            "expected AP": 0.1453940066592675
        },
        "3": {
            "TN": 12688,
            "FP": 8,
            "FN": 575,
            "TP": 244,
            "AP": 0.6083385188717616,
            "recall": 0.2979242979242979,
            "precision": 0.9682539682539683,
            "specificity": 0.9993698802772527,
            "accuracy": 0.9568627450980393,
            "expected AP": 0.060599334073251944
        }
    }
}
