{
    "overall": {
        "mAP": 0.4502558134298214,
        "accuracy": 0.5023148148148148,
        "expected mAP": 0.25,
        "balanced accuracy": 0.32261332635452356
    },
    "classwise": {
        "0": {
            "TN": 159,
            "FP": 125,
            "FN": 42,
            "TP": 106,
            "AP": 0.7100089292680182,
            "recall": 0.7162162162162162,
            "precision": 0.4588744588744589,
            "specificity": 0.5598591549295775,
            "accuracy": 0.6134259259259259,
            "expected AP": 0.3425925925925926
        },
        "1": {
            "TN": 144,
            "FP": 75,
            "FN": 104,
            "TP": 109,
            "AP": 0.6805990187737374,
            "recall": 0.5117370892018779,
            "precision": 0.592391304347826,
            "specificity": 0.6575342465753424,
            "accuracy": 0.5856481481481481,
            "expected AP": 0.4930555555555556
        },
        "2": {
            "TN": 379,
            "FP": 14,
            "FN": 39,
            "TP": 0,
            "AP": 0.14688140629485813,
            "recall": 0.0,
            "precision": 0.0,
            "specificity": 0.9643765903307888,
            "accuracy": 0.8773148148148148,
            "expected AP": 0.09027777777777778
        },
        "3": {
            "TN": 399,
            "FP": 1,
            "FN": 30,
            "TP": 2,
            "AP": 0.2635338993826719,
            "recall": 0.0625,
            "precision": 0.6666666666666666,
            "specificity": 0.9975,
            "accuracy": 0.9282407407407407,
            "expected AP": 0.07407407407407407
        }
    }
}
