{
    "overall": {
        "mAP": 0.44143337868629773,
        "accuracy": 0.4513888888888889,
        "expected mAP": 0.25,
        "balanced accuracy": 0.327533188998858
    },
    "classwise": {
        "0": {
            "TN": 88,
            "FP": 196,
            "FN": 21,
            "TP": 127,
            "AP": 0.6857942558533003,
            "recall": 0.8581081081081081,
            "precision": 0.3931888544891641,
            "specificity": 0.30985915492957744,
            "accuracy": 0.4976851851851852,
            "expected AP": 0.3425925925925926
        },
        "1": {
            "TN": 191,
            "FP": 28,
            "FN": 150,
            "TP": 63,
            "AP": 0.6860067966885421,
            "recall": 0.29577464788732394,
            "precision": 0.6923076923076923,
            "specificity": 0.8721461187214612,
            "accuracy": 0.5879629629629629,
            "expected AP": 0.4930555555555556
        },
        "2": {
            "TN": 390,
            "FP": 3,
            "FN": 39,
            "TP": 0,
            "AP": 0.14346323305209485,
            "recall": 0.0,
            "precision": 0.0,
            "specificity": 0.9923664122137404,
            "accuracy": 0.9027777777777778,
            "expected AP": 0.09027777777777778
        },
        "3": {
            "TN": 390,
            "FP": 10,
            "FN": 27,
            "TP": 5,
            "AP": 0.25046922915125347,
            "recall": 0.15625,
            "precision": 0.3333333333333333,
            "specificity": 0.975,
            "accuracy": 0.9143518518518519,
            "expected AP": 0.07407407407407407
        }
    }
}
