{
    "TN": 12199,
    "FP": 144,
    "FN": 1151,
    "TP": 21,
    "AP": 0.1186526552091213,
    "recall": 0.017918088737201365,
    "precision": 0.12727272727272726,
    "specificity": 0.9883334683626347,
    "accuracy": 0.9041805401405846,
    "expected AP": 0.08671846096929338,
    "auroc": 0.6085914858541368,
    "balanced accuracy": 0.503125778549918,
    "adjusted balanced accuracy": 0.006251557099836047
}
