{
    "overall": {
        "mAP": 0.47665573384134263,
        "accuracy": 0.4238875878220141,
        "expected mAP": 0.25,
        "balanced accuracy": 0.3451650826650826,
        "adjusted balanced accuracy": 0.12688677688677683
    },
    "classwise": {
        "0": {
            "TN": 61,
            "FP": 218,
            "FN": 13,
            "TP": 135,
            "AP": 0.4986392833232704,
            "recall": 0.9121621621621622,
            "precision": 0.38243626062322944,
            "specificity": 0.21863799283154123,
            "accuracy": 0.45901639344262296,
            "expected AP": 0.34660421545667447
        },
        "1": {
            "TN": 196,
            "FP": 21,
            "FN": 173,
            "TP": 37,
            "AP": 0.5774363743122661,
            "recall": 0.1761904761904762,
            "precision": 0.6379310344827587,
            "specificity": 0.9032258064516129,
            "accuracy": 0.5456674473067916,
            "expected AP": 0.4918032786885246
        },
        "2": {
            "TN": 382,
            "FP": 6,
            "FN": 38,
            "TP": 1,
            "AP": 0.1348578047231861,
            "recall": 0.02564102564102564,
            "precision": 0.14285714285714285,
            "specificity": 0.9845360824742269,
            "accuracy": 0.8969555035128806,
            "expected AP": 0.09133489461358314
        },
        "3": {
            "TN": 396,
            "FP": 1,
            "FN": 22,
            "TP": 8,
            "AP": 0.6956894730066479,
            "recall": 0.26666666666666666,
            "precision": 0.8888888888888888,
            "specificity": 0.9974811083123426,
            "accuracy": 0.9461358313817331,
            "expected AP": 0.0702576112412178
        }
    }
}
