{
    "TN": 120,
    "FP": 48,
    "FN": 119,
    "TP": 92,
    "AP": 0.6693428291933328,
    "recall": 0.43601895734597157,
    "precision": 0.6571428571428571,
    "specificity": 0.7142857142857143,
    "accuracy": 0.5593667546174143,
    "expected AP": 0.5567282321899736,
    "auroc": 0.6410093658316406,
    "balanced accuracy": 0.5751523358158429,
    "adjusted balanced accuracy": 0.15030467163168582
}
