{
    "overall": {
        "mAP": 0.5646616810783018,
        "accuracy": 0.4106666666666667,
        "expected mAP": 0.24999999999999997,
        "balanced accuracy": 0.2934298686851317,
        "adjusted balanced accuracy": 0.05790649158017561
    },
    "classwise": {
        "0": {
            "TN": 103,
            "FP": 404,
            "FN": 16,
            "TP": 227,
            "AP": 0.6646994596439303,
            "recall": 0.934156378600823,
            "precision": 0.35974643423137875,
            "specificity": 0.20315581854043394,
            "accuracy": 0.44,
            "expected AP": 0.324
        },
        "1": {
            "TN": 334,
            "FP": 34,
            "FN": 303,
            "TP": 79,
            "AP": 0.6603406444373463,
            "recall": 0.20680628272251309,
            "precision": 0.6991150442477876,
            "specificity": 0.907608695652174,
            "accuracy": 0.5506666666666666,
            "expected AP": 0.5093333333333333
        },
        "2": {
            "TN": 675,
            "FP": 3,
            "FN": 71,
            "TP": 1,
            "AP": 0.1989670582253967,
            "recall": 0.013888888888888888,
            "precision": 0.25,
            "specificity": 0.995575221238938,
            "accuracy": 0.9013333333333333,
            "expected AP": 0.096
        },
        "3": {
            "TN": 696,
            "FP": 1,
            "FN": 52,
            "TP": 1,
            "AP": 0.7346395620065342,
            "recall": 0.018867924528301886,
            "precision": 0.5,
            "specificity": 0.9985652797704447,
            "accuracy": 0.9293333333333333,
            "expected AP": 0.07066666666666667
        }
    }
}
