{
    "TN": 384,
    "FP": 10,
    "FN": 29,
    "TP": 4,
    "AP": 0.17751062494351866,
    "recall": 0.12121212121212122,
    "precision": 0.2857142857142857,
    "specificity": 0.9746192893401016,
    "accuracy": 0.9086651053864169,
    "expected AP": 0.07728337236533958,
    "auroc": 0.6524765420704508,
    "balanced accuracy": 0.5479157052761114,
    "adjusted balanced accuracy": 0.09583141055222288
}
