{
    "overall": {
        "mAP": 0.46215435285362905,
        "accuracy": 0.4319644839067703,
        "expected mAP": 0.25
    },
    "classwise": {
        "0": {
            "TN": 2997,
            "FP": 6161,
            "FN": 405,
            "TP": 3952,
            "AP": 0.4895766981508158,
            "recall": 0.9070461326600873,
            "precision": 0.3907841392267379,
            "specificity": 0.3272548591395501,
            "accuracy": 0.5141694413614503,
            "expected AP": 0.3223825379208287
        },
        "1": {
            "TN": 5937,
            "FP": 1204,
            "FN": 4828,
            "TP": 1546,
            "AP": 0.5501208351322819,
            "recall": 0.24254785064323817,
            "precision": 0.5621818181818182,
            "specificity": 0.8313961630023806,
            "accuracy": 0.5536810950795412,
            "expected AP": 0.4716241213466519
        },
        "2": {
            "TN": 11254,
            "FP": 296,
            "FN": 1845,
            "TP": 120,
            "AP": 0.22746357188052024,
            "recall": 0.061068702290076333,
            "precision": 0.28846153846153844,
            "specificity": 0.9743722943722943,
            "accuracy": 0.8415834258231595,
            "expected AP": 0.1453940066592675
        },
        "3": {
            "TN": 12680,
            "FP": 16,
            "FN": 599,
            "TP": 220,
            "AP": 0.5814563062508982,
            "recall": 0.2686202686202686,
            "precision": 0.9322033898305084,
            "specificity": 0.9987397605545053,
            "accuracy": 0.9544950055493896,
            "expected AP": 0.060599334073251944
        }
    }
}
