{
    "TN": 394,
    "FP": 0,
    "FN": 33,
    "TP": 0,
    "AP": 0.18131239007428748,
    "recall": 0.0,
    "precision": 0.0,
    "specificity": 1.0,
    "accuracy": 0.9227166276346604,
    "expected AP": 0.07728337236533958,
    "auroc": 0.5709121673588677,
    "balanced accuracy": 0.5,
    "adjusted balanced accuracy": 0.0
}
