{
    "TN": 1006,
    "FP": 94,
    "FN": 66,
    "TP": 10,
    "AP": 0.12679079738433344,
    "recall": 0.13157894736842105,
    "precision": 0.09615384615384616,
    "specificity": 0.9145454545454546,
    "accuracy": 0.8639455782312925,
    "expected AP": 0.06462585034013606,
    "auroc": 0.6719138755980861,
    "balanced accuracy": 0.5230622009569378,
    "adjusted balanced accuracy": 0.04612440191387557
}
