{
    "TN": 784,
    "FP": 71,
    "FN": 53,
    "TP": 10,
    "AP": 0.14348617238698408,
    "recall": 0.15873015873015872,
    "precision": 0.12345679012345678,
    "specificity": 0.9169590643274854,
    "accuracy": 0.8649237472766884,
    "expected AP": 0.06862745098039216,
    "auroc": 0.6845632600018565,
    "balanced accuracy": 0.537844611528822,
    "adjusted balanced accuracy": 0.07568922305764403
}
