{
    "TN": 210,
    "FP": 86,
    "FN": 191,
    "TP": 215,
    "AP": 0.7006805528974083,
    "recall": 0.5295566502463054,
    "precision": 0.7142857142857143,
    "specificity": 0.7094594594594594,
    "accuracy": 0.6054131054131054,
    "expected AP": 0.5783475783475783,
    "auroc": 0.6413010917321262,
    "balanced accuracy": 0.6195080548528824,
    "adjusted balanced accuracy": 0.2390161097057648
}
