{
    "TN": 114,
    "FP": 54,
    "FN": 105,
    "TP": 106,
    "AP": 0.6641697088509081,
    "recall": 0.5023696682464455,
    "precision": 0.6625,
    "specificity": 0.6785714285714286,
    "accuracy": 0.5804749340369393,
    "expected AP": 0.5567282321899736,
    "auroc": 0.6402053712480252,
    "balanced accuracy": 0.590470548408937,
    "adjusted balanced accuracy": 0.18094109681787396
}
