{
    "overall": {
        "mAP": 0.4527457643187437,
        "accuracy": 0.5187569367369589,
        "expected mAP": 0.25
    },
    "classwise": {
        "0": {
            "TN": 5970,
            "FP": 3188,
            "FN": 1721,
            "TP": 2636,
            "AP": 0.48681224985961496,
            "recall": 0.6050034427358274,
            "precision": 0.4526098901098901,
            "specificity": 0.6518890587464512,
            "accuracy": 0.6367739548649649,
            "expected AP": 0.3223825379208287
        },
        "1": {
            "TN": 4006,
            "FP": 3135,
            "FN": 2331,
            "TP": 4043,
            "AP": 0.5479497738160964,
            "recall": 0.6342955757765925,
            "precision": 0.5632488158261354,
            "specificity": 0.5609858563226439,
            "accuracy": 0.595560488346282,
            "expected AP": 0.4716241213466519
        },
        "2": {
            "TN": 11390,
            "FP": 160,
            "FN": 1903,
            "TP": 62,
            "AP": 0.16580921029193235,
            "recall": 0.03155216284987277,
            "precision": 0.27927927927927926,
            "specificity": 0.9861471861471861,
            "accuracy": 0.8473547909729929,
            "expected AP": 0.1453940066592675
        },
        "3": {
            "TN": 12675,
            "FP": 21,
            "FN": 549,
            "TP": 270,
            "AP": 0.610411823307331,
            "recall": 0.32967032967032966,
            "precision": 0.9278350515463918,
            "specificity": 0.9983459357277883,
            "accuracy": 0.9578246392896781,
            "expected AP": 0.060599334073251944
        }
    }
}
