{
    "overall": {
        "mAP": 0.46673866404127573,
        "accuracy": 0.4379391100702576,
        "expected mAP": 0.25,
        "balanced accuracy": 0.3253217503217503,
        "adjusted balanced accuracy": 0.10042900042900042
    },
    "classwise": {
        "0": {
            "TN": 91,
            "FP": 188,
            "FN": 28,
            "TP": 120,
            "AP": 0.4380573518892982,
            "recall": 0.8108108108108109,
            "precision": 0.38961038961038963,
            "specificity": 0.32616487455197135,
            "accuracy": 0.49414519906323184,
            "expected AP": 0.34660421545667447
        },
        "1": {
            "TN": 175,
            "FP": 42,
            "FN": 149,
            "TP": 61,
            "AP": 0.5589780358770353,
            "recall": 0.2904761904761905,
            "precision": 0.5922330097087378,
            "specificity": 0.8064516129032258,
            "accuracy": 0.5526932084309133,
            "expected AP": 0.4918032786885246
        },
        "2": {
            "TN": 378,
            "FP": 10,
            "FN": 39,
            "TP": 0,
            "AP": 0.12063806072667044,
            "recall": 0.0,
            "precision": 0.0,
            "specificity": 0.9742268041237113,
            "accuracy": 0.8852459016393442,
            "expected AP": 0.09133489461358314
        },
        "3": {
            "TN": 397,
            "FP": 0,
            "FN": 24,
            "TP": 6,
            "AP": 0.749281207672099,
            "recall": 0.2,
            "precision": 1.0,
            "specificity": 1.0,
            "accuracy": 0.9437939110070258,
            "expected AP": 0.0702576112412178
        }
    }
}
