{
    "TN": 1552,
    "FP": 443,
    "FN": 350,
    "TP": 340,
    "AP": 0.43107929769212017,
    "recall": 0.4927536231884058,
    "precision": 0.4342273307790549,
    "specificity": 0.7779448621553885,
    "accuracy": 0.7046554934823092,
    "expected AP": 0.2569832402234637,
    "auroc": 0.7194653299916458,
    "balanced accuracy": 0.6353492426718972,
    "adjusted balanced accuracy": 0.27069848534379437
}
