{
    "overall": {
        "mAP": 0.4845115719318127,
        "accuracy": 0.4332552693208431,
        "expected mAP": 0.25,
        "balanced accuracy": 0.3452059202059202,
        "adjusted balanced accuracy": 0.12694122694122698
    },
    "classwise": {
        "0": {
            "TN": 65,
            "FP": 214,
            "FN": 12,
            "TP": 136,
            "AP": 0.49804177957132745,
            "recall": 0.918918918918919,
            "precision": 0.38857142857142857,
            "specificity": 0.23297491039426524,
            "accuracy": 0.4707259953161593,
            "expected AP": 0.34660421545667447
        },
        "1": {
            "TN": 194,
            "FP": 23,
            "FN": 169,
            "TP": 41,
            "AP": 0.601139831465735,
            "recall": 0.19523809523809524,
            "precision": 0.640625,
            "specificity": 0.8940092165898618,
            "accuracy": 0.550351288056206,
            "expected AP": 0.4918032786885246
        },
        "2": {
            "TN": 383,
            "FP": 5,
            "FN": 39,
            "TP": 0,
            "AP": 0.12410267665985955,
            "recall": 0.0,
            "precision": 0.0,
            "specificity": 0.9871134020618557,
            "accuracy": 0.8969555035128806,
            "expected AP": 0.09133489461358314
        },
        "3": {
            "TN": 397,
            "FP": 0,
            "FN": 22,
            "TP": 8,
            "AP": 0.7147620000303286,
            "recall": 0.26666666666666666,
            "precision": 1.0,
            "specificity": 1.0,
            "accuracy": 0.9484777517564403,
            "expected AP": 0.0702576112412178
        }
    }
}
