{
    "TN": 382,
    "FP": 12,
    "FN": 26,
    "TP": 7,
    "AP": 0.24074953028627513,
    "recall": 0.21212121212121213,
    "precision": 0.3684210526315789,
    "specificity": 0.9695431472081218,
    "accuracy": 0.9110070257611241,
    "expected AP": 0.07728337236533958,
    "auroc": 0.6678203353330256,
    "balanced accuracy": 0.590832179664667,
    "adjusted balanced accuracy": 0.1816643593293339
}
