{
    "overall": {
        "mAP": 0.25398088583492573,
        "accuracy": 0.675152749490835,
        "expected mAP": 0.25,
        "balanced accuracy": 0.23775155279503105,
        "adjusted balanced accuracy": -0.016331262939958607
    },
    "classwise": {
        "0": {
            "TN": 44,
            "FP": 170,
            "FN": 439,
            "TP": 1311,
            "AP": 0.8789553713837984,
            "recall": 0.7491428571428571,
            "precision": 0.8852126941255908,
            "specificity": 0.205607476635514,
            "accuracy": 0.689918533604888,
            "expected AP": 0.8910386965376782
        },
        "1": {
            "TN": 1756,
            "FP": 47,
            "FN": 153,
            "TP": 8,
            "AP": 0.1040296742466218,
            "recall": 0.049689440993788817,
            "precision": 0.14545454545454545,
            "specificity": 0.9739323349972269,
            "accuracy": 0.8981670061099797,
            "expected AP": 0.08197556008146639
        },
        "2": {
            "TN": 1708,
            "FP": 210,
            "FN": 39,
            "TP": 7,
            "AP": 0.028478719535018383,
            "recall": 0.15217391304347827,
            "precision": 0.03225806451612903,
            "specificity": 0.8905109489051095,
            "accuracy": 0.8732179226069247,
            "expected AP": 0.023421588594704685
        },
        "3": {
            "TN": 1746,
            "FP": 211,
            "FN": 7,
            "TP": 0,
            "AP": 0.004459778174264274,
            "recall": 0.0,
            "precision": 0.0,
            "specificity": 0.8921819110884006,
            "accuracy": 0.8890020366598778,
            "expected AP": 0.003564154786150713
        }
    }
}
