{
    "TN": 110,
    "FP": 58,
    "FN": 105,
    "TP": 106,
    "AP": 0.6683334717234817,
    "recall": 0.5023696682464455,
    "precision": 0.6463414634146342,
    "specificity": 0.6547619047619048,
    "accuracy": 0.5699208443271768,
    "expected AP": 0.5567282321899736,
    "auroc": 0.6405156849469645,
    "balanced accuracy": 0.5785657865041751,
    "adjusted balanced accuracy": 0.15713157300835023
}
