{
    "TN": 386,
    "FP": 8,
    "FN": 29,
    "TP": 4,
    "AP": 0.21223281185593593,
    "recall": 0.12121212121212122,
    "precision": 0.3333333333333333,
    "specificity": 0.9796954314720813,
    "accuracy": 0.9133489461358314,
    "expected AP": 0.07728337236533958,
    "auroc": 0.6667051222888787,
    "balanced accuracy": 0.5504537763421012,
    "adjusted balanced accuracy": 0.10090755268420248
}
