{
    "overall": {
        "mAP": 0.4265541141103228,
        "accuracy": 0.48148148148148145,
        "expected mAP": 0.25,
        "balanced accuracy": 0.31565830795584315
    },
    "classwise": {
        "0": {
            "TN": 140,
            "FP": 144,
            "FN": 35,
            "TP": 113,
            "AP": 0.6131221381368098,
            "recall": 0.7635135135135135,
            "precision": 0.4396887159533074,
            "specificity": 0.49295774647887325,
            "accuracy": 0.5856481481481481,
            "expected AP": 0.3425925925925926
        },
        "1": {
            "TN": 154,
            "FP": 65,
            "FN": 120,
            "TP": 93,
            "AP": 0.663172394063293,
            "recall": 0.43661971830985913,
            "precision": 0.5886075949367089,
            "specificity": 0.7031963470319634,
            "accuracy": 0.5717592592592593,
            "expected AP": 0.4930555555555556
        },
        "2": {
            "TN": 379,
            "FP": 14,
            "FN": 39,
            "TP": 0,
            "AP": 0.15652705225030045,
            "recall": 0.0,
            "precision": 0.0,
            "specificity": 0.9643765903307888,
            "accuracy": 0.8773148148148148,
            "expected AP": 0.09027777777777778
        },
        "3": {
            "TN": 399,
            "FP": 1,
            "FN": 30,
            "TP": 2,
            "AP": 0.273394871990888,
            "recall": 0.0625,
            "precision": 0.6666666666666666,
            "specificity": 0.9975,
            "accuracy": 0.9282407407407407,
            "expected AP": 0.07407407407407407
        }
    }
}
