{
    "TN": 896,
    "FP": 50,
    "FN": 62,
    "TP": 10,
    "AP": 0.10516118992127499,
    "recall": 0.1388888888888889,
    "precision": 0.16666666666666666,
    "specificity": 0.9471458773784355,
    "accuracy": 0.8899803536345776,
    "expected AP": 0.07072691552062868,
    "auroc": 0.5908797275076345,
    "balanced accuracy": 0.5430173831336622,
    "adjusted balanced accuracy": 0.08603476626732443
}
