{
    "overall": {
        "mAP": 0.44565368179401155,
        "accuracy": 0.5162037037037037,
        "expected mAP": 0.25,
        "balanced accuracy": 0.3312020206826545
    },
    "classwise": {
        "0": {
            "TN": 163,
            "FP": 121,
            "FN": 39,
            "TP": 109,
            "AP": 0.6894680048466326,
            "recall": 0.7364864864864865,
            "precision": 0.47391304347826085,
            "specificity": 0.573943661971831,
            "accuracy": 0.6296296296296297,
            "expected AP": 0.3425925925925926
        },
        "1": {
            "TN": 147,
            "FP": 72,
            "FN": 101,
            "TP": 112,
            "AP": 0.6924224422136482,
            "recall": 0.5258215962441315,
            "precision": 0.6086956521739131,
            "specificity": 0.6712328767123288,
            "accuracy": 0.5995370370370371,
            "expected AP": 0.4930555555555556
        },
        "2": {
            "TN": 378,
            "FP": 15,
            "FN": 39,
            "TP": 0,
            "AP": 0.14571888323818322,
            "recall": 0.0,
            "precision": 0.0,
            "specificity": 0.9618320610687023,
            "accuracy": 0.875,
            "expected AP": 0.09027777777777778
        },
        "3": {
            "TN": 399,
            "FP": 1,
            "FN": 30,
            "TP": 2,
            "AP": 0.25500539687758195,
            "recall": 0.0625,
            "precision": 0.6666666666666666,
            "specificity": 0.9975,
            "accuracy": 0.9282407407407407,
            "expected AP": 0.07407407407407407
        }
    }
}
