{
    "overall": {
        "mAP": 0.43433062851184967,
        "accuracy": 0.46296296296296297,
        "expected mAP": 0.25,
        "balanced accuracy": 0.31296988009135895
    },
    "classwise": {
        "0": {
            "TN": 112,
            "FP": 172,
            "FN": 22,
            "TP": 126,
            "AP": 0.620473042266191,
            "recall": 0.8513513513513513,
            "precision": 0.4228187919463087,
            "specificity": 0.39436619718309857,
            "accuracy": 0.5509259259259259,
            "expected AP": 0.3425925925925926
        },
        "1": {
            "TN": 176,
            "FP": 43,
            "FN": 141,
            "TP": 72,
            "AP": 0.6709747108959438,
            "recall": 0.3380281690140845,
            "precision": 0.6260869565217392,
            "specificity": 0.8036529680365296,
            "accuracy": 0.5740740740740741,
            "expected AP": 0.4930555555555556
        },
        "2": {
            "TN": 377,
            "FP": 16,
            "FN": 39,
            "TP": 0,
            "AP": 0.14871064052975314,
            "recall": 0.0,
            "precision": 0.0,
            "specificity": 0.9592875318066157,
            "accuracy": 0.8726851851851852,
            "expected AP": 0.09027777777777778
        },
        "3": {
            "TN": 399,
            "FP": 1,
            "FN": 30,
            "TP": 2,
            "AP": 0.2971641203555107,
            "recall": 0.0625,
            "precision": 0.6666666666666666,
            "specificity": 0.9975,
            "accuracy": 0.9282407407407407,
            "expected AP": 0.07407407407407407
        }
    }
}
