{
    "overall": {
        "mAP": 0.47958065530889016,
        "accuracy": 0.6319824753559693,
        "expected mAP": 0.24999999999999997,
        "balanced accuracy": 0.4279447553922576,
        "adjusted balanced accuracy": 0.2372596738563435
    },
    "classwise": {
        "0": {
            "TN": 203,
            "FP": 126,
            "FN": 100,
            "TP": 484,
            "AP": 0.895823820390419,
            "recall": 0.8287671232876712,
            "precision": 0.7934426229508197,
            "specificity": 0.6170212765957447,
            "accuracy": 0.7524644030668127,
            "expected AP": 0.6396495071193866
        },
        "1": {
            "TN": 560,
            "FP": 186,
            "FN": 91,
            "TP": 76,
            "AP": 0.2695361323371456,
            "recall": 0.4550898203592814,
            "precision": 0.2900763358778626,
            "specificity": 0.7506702412868632,
            "accuracy": 0.696604600219058,
            "expected AP": 0.1829134720700986
        },
        "2": {
            "TN": 767,
            "FP": 6,
            "FN": 131,
            "TP": 9,
            "AP": 0.3245564506866411,
            "recall": 0.06428571428571428,
            "precision": 0.6,
            "specificity": 0.9922380336351876,
            "accuracy": 0.8499452354874042,
            "expected AP": 0.1533406352683461
        },
        "3": {
            "TN": 873,
            "FP": 18,
            "FN": 14,
            "TP": 8,
            "AP": 0.42840621782135513,
            "recall": 0.36363636363636365,
            "precision": 0.3076923076923077,
            "specificity": 0.9797979797979798,
            "accuracy": 0.9649507119386638,
            "expected AP": 0.024096385542168676
        }
    }
}
