{
    "overall": {
        "mAP": 0.46011755606433424,
        "accuracy": 0.6122971818958155,
        "expected mAP": 0.25,
        "balanced accuracy": 0.40638529814169333,
        "adjusted balanced accuracy": 0.2085137308555911
    },
    "classwise": {
        "0": {
            "TN": 265,
            "FP": 171,
            "FN": 130,
            "TP": 605,
            "AP": 0.8802885707926451,
            "recall": 0.8231292517006803,
            "precision": 0.779639175257732,
            "specificity": 0.6077981651376146,
            "accuracy": 0.7429547395388557,
            "expected AP": 0.627668659265585
        },
        "1": {
            "TN": 695,
            "FP": 258,
            "FN": 123,
            "TP": 95,
            "AP": 0.258177042423137,
            "recall": 0.43577981651376146,
            "precision": 0.26912181303116145,
            "specificity": 0.7292759706190975,
            "accuracy": 0.6746370623398804,
            "expected AP": 0.18616567036720752
        },
        "2": {
            "TN": 971,
            "FP": 7,
            "FN": 184,
            "TP": 9,
            "AP": 0.31563588656474245,
            "recall": 0.046632124352331605,
            "precision": 0.5625,
            "specificity": 0.9928425357873211,
            "accuracy": 0.8368915456874466,
            "expected AP": 0.16481639624252775
        },
        "3": {
            "TN": 1128,
            "FP": 18,
            "FN": 17,
            "TP": 8,
            "AP": 0.38636872447681225,
            "recall": 0.32,
            "precision": 0.3076923076923077,
            "specificity": 0.9842931937172775,
            "accuracy": 0.9701110162254484,
            "expected AP": 0.02134927412467976
        }
    }
}
