{
    "overall": {
        "mAP": 0.4426162675124942,
        "accuracy": 0.40046838407494145,
        "expected mAP": 0.25,
        "balanced accuracy": 0.3096042471042471,
        "adjusted balanced accuracy": 0.07947232947232948
    },
    "classwise": {
        "0": {
            "TN": 41,
            "FP": 238,
            "FN": 7,
            "TP": 141,
            "AP": 0.5331578645278613,
            "recall": 0.9527027027027027,
            "precision": 0.3720316622691293,
            "specificity": 0.14695340501792115,
            "accuracy": 0.4262295081967213,
            "expected AP": 0.34660421545667447
        },
        "1": {
            "TN": 201,
            "FP": 16,
            "FN": 185,
            "TP": 25,
            "AP": 0.5907676448395939,
            "recall": 0.11904761904761904,
            "precision": 0.6097560975609756,
            "specificity": 0.9262672811059908,
            "accuracy": 0.5292740046838408,
            "expected AP": 0.4918032786885246
        },
        "2": {
            "TN": 387,
            "FP": 1,
            "FN": 39,
            "TP": 0,
            "AP": 0.13350447794943343,
            "recall": 0.0,
            "precision": 0.0,
            "specificity": 0.9974226804123711,
            "accuracy": 0.9063231850117096,
            "expected AP": 0.09133489461358314
        },
        "3": {
            "TN": 396,
            "FP": 1,
            "FN": 25,
            "TP": 5,
            "AP": 0.5130350827330883,
            "recall": 0.16666666666666666,
            "precision": 0.8333333333333334,
            "specificity": 0.9974811083123426,
            "accuracy": 0.9391100702576113,
            "expected AP": 0.0702576112412178
        }
    }
}
