{
    "TN": 1590,
    "FP": 405,
    "FN": 353,
    "TP": 337,
    "AP": 0.41212672993718735,
    "recall": 0.48840579710144927,
    "precision": 0.45417789757412397,
    "specificity": 0.7969924812030075,
    "accuracy": 0.7176908752327746,
    "expected AP": 0.2569832402234637,
    "auroc": 0.6780817986996476,
    "balanced accuracy": 0.6426991391522283,
    "adjusted balanced accuracy": 0.28539827830445663
}
