{
    "overall": {
        "mAP": 0.46545727387370744,
        "accuracy": 0.47687754347021827,
        "expected mAP": 0.25
    },
    "classwise": {
        "0": {
            "TN": 4127,
            "FP": 5031,
            "FN": 857,
            "TP": 3500,
            "AP": 0.5365321658012798,
            "recall": 0.803305026394308,
            "precision": 0.4102684327745868,
            "specificity": 0.4506442454684429,
            "accuracy": 0.5643359230484647,
            "expected AP": 0.3223825379208287
        },
        "1": {
            "TN": 5296,
            "FP": 1845,
            "FN": 3764,
            "TP": 2610,
            "AP": 0.5579686777788145,
            "recall": 0.4094759962347035,
            "precision": 0.5858585858585859,
            "specificity": 0.741632824534379,
            "accuracy": 0.5849796522382538,
            "expected AP": 0.4716241213466519
        },
        "2": {
            "TN": 11367,
            "FP": 183,
            "FN": 1861,
            "TP": 104,
            "AP": 0.208783597515111,
            "recall": 0.05292620865139949,
            "precision": 0.3623693379790941,
            "specificity": 0.9841558441558441,
            "accuracy": 0.8487606363300036,
            "expected AP": 0.1453940066592675
        },
        "3": {
            "TN": 12685,
            "FP": 11,
            "FN": 588,
            "TP": 231,
            "AP": 0.5585446543996244,
            "recall": 0.28205128205128205,
            "precision": 0.9545454545454546,
            "specificity": 0.9991335853812224,
            "accuracy": 0.9556788753237144,
            "expected AP": 0.060599334073251944
        }
    }
}
