{
    "TN": 613,
    "FP": 111,
    "FN": 165,
    "TP": 107,
    "AP": 0.49388641110295617,
    "recall": 0.39338235294117646,
    "precision": 0.4908256880733945,
    "specificity": 0.8466850828729282,
    "accuracy": 0.7228915662650602,
    "expected AP": 0.27309236947791166,
    "auroc": 0.7287841241468964,
    "balanced accuracy": 0.6200337179070523,
    "adjusted balanced accuracy": 0.2400674358141046
}
