{
    "overall": {
        "mAP": 0.48038292571241886,
        "accuracy": 0.4215456674473068,
        "expected mAP": 0.25,
        "balanced accuracy": 0.3501200376200376,
        "adjusted balanced accuracy": 0.1334933834933835
    },
    "classwise": {
        "0": {
            "TN": 66,
            "FP": 213,
            "FN": 15,
            "TP": 133,
            "AP": 0.4701050070234597,
            "recall": 0.8986486486486487,
            "precision": 0.38439306358381503,
            "specificity": 0.23655913978494625,
            "accuracy": 0.46604215456674475,
            "expected AP": 0.34660421545667447
        },
        "1": {
            "TN": 188,
            "FP": 29,
            "FN": 173,
            "TP": 37,
            "AP": 0.5633503834373994,
            "recall": 0.1761904761904762,
            "precision": 0.5606060606060606,
            "specificity": 0.8663594470046083,
            "accuracy": 0.5269320843091335,
            "expected AP": 0.4918032786885246
        },
        "2": {
            "TN": 383,
            "FP": 5,
            "FN": 38,
            "TP": 1,
            "AP": 0.12424867846134495,
            "recall": 0.02564102564102564,
            "precision": 0.16666666666666666,
            "specificity": 0.9871134020618557,
            "accuracy": 0.8992974238875878,
            "expected AP": 0.09133489461358314
        },
        "3": {
            "TN": 397,
            "FP": 0,
            "FN": 21,
            "TP": 9,
            "AP": 0.7638276339274712,
            "recall": 0.3,
            "precision": 1.0,
            "specificity": 1.0,
            "accuracy": 0.9508196721311475,
            "expected AP": 0.0702576112412178
        }
    }
}
