{
    "overall": {
        "mAP": 0.4833733330913342,
        "accuracy": 0.47413984461709213,
        "expected mAP": 0.25
    },
    "classwise": {
        "0": {
            "TN": 4006,
            "FP": 5152,
            "FN": 590,
            "TP": 3767,
            "AP": 0.549494739620267,
            "recall": 0.8645857241221023,
            "precision": 0.4223567664536383,
            "specificity": 0.4374317536580039,
            "accuracy": 0.5751387347391786,
            "expected AP": 0.3223825379208287
        },
        "1": {
            "TN": 5449,
            "FP": 1692,
            "FN": 4100,
            "TP": 2274,
            "AP": 0.5727736035485131,
            "recall": 0.3567618449952934,
            "precision": 0.573373676248109,
            "specificity": 0.7630583951827475,
            "accuracy": 0.5714391416944136,
            "expected AP": 0.4716241213466519
        },
        "2": {
            "TN": 11293,
            "FP": 257,
            "FN": 1840,
            "TP": 125,
            "AP": 0.20529773291326164,
            "recall": 0.06361323155216285,
            "precision": 0.32722513089005234,
            "specificity": 0.9777489177489177,
            "accuracy": 0.8448390677025527,
            "expected AP": 0.1453940066592675
        },
        "3": {
            "TN": 12690,
            "FP": 6,
            "FN": 577,
            "TP": 242,
            "AP": 0.6059272562832949,
            "recall": 0.2954822954822955,
            "precision": 0.9758064516129032,
            "specificity": 0.9995274102079396,
            "accuracy": 0.9568627450980393,
            "expected AP": 0.060599334073251944
        }
    }
}
