{
    "overall": {
        "mAP": 0.48838236227424153,
        "accuracy": 0.42857142857142855,
        "expected mAP": 0.25,
        "balanced accuracy": 0.34797297297297297,
        "adjusted balanced accuracy": 0.13063063063063063
    },
    "classwise": {
        "0": {
            "TN": 67,
            "FP": 212,
            "FN": 16,
            "TP": 132,
            "AP": 0.4949819049567028,
            "recall": 0.8918918918918919,
            "precision": 0.38372093023255816,
            "specificity": 0.24014336917562723,
            "accuracy": 0.46604215456674475,
            "expected AP": 0.34660421545667447
        },
        "1": {
            "TN": 190,
            "FP": 27,
            "FN": 168,
            "TP": 42,
            "AP": 0.5948339123918249,
            "recall": 0.2,
            "precision": 0.6086956521739131,
            "specificity": 0.8755760368663594,
            "accuracy": 0.5433255269320844,
            "expected AP": 0.4918032786885246
        },
        "2": {
            "TN": 383,
            "FP": 5,
            "FN": 39,
            "TP": 0,
            "AP": 0.14278719231968046,
            "recall": 0.0,
            "precision": 0.0,
            "specificity": 0.9871134020618557,
            "accuracy": 0.8969555035128806,
            "expected AP": 0.09133489461358314
        },
        "3": {
            "TN": 397,
            "FP": 0,
            "FN": 21,
            "TP": 9,
            "AP": 0.720926439428758,
            "recall": 0.3,
            "precision": 1.0,
            "specificity": 1.0,
            "accuracy": 0.9508196721311475,
            "expected AP": 0.0702576112412178
        }
    }
}
