{
    "TN": 109,
    "FP": 59,
    "FN": 118,
    "TP": 93,
    "AP": 0.6365560934284038,
    "recall": 0.44075829383886256,
    "precision": 0.6118421052631579,
    "specificity": 0.6488095238095238,
    "accuracy": 0.5329815303430079,
    "expected AP": 0.5567282321899736,
    "auroc": 0.6128836605732341,
    "balanced accuracy": 0.5447839088241933,
    "adjusted balanced accuracy": 0.0895678176483865
}
