{
    "TN": 103,
    "FP": 65,
    "FN": 89,
    "TP": 122,
    "AP": 0.6934302503595278,
    "recall": 0.5781990521327014,
    "precision": 0.6524064171122995,
    "specificity": 0.6130952380952381,
    "accuracy": 0.5936675461741425,
    "expected AP": 0.5567282321899736,
    "auroc": 0.6482171067479124,
    "balanced accuracy": 0.5956471451139698,
    "adjusted balanced accuracy": 0.19129429022793953
}
