{
    "TN": 913,
    "FP": 33,
    "FN": 62,
    "TP": 10,
    "AP": 0.15116937046505383,
    "recall": 0.1388888888888889,
    "precision": 0.23255813953488372,
    "specificity": 0.9651162790697675,
    "accuracy": 0.906679764243615,
    "expected AP": 0.07072691552062868,
    "auroc": 0.6387273901808785,
    "balanced accuracy": 0.5520025839793282,
    "adjusted balanced accuracy": 0.10400516795865644
}
