{
    "overall": {
        "mAP": 0.47844992291153643,
        "accuracy": 0.4916759156492786,
        "expected mAP": 0.25
    },
    "classwise": {
        "0": {
            "TN": 4446,
            "FP": 4712,
            "FN": 720,
            "TP": 3637,
            "AP": 0.5462752639257175,
            "recall": 0.8347486802845995,
            "precision": 0.4356210324589771,
            "specificity": 0.4854771784232365,
            "accuracy": 0.5980762116167222,
            "expected AP": 0.3223825379208287
        },
        "1": {
            "TN": 5202,
            "FP": 1939,
            "FN": 3744,
            "TP": 2630,
            "AP": 0.562969082732265,
            "recall": 0.4126137433322874,
            "precision": 0.5756182972203984,
            "specificity": 0.7284694020445316,
            "accuracy": 0.5795042545320015,
            "expected AP": 0.4716241213466519
        },
        "2": {
            "TN": 11336,
            "FP": 214,
            "FN": 1835,
            "TP": 130,
            "AP": 0.1911948107431782,
            "recall": 0.06615776081424936,
            "precision": 0.37790697674418605,
            "specificity": 0.9814718614718615,
            "accuracy": 0.8483906770255272,
            "expected AP": 0.1453940066592675
        },
        "3": {
            "TN": 12691,
            "FP": 5,
            "FN": 571,
            "TP": 248,
            "AP": 0.6133605342449852,
            "recall": 0.3028083028083028,
            "precision": 0.9802371541501976,
            "specificity": 0.9996061751732829,
            "accuracy": 0.9573806881243063,
            "expected AP": 0.060599334073251944
        }
    }
}
