{
    "TN": 874,
    "FP": 226,
    "FN": 56,
    "TP": 20,
    "AP": 0.08029037445891402,
    "recall": 0.2631578947368421,
    "precision": 0.08130081300813008,
    "specificity": 0.7945454545454546,
    "accuracy": 0.7602040816326531,
    "expected AP": 0.06462585034013606,
    "auroc": 0.5593181818181818,
    "balanced accuracy": 0.5288516746411484,
    "adjusted balanced accuracy": 0.0577033492822967
}
