{
    "TN": 1224,
    "FP": 349,
    "FN": 181,
    "TP": 413,
    "AP": 0.6021532285200251,
    "recall": 0.6952861952861953,
    "precision": 0.541994750656168,
    "specificity": 0.7781309599491417,
    "accuracy": 0.7554222427318874,
    "expected AP": 0.27411167512690354,
    "auroc": 0.821575577773925,
    "balanced accuracy": 0.7367085776176685,
    "adjusted balanced accuracy": 0.473417155235337
}
