{
    "TN": 5740,
    "FP": 151,
    "FN": 81,
    "TP": 3142,
    "AP": 0.9929574965831051,
    "recall": 0.9748681352776916,
    "precision": 0.9541451563923474,
    "specificity": 0.9743676795111187,
    "accuracy": 0.9745446565723064,
    "expected AP": 0.35363177529076145,
    "auroc": 0.996324636417727,
    "balanced accuracy": 0.9746179073944051,
    "adjusted balanced accuracy": 0.9492358147888103
}
