{
    "overall": {
        "mAP": 0.4726653776950899,
        "accuracy": 0.4168618266978923,
        "expected mAP": 0.25,
        "balanced accuracy": 0.34966216216216217,
        "adjusted balanced accuracy": 0.13288288288288289
    },
    "classwise": {
        "0": {
            "TN": 60,
            "FP": 219,
            "FN": 15,
            "TP": 133,
            "AP": 0.4660819239932003,
            "recall": 0.8986486486486487,
            "precision": 0.3778409090909091,
            "specificity": 0.21505376344086022,
            "accuracy": 0.4519906323185012,
            "expected AP": 0.34660421545667447
        },
        "1": {
            "TN": 193,
            "FP": 24,
            "FN": 175,
            "TP": 35,
            "AP": 0.5603756826542382,
            "recall": 0.16666666666666666,
            "precision": 0.5932203389830508,
            "specificity": 0.8894009216589862,
            "accuracy": 0.5339578454332553,
            "expected AP": 0.4918032786885246
        },
        "2": {
            "TN": 383,
            "FP": 5,
            "FN": 39,
            "TP": 0,
            "AP": 0.13955329935623145,
            "recall": 0.0,
            "precision": 0.0,
            "specificity": 0.9871134020618557,
            "accuracy": 0.8969555035128806,
            "expected AP": 0.09133489461358314
        },
        "3": {
            "TN": 396,
            "FP": 1,
            "FN": 20,
            "TP": 10,
            "AP": 0.7246506047766899,
            "recall": 0.3333333333333333,
            "precision": 0.9090909090909091,
            "specificity": 0.9974811083123426,
            "accuracy": 0.9508196721311475,
            "expected AP": 0.0702576112412178
        }
    }
}
