{
    "overall": {
        "mAP": 0.45665485339870165,
        "accuracy": 0.41217798594847777,
        "expected mAP": 0.25,
        "balanced accuracy": 0.32236164736164735,
        "adjusted balanced accuracy": 0.09648219648219647
    },
    "classwise": {
        "0": {
            "TN": 70,
            "FP": 209,
            "FN": 22,
            "TP": 126,
            "AP": 0.47564875538332224,
            "recall": 0.8513513513513513,
            "precision": 0.3761194029850746,
            "specificity": 0.25089605734767023,
            "accuracy": 0.45901639344262296,
            "expected AP": 0.34660421545667447
        },
        "1": {
            "TN": 180,
            "FP": 37,
            "FN": 167,
            "TP": 43,
            "AP": 0.5683974348528869,
            "recall": 0.20476190476190476,
            "precision": 0.5375,
            "specificity": 0.8294930875576036,
            "accuracy": 0.522248243559719,
            "expected AP": 0.4918032786885246
        },
        "2": {
            "TN": 383,
            "FP": 5,
            "FN": 39,
            "TP": 0,
            "AP": 0.1245345944006862,
            "recall": 0.0,
            "precision": 0.0,
            "specificity": 0.9871134020618557,
            "accuracy": 0.8969555035128806,
            "expected AP": 0.09133489461358314
        },
        "3": {
            "TN": 397,
            "FP": 0,
            "FN": 23,
            "TP": 7,
            "AP": 0.6580386289579114,
            "recall": 0.23333333333333334,
            "precision": 1.0,
            "specificity": 1.0,
            "accuracy": 0.9461358313817331,
            "expected AP": 0.0702576112412178
        }
    }
}
