{
    "TN": 115,
    "FP": 53,
    "FN": 103,
    "TP": 108,
    "AP": 0.6591790944238446,
    "recall": 0.5118483412322274,
    "precision": 0.6708074534161491,
    "specificity": 0.6845238095238095,
    "accuracy": 0.5883905013192612,
    "expected AP": 0.5567282321899736,
    "auroc": 0.6420108327691266,
    "balanced accuracy": 0.5981860753780185,
    "adjusted balanced accuracy": 0.19637215075603698
}
