{
    "TN": 115,
    "FP": 53,
    "FN": 113,
    "TP": 98,
    "AP": 0.6474827564746093,
    "recall": 0.46445497630331756,
    "precision": 0.6490066225165563,
    "specificity": 0.6845238095238095,
    "accuracy": 0.5620052770448549,
    "expected AP": 0.5567282321899736,
    "auroc": 0.6247602121417287,
    "balanced accuracy": 0.5744893929135635,
    "adjusted balanced accuracy": 0.14897878582712698
}
