{
    "TN": 4216,
    "FP": 713,
    "FN": 4054,
    "TP": 1882,
    "AP": 0.6811187394023713,
    "recall": 0.3170485175202156,
    "precision": 0.7252408477842004,
    "specificity": 0.8553459119496856,
    "accuracy": 0.5612517257248044,
    "expected AP": 0.5463414634146342,
    "auroc": 0.6386496539267299,
    "balanced accuracy": 0.5861972147349506,
    "adjusted balanced accuracy": 0.17239442946990113
}
