{
    "TN": 1055,
    "FP": 45,
    "FN": 70,
    "TP": 6,
    "AP": 0.11335287364736425,
    "recall": 0.07894736842105263,
    "precision": 0.11764705882352941,
    "specificity": 0.9590909090909091,
    "accuracy": 0.9022108843537415,
    "expected AP": 0.06462585034013606,
    "auroc": 0.6763098086124402,
    "balanced accuracy": 0.5190191387559808,
    "adjusted balanced accuracy": 0.03803827751196165
}
