{
    "TN": 821,
    "FP": 34,
    "FN": 57,
    "TP": 6,
    "AP": 0.12690215632030383,
    "recall": 0.09523809523809523,
    "precision": 0.15,
    "specificity": 0.960233918128655,
    "accuracy": 0.900871459694989,
    "expected AP": 0.06862745098039216,
    "auroc": 0.6796714007240323,
    "balanced accuracy": 0.5277360066833752,
    "adjusted balanced accuracy": 0.05547201336675034
}
