{
    "TN": 1039,
    "FP": 61,
    "FN": 54,
    "TP": 22,
    "AP": 0.16703225077154596,
    "recall": 0.2894736842105263,
    "precision": 0.26506024096385544,
    "specificity": 0.9445454545454546,
    "accuracy": 0.9022108843537415,
    "expected AP": 0.06462585034013606,
    "auroc": 0.6769736842105264,
    "balanced accuracy": 0.6170095693779905,
    "adjusted balanced accuracy": 0.2340191387559809
}
