{
    "overall": {
        "mAP": 0.48697443579965044,
        "accuracy": 0.5370370370370371,
        "expected mAP": 0.25,
        "balanced accuracy": 0.36683657689379523
    },
    "classwise": {
        "0": {
            "TN": 142,
            "FP": 142,
            "FN": 29,
            "TP": 119,
            "AP": 0.6770336309899988,
            "recall": 0.8040540540540541,
            "precision": 0.4559386973180077,
            "specificity": 0.5,
            "accuracy": 0.6041666666666666,
            "expected AP": 0.3425925925925926
        },
        "1": {
            "TN": 177,
            "FP": 42,
            "FN": 105,
            "TP": 108,
            "AP": 0.7113720104883563,
            "recall": 0.5070422535211268,
            "precision": 0.72,
            "specificity": 0.8082191780821918,
            "accuracy": 0.6597222222222222,
            "expected AP": 0.4930555555555556
        },
        "2": {
            "TN": 386,
            "FP": 7,
            "FN": 39,
            "TP": 0,
            "AP": 0.18617057244247648,
            "recall": 0.0,
            "precision": 0.0,
            "specificity": 0.9821882951653944,
            "accuracy": 0.8935185185185185,
            "expected AP": 0.09027777777777778
        },
        "3": {
            "TN": 391,
            "FP": 9,
            "FN": 27,
            "TP": 5,
            "AP": 0.3733215292777703,
            "recall": 0.15625,
            "precision": 0.35714285714285715,
            "specificity": 0.9775,
            "accuracy": 0.9166666666666666,
            "expected AP": 0.07407407407407407
        }
    }
}
