{
    "overall": {
        "mAP": 0.3861799098687265,
        "accuracy": 0.6998563906175204,
        "expected mAP": 0.25,
        "balanced accuracy": 0.33611484383980844,
        "adjusted balanced accuracy": 0.11481979178641126
    },
    "classwise": {
        "0": {
            "TN": 250,
            "FP": 374,
            "FN": 96,
            "TP": 1369,
            "AP": 0.8785799636025264,
            "recall": 0.9344709897610921,
            "precision": 0.7854274239816409,
            "specificity": 0.40064102564102566,
            "accuracy": 0.77501196744854,
            "expected AP": 0.7012924844423168
        },
        "1": {
            "TN": 1548,
            "FP": 163,
            "FN": 306,
            "TP": 72,
            "AP": 0.2459851755214447,
            "recall": 0.19047619047619047,
            "precision": 0.30638297872340425,
            "specificity": 0.9047340736411456,
            "accuracy": 0.7754906653901388,
            "expected AP": 0.18094782192436573
        },
        "2": {
            "TN": 1868,
            "FP": 16,
            "FN": 190,
            "TP": 15,
            "AP": 0.35325610073148317,
            "recall": 0.07317073170731707,
            "precision": 0.4838709677419355,
            "specificity": 0.9915074309978769,
            "accuracy": 0.9013882240306367,
            "expected AP": 0.09813307802776448
        },
        "3": {
            "TN": 1974,
            "FP": 74,
            "FN": 35,
            "TP": 6,
            "AP": 0.0668983996194518,
            "recall": 0.14634146341463414,
            "precision": 0.075,
            "specificity": 0.9638671875,
            "accuracy": 0.9478219243657252,
            "expected AP": 0.019626615605552896
        }
    }
}
