{
    "overall": {
        "mAP": 0.46231582713831765,
        "accuracy": 0.5083240843507214,
        "expected mAP": 0.25
    },
    "classwise": {
        "0": {
            "TN": 5427,
            "FP": 3731,
            "FN": 1369,
            "TP": 2988,
            "AP": 0.4886324856575649,
            "recall": 0.685792976818912,
            "precision": 0.44470903408245277,
            "specificity": 0.5925966368202664,
            "accuracy": 0.6226415094339622,
            "expected AP": 0.3223825379208287
        },
        "1": {
            "TN": 4611,
            "FP": 2530,
            "FN": 2886,
            "TP": 3488,
            "AP": 0.5581047871911111,
            "recall": 0.5472230938186382,
            "precision": 0.5795945496842805,
            "specificity": 0.6457078840498529,
            "accuracy": 0.599260081391047,
            "expected AP": 0.4716241213466519
        },
        "2": {
            "TN": 11193,
            "FP": 357,
            "FN": 1853,
            "TP": 112,
            "AP": 0.1971549447738185,
            "recall": 0.056997455470737916,
            "precision": 0.23880597014925373,
            "specificity": 0.9690909090909091,
            "accuracy": 0.8364779874213837,
            "expected AP": 0.1453940066592675
        },
        "3": {
            "TN": 12669,
            "FP": 27,
            "FN": 537,
            "TP": 282,
            "AP": 0.6053710909307762,
            "recall": 0.3443223443223443,
            "precision": 0.912621359223301,
            "specificity": 0.9978733459357277,
            "accuracy": 0.95826859045505,
            "expected AP": 0.060599334073251944
        }
    }
}
