{
    "overall": {
        "mAP": 0.4758613608046107,
        "accuracy": 0.41217798594847777,
        "expected mAP": 0.25,
        "balanced accuracy": 0.3212033462033462,
        "adjusted balanced accuracy": 0.0949377949377949
    },
    "classwise": {
        "0": {
            "TN": 58,
            "FP": 221,
            "FN": 10,
            "TP": 138,
            "AP": 0.5152263447245786,
            "recall": 0.9324324324324325,
            "precision": 0.38440111420612816,
            "specificity": 0.2078853046594982,
            "accuracy": 0.45901639344262296,
            "expected AP": 0.34660421545667447
        },
        "1": {
            "TN": 193,
            "FP": 24,
            "FN": 178,
            "TP": 32,
            "AP": 0.5702324771754864,
            "recall": 0.1523809523809524,
            "precision": 0.5714285714285714,
            "specificity": 0.8894009216589862,
            "accuracy": 0.5269320843091335,
            "expected AP": 0.4918032786885246
        },
        "2": {
            "TN": 382,
            "FP": 6,
            "FN": 39,
            "TP": 0,
            "AP": 0.14825137795411555,
            "recall": 0.0,
            "precision": 0.0,
            "specificity": 0.9845360824742269,
            "accuracy": 0.8946135831381733,
            "expected AP": 0.09133489461358314
        },
        "3": {
            "TN": 397,
            "FP": 0,
            "FN": 24,
            "TP": 6,
            "AP": 0.6697352433642625,
            "recall": 0.2,
            "precision": 1.0,
            "specificity": 1.0,
            "accuracy": 0.9437939110070258,
            "expected AP": 0.0702576112412178
        }
    }
}
