{
    "overall": {
        "mAP": 0.4929459362699803,
        "accuracy": 0.5772179627601315,
        "expected mAP": 0.24999999999999997,
        "balanced accuracy": 0.483816941814645,
        "adjusted balanced accuracy": 0.3117559224195267
    },
    "classwise": {
        "0": {
            "TN": 254,
            "FP": 75,
            "FN": 196,
            "TP": 388,
            "AP": 0.8698948313833246,
            "recall": 0.6643835616438356,
            "precision": 0.838012958963283,
            "specificity": 0.7720364741641338,
            "accuracy": 0.7031763417305587,
            "expected AP": 0.6396495071193866
        },
        "1": {
            "TN": 489,
            "FP": 257,
            "FN": 76,
            "TP": 91,
            "AP": 0.28890228641158044,
            "recall": 0.5449101796407185,
            "precision": 0.2614942528735632,
            "specificity": 0.6554959785522788,
            "accuracy": 0.6352683461117196,
            "expected AP": 0.1829134720700986
        },
        "2": {
            "TN": 731,
            "FP": 42,
            "FN": 102,
            "TP": 38,
            "AP": 0.428676305792162,
            "recall": 0.2714285714285714,
            "precision": 0.475,
            "specificity": 0.9456662354463131,
            "accuracy": 0.8422782037239869,
            "expected AP": 0.1533406352683461
        },
        "3": {
            "TN": 879,
            "FP": 12,
            "FN": 12,
            "TP": 10,
            "AP": 0.3843103214928542,
            "recall": 0.45454545454545453,
            "precision": 0.45454545454545453,
            "specificity": 0.9865319865319865,
            "accuracy": 0.9737130339539978,
            "expected AP": 0.024096385542168676
        }
    }
}
