{
    "overall": {
        "mAP": 0.4894949448804703,
        "accuracy": 0.5764304013663536,
        "expected mAP": 0.25,
        "balanced accuracy": 0.4749513975861771,
        "adjusted balanced accuracy": 0.2999351967815695
    },
    "classwise": {
        "0": {
            "TN": 335,
            "FP": 101,
            "FN": 243,
            "TP": 492,
            "AP": 0.8591671508105965,
            "recall": 0.6693877551020408,
            "precision": 0.8296795952782462,
            "specificity": 0.768348623853211,
            "accuracy": 0.7062339880444065,
            "expected AP": 0.627668659265585
        },
        "1": {
            "TN": 625,
            "FP": 328,
            "FN": 107,
            "TP": 111,
            "AP": 0.26613403179784245,
            "recall": 0.5091743119266054,
            "precision": 0.2528473804100228,
            "specificity": 0.6558237145855194,
            "accuracy": 0.6285226302305722,
            "expected AP": 0.18616567036720752
        },
        "2": {
            "TN": 925,
            "FP": 53,
            "FN": 131,
            "TP": 62,
            "AP": 0.4860701516537795,
            "recall": 0.32124352331606215,
            "precision": 0.5391304347826087,
            "specificity": 0.9458077709611452,
            "accuracy": 0.842869342442357,
            "expected AP": 0.16481639624252775
        },
        "3": {
            "TN": 1132,
            "FP": 14,
            "FN": 15,
            "TP": 10,
            "AP": 0.3466084452596626,
            "recall": 0.4,
            "precision": 0.4166666666666667,
            "specificity": 0.987783595113438,
            "accuracy": 0.9752348420153715,
            "expected AP": 0.02134927412467976
        }
    }
}
