{
    "overall": {
        "mAP": 0.4703786695003612,
        "accuracy": 0.4631150573436922,
        "expected mAP": 0.25
    },
    "classwise": {
        "0": {
            "TN": 3730,
            "FP": 5428,
            "FN": 589,
            "TP": 3768,
            "AP": 0.5241515562856462,
            "recall": 0.8648152398439293,
            "precision": 0.40974336668116573,
            "specificity": 0.40729416903253984,
            "accuracy": 0.5547909729929708,
            "expected AP": 0.3223825379208287
        },
        "1": {
            "TN": 5573,
            "FP": 1568,
            "FN": 4248,
            "TP": 2126,
            "AP": 0.5690605469046528,
            "recall": 0.33354251647317223,
            "precision": 0.5755278830536005,
            "specificity": 0.7804229099565887,
            "accuracy": 0.5696633370329264,
            "expected AP": 0.4716241213466519
        },
        "2": {
            "TN": 11297,
            "FP": 253,
            "FN": 1842,
            "TP": 123,
            "AP": 0.19789238602717513,
            "recall": 0.06259541984732825,
            "precision": 0.3271276595744681,
            "specificity": 0.9780952380952381,
            "accuracy": 0.8449870514243433,
            "expected AP": 0.1453940066592675
        },
        "3": {
            "TN": 12689,
            "FP": 7,
            "FN": 577,
            "TP": 242,
            "AP": 0.5904101887839709,
            "recall": 0.2954822954822955,
            "precision": 0.9718875502008032,
            "specificity": 0.9994486452425961,
            "accuracy": 0.956788753237144,
            "expected AP": 0.060599334073251944
        }
    }
}
