{
    "overall": {
        "mAP": 0.4769114079375556,
        "accuracy": 0.42857142857142855,
        "expected mAP": 0.25,
        "balanced accuracy": 0.3541184041184041,
        "adjusted balanced accuracy": 0.13882453882453882
    },
    "classwise": {
        "0": {
            "TN": 66,
            "FP": 213,
            "FN": 18,
            "TP": 130,
            "AP": 0.4929356584267566,
            "recall": 0.8783783783783784,
            "precision": 0.37900874635568516,
            "specificity": 0.23655913978494625,
            "accuracy": 0.45901639344262296,
            "expected AP": 0.34660421545667447
        },
        "1": {
            "TN": 190,
            "FP": 27,
            "FN": 167,
            "TP": 43,
            "AP": 0.5906485861133852,
            "recall": 0.20476190476190476,
            "precision": 0.6142857142857143,
            "specificity": 0.8755760368663594,
            "accuracy": 0.5456674473067916,
            "expected AP": 0.4918032786885246
        },
        "2": {
            "TN": 385,
            "FP": 3,
            "FN": 39,
            "TP": 0,
            "AP": 0.09568005846767522,
            "recall": 0.0,
            "precision": 0.0,
            "specificity": 0.9922680412371134,
            "accuracy": 0.9016393442622951,
            "expected AP": 0.09133489461358314
        },
        "3": {
            "TN": 396,
            "FP": 1,
            "FN": 20,
            "TP": 10,
            "AP": 0.7283813287424054,
            "recall": 0.3333333333333333,
            "precision": 0.9090909090909091,
            "specificity": 0.9974811083123426,
            "accuracy": 0.9508196721311475,
            "expected AP": 0.0702576112412178
        }
    }
}
