{
    "overall": {
        "mAP": 0.2806044367490271,
        "accuracy": 0.6878818737270875,
        "expected mAP": 0.25,
        "balanced accuracy": 0.28680745341614905,
        "adjusted balanced accuracy": 0.0490766045548654
    },
    "classwise": {
        "0": {
            "TN": 78,
            "FP": 136,
            "FN": 438,
            "TP": 1312,
            "AP": 0.9003311371719184,
            "recall": 0.7497142857142857,
            "precision": 0.9060773480662984,
            "specificity": 0.3644859813084112,
            "accuracy": 0.7077393075356415,
            "expected AP": 0.8910386965376782
        },
        "1": {
            "TN": 1750,
            "FP": 53,
            "FN": 132,
            "TP": 29,
            "AP": 0.1882587307772907,
            "recall": 0.18012422360248448,
            "precision": 0.35365853658536583,
            "specificity": 0.9706045479755963,
            "accuracy": 0.9058044806517311,
            "expected AP": 0.08197556008146639
        },
        "2": {
            "TN": 1509,
            "FP": 409,
            "FN": 36,
            "TP": 10,
            "AP": 0.0249472720529059,
            "recall": 0.21739130434782608,
            "precision": 0.02386634844868735,
            "specificity": 0.7867570385818561,
            "accuracy": 0.7734215885947047,
            "expected AP": 0.023421588594704685
        },
        "3": {
            "TN": 1942,
            "FP": 15,
            "FN": 7,
            "TP": 0,
            "AP": 0.008880606993993505,
            "recall": 0.0,
            "precision": 0.0,
            "specificity": 0.9923352069494124,
            "accuracy": 0.9887983706720977,
            "expected AP": 0.003564154786150713
        }
    }
}
