{
    "overall": {
        "mAP": 0.45056973871611966,
        "accuracy": 0.47184609692933777,
        "expected mAP": 0.25
    },
    "classwise": {
        "0": {
            "TN": 4257,
            "FP": 4901,
            "FN": 870,
            "TP": 3487,
            "AP": 0.4862411036719746,
            "recall": 0.8003213220105577,
            "precision": 0.41571292322365283,
            "specificity": 0.46483948460362523,
            "accuracy": 0.572992970773215,
            "expected AP": 0.3223825379208287
        },
        "1": {
            "TN": 5242,
            "FP": 1899,
            "FN": 3869,
            "TP": 2505,
            "AP": 0.5468044576422431,
            "recall": 0.39300282397238784,
            "precision": 0.5688010899182562,
            "specificity": 0.73407085842319,
            "accuracy": 0.5732149463559009,
            "expected AP": 0.4716241213466519
        },
        "2": {
            "TN": 11247,
            "FP": 303,
            "FN": 1849,
            "TP": 116,
            "AP": 0.18670237967070757,
            "recall": 0.059033078880407125,
            "precision": 0.27684964200477324,
            "specificity": 0.9737662337662337,
            "accuracy": 0.8407695153533111,
            "expected AP": 0.1453940066592675
        },
        "3": {
            "TN": 12661,
            "FP": 35,
            "FN": 550,
            "TP": 269,
            "AP": 0.5825310138795532,
            "recall": 0.32844932844932845,
            "precision": 0.8848684210526315,
            "specificity": 0.9972432262129804,
            "accuracy": 0.9567147613762487,
            "expected AP": 0.060599334073251944
        }
    }
}
