{
    "TN": 974,
    "FP": 38,
    "FN": 51,
    "TP": 24,
    "AP": 0.2197118221155125,
    "recall": 0.32,
    "precision": 0.3870967741935484,
    "specificity": 0.9624505928853755,
    "accuracy": 0.9181232750689973,
    "expected AP": 0.06899724011039558,
    "auroc": 0.6441304347826087,
    "balanced accuracy": 0.6412252964426878,
    "adjusted balanced accuracy": 0.28245059288537555
}
