{
    "TN": 558,
    "FP": 166,
    "FN": 111,
    "TP": 161,
    "AP": 0.5259894826082305,
    "recall": 0.5919117647058824,
    "precision": 0.4923547400611621,
    "specificity": 0.7707182320441989,
    "accuracy": 0.7218875502008032,
    "expected AP": 0.27309236947791166,
    "auroc": 0.7580460879103021,
    "balanced accuracy": 0.6813149983750406,
    "adjusted balanced accuracy": 0.36262999675008123
}
