{
    "TN": 418,
    "FP": 117,
    "FN": 86,
    "TP": 117,
    "AP": 0.5061369294565726,
    "recall": 0.5763546798029556,
    "precision": 0.5,
    "specificity": 0.7813084112149533,
    "accuracy": 0.7249322493224932,
    "expected AP": 0.2750677506775068,
    "auroc": 0.747921366419594,
    "balanced accuracy": 0.6788315455089544,
    "adjusted balanced accuracy": 0.35766309101790883
}
