{
    "overall": {
        "mAP": 0.47963190789159216,
        "accuracy": 0.4887902330743618,
        "expected mAP": 0.25
    },
    "classwise": {
        "0": {
            "TN": 4259,
            "FP": 4899,
            "FN": 872,
            "TP": 3485,
            "AP": 0.5440887177476983,
            "recall": 0.7998622905669038,
            "precision": 0.4156727099236641,
            "specificity": 0.46505787289801265,
            "accuracy": 0.572992970773215,
            "expected AP": 0.3223825379208287
        },
        "1": {
            "TN": 5295,
            "FP": 1846,
            "FN": 3572,
            "TP": 2802,
            "AP": 0.5882382959396348,
            "recall": 0.43959836837150923,
            "precision": 0.6028399311531841,
            "specificity": 0.7414927881249125,
            "accuracy": 0.5991120976692563,
            "expected AP": 0.4716241213466519
        },
        "2": {
            "TN": 11396,
            "FP": 154,
            "FN": 1920,
            "TP": 45,
            "AP": 0.1773564918159612,
            "recall": 0.022900763358778626,
            "precision": 0.22613065326633167,
            "specificity": 0.9866666666666667,
            "accuracy": 0.8465408805031447,
            "expected AP": 0.1453940066592675
        },
        "3": {
            "TN": 12686,
            "FP": 10,
            "FN": 545,
            "TP": 274,
            "AP": 0.6088441260630745,
            "recall": 0.33455433455433453,
            "precision": 0.9647887323943662,
            "specificity": 0.9992123503465659,
            "accuracy": 0.9589345172031076,
            "expected AP": 0.060599334073251944
        }
    }
}
