{
    "TN": 985,
    "FP": 27,
    "FN": 67,
    "TP": 8,
    "AP": 0.1729959506615702,
    "recall": 0.10666666666666667,
    "precision": 0.22857142857142856,
    "specificity": 0.9733201581027668,
    "accuracy": 0.9135234590616376,
    "expected AP": 0.06899724011039558,
    "auroc": 0.668570487483531,
    "balanced accuracy": 0.5399934123847168,
    "adjusted balanced accuracy": 0.07998682476943353
}
