{
    "overall": {
        "mAP": 0.45014044366144534,
        "accuracy": 0.5023148148148148,
        "expected mAP": 0.25,
        "balanced accuracy": 0.3251907276995305
    },
    "classwise": {
        "0": {
            "TN": 152,
            "FP": 132,
            "FN": 37,
            "TP": 111,
            "AP": 0.7000972501892807,
            "recall": 0.75,
            "precision": 0.4567901234567901,
            "specificity": 0.5352112676056338,
            "accuracy": 0.6087962962962963,
            "expected AP": 0.3425925925925926
        },
        "1": {
            "TN": 151,
            "FP": 68,
            "FN": 109,
            "TP": 104,
            "AP": 0.6859804635645385,
            "recall": 0.48826291079812206,
            "precision": 0.6046511627906976,
            "specificity": 0.6894977168949772,
            "accuracy": 0.5902777777777778,
            "expected AP": 0.4930555555555556
        },
        "2": {
            "TN": 379,
            "FP": 14,
            "FN": 39,
            "TP": 0,
            "AP": 0.15006955211993994,
            "recall": 0.0,
            "precision": 0.0,
            "specificity": 0.9643765903307888,
            "accuracy": 0.8773148148148148,
            "expected AP": 0.09027777777777778
        },
        "3": {
            "TN": 399,
            "FP": 1,
            "FN": 30,
            "TP": 2,
            "AP": 0.2644145087720223,
            "recall": 0.0625,
            "precision": 0.6666666666666666,
            "specificity": 0.9975,
            "accuracy": 0.9282407407407407,
            "expected AP": 0.07407407407407407
        }
    }
}
