{
    "TN": 234,
    "FP": 160,
    "FN": 24,
    "TP": 9,
    "AP": 0.05767889631271668,
    "recall": 0.2727272727272727,
    "precision": 0.05325443786982249,
    "specificity": 0.5939086294416244,
    "accuracy": 0.5690866510538641,
    "expected AP": 0.07728337236533958,
    "auroc": 0.35279187817258884,
    "balanced accuracy": 0.43331795108444854,
    "adjusted balanced accuracy": -0.13336409783110292
}
