{
    "TN": 944,
    "FP": 2,
    "FN": 67,
    "TP": 5,
    "AP": 0.27749669212381606,
    "recall": 0.06944444444444445,
    "precision": 0.7142857142857143,
    "specificity": 0.9978858350951374,
    "accuracy": 0.9322200392927309,
    "expected AP": 0.07072691552062868,
    "auroc": 0.7120771670190273,
    "balanced accuracy": 0.5336651397697909,
    "adjusted balanced accuracy": 0.06733027953958182
}
