{
    "overall": {
        "mAP": 0.3926078454429593,
        "accuracy": 0.5969363331737674,
        "expected mAP": 0.25,
        "balanced accuracy": 0.42453966316032415,
        "adjusted balanced accuracy": 0.2327195508804322
    },
    "classwise": {
        "0": {
            "TN": 494,
            "FP": 130,
            "FN": 485,
            "TP": 980,
            "AP": 0.8985133143301296,
            "recall": 0.6689419795221843,
            "precision": 0.8828828828828829,
            "specificity": 0.7916666666666666,
            "accuracy": 0.7056007659167065,
            "expected AP": 0.7012924844423168
        },
        "1": {
            "TN": 1108,
            "FP": 603,
            "FN": 142,
            "TP": 236,
            "AP": 0.25571426920827356,
            "recall": 0.6243386243386243,
            "precision": 0.28128724672228844,
            "specificity": 0.6475745178258329,
            "accuracy": 0.6433700335088559,
            "expected AP": 0.18094782192436573
        },
        "2": {
            "TN": 1838,
            "FP": 46,
            "FN": 187,
            "TP": 18,
            "AP": 0.2568385347377315,
            "recall": 0.08780487804878048,
            "precision": 0.28125,
            "specificity": 0.975583864118896,
            "accuracy": 0.8884633796074677,
            "expected AP": 0.09813307802776448
        },
        "3": {
            "TN": 1985,
            "FP": 63,
            "FN": 28,
            "TP": 13,
            "AP": 0.1593652634957025,
            "recall": 0.3170731707317073,
            "precision": 0.17105263157894737,
            "specificity": 0.96923828125,
            "accuracy": 0.9564384873145045,
            "expected AP": 0.019626615605552896
        }
    }
}
