{
    "overall": {
        "mAP": 0.4689594768099517,
        "accuracy": 0.4215456674473068,
        "expected mAP": 0.25,
        "balanced accuracy": 0.33775740025740025,
        "adjusted balanced accuracy": 0.117009867009867
    },
    "classwise": {
        "0": {
            "TN": 65,
            "FP": 214,
            "FN": 15,
            "TP": 133,
            "AP": 0.4797302761967848,
            "recall": 0.8986486486486487,
            "precision": 0.38328530259365995,
            "specificity": 0.23297491039426524,
            "accuracy": 0.4637002341920375,
            "expected AP": 0.34660421545667447
        },
        "1": {
            "TN": 189,
            "FP": 28,
            "FN": 171,
            "TP": 39,
            "AP": 0.5626623336969616,
            "recall": 0.18571428571428572,
            "precision": 0.582089552238806,
            "specificity": 0.8709677419354839,
            "accuracy": 0.5339578454332553,
            "expected AP": 0.4918032786885246
        },
        "2": {
            "TN": 383,
            "FP": 5,
            "FN": 39,
            "TP": 0,
            "AP": 0.11715636212117901,
            "recall": 0.0,
            "precision": 0.0,
            "specificity": 0.9871134020618557,
            "accuracy": 0.8969555035128806,
            "expected AP": 0.09133489461358314
        },
        "3": {
            "TN": 397,
            "FP": 0,
            "FN": 22,
            "TP": 8,
            "AP": 0.7162889352248814,
            "recall": 0.26666666666666666,
            "precision": 1.0,
            "specificity": 1.0,
            "accuracy": 0.9484777517564403,
            "expected AP": 0.0702576112412178
        }
    }
}
