{
    "overall": {
        "mAP": 0.4450978887348187,
        "accuracy": 0.5162037037037037,
        "expected mAP": 0.25,
        "balanced accuracy": 0.33171750095165586
    },
    "classwise": {
        "0": {
            "TN": 160,
            "FP": 124,
            "FN": 38,
            "TP": 110,
            "AP": 0.6703134705780125,
            "recall": 0.7432432432432432,
            "precision": 0.4700854700854701,
            "specificity": 0.5633802816901409,
            "accuracy": 0.625,
            "expected AP": 0.3425925925925926
        },
        "1": {
            "TN": 150,
            "FP": 69,
            "FN": 102,
            "TP": 111,
            "AP": 0.6787430269164959,
            "recall": 0.5211267605633803,
            "precision": 0.6166666666666667,
            "specificity": 0.684931506849315,
            "accuracy": 0.6041666666666666,
            "expected AP": 0.4930555555555556
        },
        "2": {
            "TN": 378,
            "FP": 15,
            "FN": 39,
            "TP": 0,
            "AP": 0.1518663295801863,
            "recall": 0.0,
            "precision": 0.0,
            "specificity": 0.9618320610687023,
            "accuracy": 0.875,
            "expected AP": 0.09027777777777778
        },
        "3": {
            "TN": 399,
            "FP": 1,
            "FN": 30,
            "TP": 2,
            "AP": 0.2794687278645802,
            "recall": 0.0625,
            "precision": 0.6666666666666666,
            "specificity": 0.9975,
            "accuracy": 0.9282407407407407,
            "expected AP": 0.07407407407407407
        }
    }
}
