{
    "TN": 116,
    "FP": 52,
    "FN": 109,
    "TP": 102,
    "AP": 0.6689360708181991,
    "recall": 0.4834123222748815,
    "precision": 0.6623376623376623,
    "specificity": 0.6904761904761905,
    "accuracy": 0.575197889182058,
    "expected AP": 0.5567282321899736,
    "auroc": 0.6508265628526292,
    "balanced accuracy": 0.586944256375536,
    "adjusted balanced accuracy": 0.1738885127510721
}
