{
    "TN": 607,
    "FP": 117,
    "FN": 166,
    "TP": 106,
    "AP": 0.4775448029805765,
    "recall": 0.3897058823529412,
    "precision": 0.47533632286995514,
    "specificity": 0.8383977900552486,
    "accuracy": 0.7158634538152611,
    "expected AP": 0.27309236947791166,
    "auroc": 0.7378331166720832,
    "balanced accuracy": 0.6140518362040949,
    "adjusted balanced accuracy": 0.22810367240818974
}
