{
    "overall": {
        "mAP": 0.3466970320504043,
        "accuracy": 0.5891625615763547,
        "expected mAP": 0.25,
        "balanced accuracy": 0.3906190555068715,
        "adjusted balanced accuracy": 0.18749207400916199
    },
    "classwise": {
        "0": {
            "TN": 184,
            "FP": 123,
            "FN": 201,
            "TP": 507,
            "AP": 0.8507304849997165,
            "recall": 0.7161016949152542,
            "precision": 0.8047619047619048,
            "specificity": 0.5993485342019544,
            "accuracy": 0.6807881773399015,
            "expected AP": 0.6975369458128079
        },
        "1": {
            "TN": 609,
            "FP": 223,
            "FN": 108,
            "TP": 75,
            "AP": 0.22661369702883816,
            "recall": 0.4098360655737705,
            "precision": 0.2516778523489933,
            "specificity": 0.7319711538461539,
            "accuracy": 0.6738916256157635,
            "expected AP": 0.18029556650246306
        },
        "2": {
            "TN": 869,
            "FP": 42,
            "FN": 95,
            "TP": 9,
            "AP": 0.15459080640097034,
            "recall": 0.08653846153846154,
            "precision": 0.17647058823529413,
            "specificity": 0.9538968166849616,
            "accuracy": 0.865024630541872,
            "expected AP": 0.10246305418719212
        },
        "3": {
            "TN": 966,
            "FP": 29,
            "FN": 13,
            "TP": 7,
            "AP": 0.15485313977209256,
            "recall": 0.35,
            "precision": 0.19444444444444445,
            "specificity": 0.9708542713567839,
            "accuracy": 0.9586206896551724,
            "expected AP": 0.019704433497536946
        }
    }
}
