{
    "TN": 893,
    "FP": 207,
    "FN": 50,
    "TP": 26,
    "AP": 0.08793282461679218,
    "recall": 0.34210526315789475,
    "precision": 0.11158798283261803,
    "specificity": 0.8118181818181818,
    "accuracy": 0.7814625850340136,
    "expected AP": 0.06462585034013606,
    "auroc": 0.585023923444976,
    "balanced accuracy": 0.5769617224880382,
    "adjusted balanced accuracy": 0.15392344497607646
}
