{
    "TN": 384,
    "FP": 10,
    "FN": 27,
    "TP": 6,
    "AP": 0.21357715368856936,
    "recall": 0.18181818181818182,
    "precision": 0.375,
    "specificity": 0.9746192893401016,
    "accuracy": 0.9133489461358314,
    "expected AP": 0.07728337236533958,
    "auroc": 0.6363251807414243,
    "balanced accuracy": 0.5782187355791417,
    "adjusted balanced accuracy": 0.15643747115828344
}
