{
    "overall": {
        "mAP": 0.36505306153892925,
        "accuracy": 0.5733990147783251,
        "expected mAP": 0.25,
        "balanced accuracy": 0.42250642984874714,
        "adjusted balanced accuracy": 0.23000857313166287
    },
    "classwise": {
        "0": {
            "TN": 188,
            "FP": 119,
            "FN": 229,
            "TP": 479,
            "AP": 0.8472454233795076,
            "recall": 0.6765536723163842,
            "precision": 0.8010033444816054,
            "specificity": 0.6123778501628665,
            "accuracy": 0.6571428571428571,
            "expected AP": 0.6975369458128079
        },
        "1": {
            "TN": 569,
            "FP": 263,
            "FN": 101,
            "TP": 82,
            "AP": 0.20971750571100345,
            "recall": 0.44808743169398907,
            "precision": 0.23768115942028986,
            "specificity": 0.6838942307692307,
            "accuracy": 0.6413793103448275,
            "expected AP": 0.18029556650246306
        },
        "2": {
            "TN": 876,
            "FP": 35,
            "FN": 92,
            "TP": 12,
            "AP": 0.18768580376018626,
            "recall": 0.11538461538461539,
            "precision": 0.2553191489361702,
            "specificity": 0.9615806805708014,
            "accuracy": 0.8748768472906404,
            "expected AP": 0.10246305418719212
        },
        "3": {
            "TN": 979,
            "FP": 16,
            "FN": 11,
            "TP": 9,
            "AP": 0.2155635133050196,
            "recall": 0.45,
            "precision": 0.36,
            "specificity": 0.9839195979899498,
            "accuracy": 0.9733990147783251,
            "expected AP": 0.019704433497536946
        }
    }
}
