{
    "overall": {
        "mAP": 0.5374073653219185,
        "accuracy": 0.5300925925925926,
        "expected mAP": 0.25,
        "balanced accuracy": 0.3704072690648395
    },
    "classwise": {
        "0": {
            "TN": 147,
            "FP": 137,
            "FN": 41,
            "TP": 107,
            "AP": 0.6556100294281115,
            "recall": 0.722972972972973,
            "precision": 0.4385245901639344,
            "specificity": 0.5176056338028169,
            "accuracy": 0.5879629629629629,
            "expected AP": 0.3425925925925926
        },
        "1": {
            "TN": 163,
            "FP": 56,
            "FN": 98,
            "TP": 115,
            "AP": 0.6912890041292894,
            "recall": 0.539906103286385,
            "precision": 0.672514619883041,
            "specificity": 0.7442922374429224,
            "accuracy": 0.6435185185185185,
            "expected AP": 0.4930555555555556
        },
        "2": {
            "TN": 384,
            "FP": 9,
            "FN": 39,
            "TP": 0,
            "AP": 0.16856990377471237,
            "recall": 0.0,
            "precision": 0.0,
            "specificity": 0.9770992366412213,
            "accuracy": 0.8888888888888888,
            "expected AP": 0.09027777777777778
        },
        "3": {
            "TN": 399,
            "FP": 1,
            "FN": 25,
            "TP": 7,
            "AP": 0.6341605239555608,
            "recall": 0.21875,
            "precision": 0.875,
            "specificity": 0.9975,
            "accuracy": 0.9398148148148148,
            "expected AP": 0.07407407407407407
        }
    }
}
