{
    "TN": 134,
    "FP": 34,
    "FN": 138,
    "TP": 73,
    "AP": 0.6529077733896291,
    "recall": 0.3459715639810427,
    "precision": 0.6822429906542056,
    "specificity": 0.7976190476190477,
    "accuracy": 0.5461741424802111,
    "expected AP": 0.5567282321899736,
    "auroc": 0.6461577522004063,
    "balanced accuracy": 0.5717953058000451,
    "adjusted balanced accuracy": 0.14359061160009023
}
