{
    "TN": 385,
    "FP": 9,
    "FN": 27,
    "TP": 6,
    "AP": 0.21621418719433208,
    "recall": 0.18181818181818182,
    "precision": 0.4,
    "specificity": 0.9771573604060914,
    "accuracy": 0.9156908665105387,
    "expected AP": 0.07728337236533958,
    "auroc": 0.6513997846485157,
    "balanced accuracy": 0.5794877711121366,
    "adjusted balanced accuracy": 0.15897554222427313
}
