{
    "overall": {
        "mAP": 0.4740223081382468,
        "accuracy": 0.4786533481317055,
        "expected mAP": 0.25
    },
    "classwise": {
        "0": {
            "TN": 4069,
            "FP": 5089,
            "FN": 600,
            "TP": 3757,
            "AP": 0.5452628262970692,
            "recall": 0.8622905669038329,
            "precision": 0.4247117341171151,
            "specificity": 0.4443109849312077,
            "accuracy": 0.5790603033666297,
            "expected AP": 0.3223825379208287
        },
        "1": {
            "TN": 5421,
            "FP": 1720,
            "FN": 4028,
            "TP": 2346,
            "AP": 0.5701769238667459,
            "recall": 0.36805773454659557,
            "precision": 0.5769798327594687,
            "specificity": 0.7591373757176866,
            "accuracy": 0.5746947835738069,
            "expected AP": 0.4716241213466519
        },
        "2": {
            "TN": 11326,
            "FP": 224,
            "FN": 1852,
            "TP": 113,
            "AP": 0.19206178340727076,
            "recall": 0.05750636132315522,
            "precision": 0.3353115727002967,
            "specificity": 0.9806060606060606,
            "accuracy": 0.8463928967813541,
            "expected AP": 0.1453940066592675
        },
        "3": {
            "TN": 12683,
            "FP": 13,
            "FN": 566,
            "TP": 253,
            "AP": 0.5885876989819014,
            "recall": 0.3089133089133089,
            "precision": 0.9511278195488722,
            "specificity": 0.9989760554505356,
            "accuracy": 0.9571587125416204,
            "expected AP": 0.060599334073251944
        }
    }
}
