{
    "overall": {
        "mAP": 0.4355056794238615,
        "accuracy": 0.7123152709359606,
        "expected mAP": 0.25,
        "balanced accuracy": 0.4327654227313855,
        "adjusted balanced accuracy": 0.24368723030851402
    },
    "classwise": {
        "0": {
            "TN": 195,
            "FP": 112,
            "FN": 84,
            "TP": 624,
            "AP": 0.9372478984283807,
            "recall": 0.8813559322033898,
            "precision": 0.8478260869565217,
            "specificity": 0.6351791530944625,
            "accuracy": 0.8068965517241379,
            "expected AP": 0.6975369458128079
        },
        "1": {
            "TN": 687,
            "FP": 145,
            "FN": 100,
            "TP": 83,
            "AP": 0.30545876668495286,
            "recall": 0.453551912568306,
            "precision": 0.36403508771929827,
            "specificity": 0.8257211538461539,
            "accuracy": 0.7586206896551724,
            "expected AP": 0.18029556650246306
        },
        "2": {
            "TN": 908,
            "FP": 3,
            "FN": 94,
            "TP": 10,
            "AP": 0.3489049952063092,
            "recall": 0.09615384615384616,
            "precision": 0.7692307692307693,
            "specificity": 0.9967069154774972,
            "accuracy": 0.9044334975369458,
            "expected AP": 0.10246305418719212
        },
        "3": {
            "TN": 963,
            "FP": 32,
            "FN": 14,
            "TP": 6,
            "AP": 0.15041105737580315,
            "recall": 0.3,
            "precision": 0.15789473684210525,
            "specificity": 0.9678391959798995,
            "accuracy": 0.954679802955665,
            "expected AP": 0.019704433497536946
        }
    }
}
