{
    "overall": {
        "mAP": 0.4720075105098532,
        "accuracy": 0.46392896781354054,
        "expected mAP": 0.25
    },
    "classwise": {
        "0": {
            "TN": 3890,
            "FP": 5268,
            "FN": 601,
            "TP": 3756,
            "AP": 0.5400389294817188,
            "recall": 0.8620610511820059,
            "precision": 0.4162234042553192,
            "specificity": 0.42476523258353355,
            "accuracy": 0.5657417684054754,
            "expected AP": 0.3223825379208287
        },
        "1": {
            "TN": 5412,
            "FP": 1729,
            "FN": 4225,
            "TP": 2149,
            "AP": 0.5557950186414697,
            "recall": 0.3371509256353938,
            "precision": 0.5541516245487365,
            "specificity": 0.7578770480324885,
            "accuracy": 0.5594524602293748,
            "expected AP": 0.4716241213466519
        },
        "2": {
            "TN": 11308,
            "FP": 242,
            "FN": 1832,
            "TP": 133,
            "AP": 0.2073627649330409,
            "recall": 0.06768447837150127,
            "precision": 0.3546666666666667,
            "specificity": 0.979047619047619,
            "accuracy": 0.8465408805031447,
            "expected AP": 0.1453940066592675
        },
        "3": {
            "TN": 12690,
            "FP": 6,
            "FN": 587,
            "TP": 232,
            "AP": 0.5848333289831831,
            "recall": 0.28327228327228327,
            "precision": 0.9747899159663865,
            "specificity": 0.9995274102079396,
            "accuracy": 0.9561228264890862,
            "expected AP": 0.060599334073251944
        }
    }
}
