{
    "TN": 1555,
    "FP": 440,
    "FN": 240,
    "TP": 450,
    "AP": 0.5352293745868552,
    "recall": 0.6521739130434783,
    "precision": 0.5056179775280899,
    "specificity": 0.7794486215538847,
    "accuracy": 0.7467411545623837,
    "expected AP": 0.2569832402234637,
    "auroc": 0.7793091424212705,
    "balanced accuracy": 0.7158112672986815,
    "adjusted balanced accuracy": 0.431622534597363
}
