{
    "overall": {
        "mAP": 0.3968425830329293,
        "accuracy": 0.6561576354679803,
        "expected mAP": 0.25,
        "balanced accuracy": 0.4462716228154544,
        "adjusted balanced accuracy": 0.2616954970872725
    },
    "classwise": {
        "0": {
            "TN": 216,
            "FP": 91,
            "FN": 143,
            "TP": 565,
            "AP": 0.9056308583773224,
            "recall": 0.7980225988700564,
            "precision": 0.8612804878048781,
            "specificity": 0.7035830618892508,
            "accuracy": 0.7694581280788177,
            "expected AP": 0.6975369458128079
        },
        "1": {
            "TN": 645,
            "FP": 187,
            "FN": 109,
            "TP": 74,
            "AP": 0.2608992812962276,
            "recall": 0.40437158469945356,
            "precision": 0.2835249042145594,
            "specificity": 0.7752403846153846,
            "accuracy": 0.7083743842364532,
            "expected AP": 0.18029556650246306
        },
        "2": {
            "TN": 886,
            "FP": 25,
            "FN": 85,
            "TP": 19,
            "AP": 0.28949237693987045,
            "recall": 0.18269230769230768,
            "precision": 0.4318181818181818,
            "specificity": 0.9725576289791438,
            "accuracy": 0.8916256157635468,
            "expected AP": 0.10246305418719212
        },
        "3": {
            "TN": 949,
            "FP": 46,
            "FN": 12,
            "TP": 8,
            "AP": 0.1313478155182967,
            "recall": 0.4,
            "precision": 0.14814814814814814,
            "specificity": 0.9537688442211055,
            "accuracy": 0.9428571428571428,
            "expected AP": 0.019704433497536946
        }
    }
}
