{
    "overall": {
        "mAP": 0.4366117688313639,
        "accuracy": 0.41738808731039584,
        "expected mAP": 0.25
    },
    "classwise": {
        "0": {
            "TN": 3129,
            "FP": 6029,
            "FN": 820,
            "TP": 3537,
            "AP": 0.45279071510753355,
            "recall": 0.811797108101905,
            "precision": 0.3697470206983065,
            "specificity": 0.3416684865691199,
            "accuracy": 0.4932297447280799,
            "expected AP": 0.3223825379208287
        },
        "1": {
            "TN": 5538,
            "FP": 1603,
            "FN": 4600,
            "TP": 1774,
            "AP": 0.54007527129797,
            "recall": 0.278318167555695,
            "precision": 0.5253183298785905,
            "specificity": 0.7755216356252626,
            "accuracy": 0.5410284868664447,
            "expected AP": 0.4716241213466519
        },
        "2": {
            "TN": 11333,
            "FP": 217,
            "FN": 1881,
            "TP": 84,
            "AP": 0.195063344798836,
            "recall": 0.042748091603053436,
            "precision": 0.27906976744186046,
            "specificity": 0.9812121212121212,
            "accuracy": 0.8447650758416574,
            "expected AP": 0.1453940066592675
        },
        "3": {
            "TN": 12671,
            "FP": 25,
            "FN": 573,
            "TP": 246,
            "AP": 0.5585177441211161,
            "recall": 0.30036630036630035,
            "precision": 0.9077490774907749,
            "specificity": 0.9980308758664146,
            "accuracy": 0.9557528671846097,
            "expected AP": 0.060599334073251944
        }
    }
}
