{
    "TN": 132,
    "FP": 36,
    "FN": 144,
    "TP": 67,
    "AP": 0.6635063843415356,
    "recall": 0.3175355450236967,
    "precision": 0.6504854368932039,
    "specificity": 0.7857142857142857,
    "accuracy": 0.525065963060686,
    "expected AP": 0.5567282321899736,
    "auroc": 0.6637892123674114,
    "balanced accuracy": 0.5516249153689912,
    "adjusted balanced accuracy": 0.10324983073798233
}
