{
    "TN": 383,
    "FP": 11,
    "FN": 32,
    "TP": 1,
    "AP": 0.1283438939807902,
    "recall": 0.030303030303030304,
    "precision": 0.08333333333333333,
    "specificity": 0.9720812182741116,
    "accuracy": 0.8992974238875878,
    "expected AP": 0.07728337236533958,
    "auroc": 0.5819104753114905,
    "balanced accuracy": 0.501192124288571,
    "adjusted balanced accuracy": 0.002384248577141923
}
