{
    "overall": {
        "mAP": 0.42149031479615084,
        "accuracy": 0.7103448275862069,
        "expected mAP": 0.25,
        "balanced accuracy": 0.43691730608929835,
        "adjusted balanced accuracy": 0.24922307478573114
    },
    "classwise": {
        "0": {
            "TN": 202,
            "FP": 105,
            "FN": 88,
            "TP": 620,
            "AP": 0.9348573232098805,
            "recall": 0.8757062146892656,
            "precision": 0.8551724137931035,
            "specificity": 0.6579804560260586,
            "accuracy": 0.8098522167487685,
            "expected AP": 0.6975369458128079
        },
        "1": {
            "TN": 677,
            "FP": 155,
            "FN": 91,
            "TP": 92,
            "AP": 0.32518625257611994,
            "recall": 0.5027322404371585,
            "precision": 0.3724696356275304,
            "specificity": 0.8137019230769231,
            "accuracy": 0.7576354679802956,
            "expected AP": 0.18029556650246306
        },
        "2": {
            "TN": 910,
            "FP": 1,
            "FN": 102,
            "TP": 2,
            "AP": 0.29539387254280963,
            "recall": 0.019230769230769232,
            "precision": 0.6666666666666666,
            "specificity": 0.9989023051591658,
            "accuracy": 0.8985221674876848,
            "expected AP": 0.10246305418719212
        },
        "3": {
            "TN": 962,
            "FP": 33,
            "FN": 13,
            "TP": 7,
            "AP": 0.1305238108557933,
            "recall": 0.35,
            "precision": 0.175,
            "specificity": 0.9668341708542714,
            "accuracy": 0.954679802955665,
            "expected AP": 0.019704433497536946
        }
    }
}
