{
    "TN": 1042,
    "FP": 58,
    "FN": 68,
    "TP": 8,
    "AP": 0.12591388680554433,
    "recall": 0.10526315789473684,
    "precision": 0.12121212121212122,
    "specificity": 0.9472727272727273,
    "accuracy": 0.8928571428571429,
    "expected AP": 0.06462585034013606,
    "auroc": 0.6515311004784688,
    "balanced accuracy": 0.526267942583732,
    "adjusted balanced accuracy": 0.05253588516746399
}
