{
    "overall": {
        "mAP": 0.4321776909222633,
        "accuracy": 0.4379391100702576,
        "expected mAP": 0.25,
        "balanced accuracy": 0.32266731016731015,
        "adjusted balanced accuracy": 0.09688974688974687
    },
    "classwise": {
        "0": {
            "TN": 78,
            "FP": 201,
            "FN": 19,
            "TP": 129,
            "AP": 0.4986683529409566,
            "recall": 0.8716216216216216,
            "precision": 0.39090909090909093,
            "specificity": 0.27956989247311825,
            "accuracy": 0.4847775175644028,
            "expected AP": 0.34660421545667447
        },
        "1": {
            "TN": 188,
            "FP": 29,
            "FN": 157,
            "TP": 53,
            "AP": 0.605447639056179,
            "recall": 0.2523809523809524,
            "precision": 0.6463414634146342,
            "specificity": 0.8663594470046083,
            "accuracy": 0.5644028103044496,
            "expected AP": 0.4918032786885246
        },
        "2": {
            "TN": 379,
            "FP": 9,
            "FN": 39,
            "TP": 0,
            "AP": 0.12340863254380197,
            "recall": 0.0,
            "precision": 0.0,
            "specificity": 0.9768041237113402,
            "accuracy": 0.8875878220140515,
            "expected AP": 0.09133489461358314
        },
        "3": {
            "TN": 396,
            "FP": 1,
            "FN": 25,
            "TP": 5,
            "AP": 0.5011861391481157,
            "recall": 0.16666666666666666,
            "precision": 0.8333333333333334,
            "specificity": 0.9974811083123426,
            "accuracy": 0.9391100702576113,
            "expected AP": 0.0702576112412178
        }
    }
}
