{
    "TN": 987,
    "FP": 179,
    "FN": 879,
    "TP": 531,
    "AP": 0.7119753239900114,
    "recall": 0.37659574468085105,
    "precision": 0.747887323943662,
    "specificity": 0.8464837049742711,
    "accuracy": 0.5892857142857143,
    "expected AP": 0.547360248447205,
    "auroc": 0.6831812707565418,
    "balanced accuracy": 0.611539724827561,
    "adjusted balanced accuracy": 0.22307944965512205
}
