{
    "overall": {
        "mAP": 0.452357694198654,
        "accuracy": 0.34894613583138173,
        "expected mAP": 0.25,
        "balanced accuracy": 0.25833333333333336,
        "adjusted balanced accuracy": 0.011111111111111146
    },
    "classwise": {
        "0": {
            "TN": 10,
            "FP": 269,
            "FN": 0,
            "TP": 148,
            "AP": 0.464697562367671,
            "recall": 1.0,
            "precision": 0.354916067146283,
            "specificity": 0.035842293906810034,
            "accuracy": 0.3700234192037471,
            "expected AP": 0.34660421545667447
        },
        "1": {
            "TN": 217,
            "FP": 0,
            "FN": 210,
            "TP": 0,
            "AP": 0.5936269995993102,
            "recall": 0.0,
            "precision": 0.0,
            "specificity": 1.0,
            "accuracy": 0.5081967213114754,
            "expected AP": 0.4918032786885246
        },
        "2": {
            "TN": 379,
            "FP": 9,
            "FN": 39,
            "TP": 0,
            "AP": 0.11264327187019879,
            "recall": 0.0,
            "precision": 0.0,
            "specificity": 0.9768041237113402,
            "accuracy": 0.8875878220140515,
            "expected AP": 0.09133489461358314
        },
        "3": {
            "TN": 397,
            "FP": 0,
            "FN": 29,
            "TP": 1,
            "AP": 0.6384629429574361,
            "recall": 0.03333333333333333,
            "precision": 1.0,
            "specificity": 1.0,
            "accuracy": 0.9320843091334895,
            "expected AP": 0.0702576112412178
        }
    }
}
