{
    "TN": 352,
    "FP": 42,
    "FN": 24,
    "TP": 9,
    "AP": 0.11623540673576199,
    "recall": 0.2727272727272727,
    "precision": 0.17647058823529413,
    "specificity": 0.8934010152284264,
    "accuracy": 0.8454332552693209,
    "expected AP": 0.07728337236533958,
    "auroc": 0.5945239193970158,
    "balanced accuracy": 0.5830641439778496,
    "adjusted balanced accuracy": 0.16612828795569912
}
