{
    "overall": {
        "mAP": 0.48779297248521947,
        "accuracy": 0.5980284775465499,
        "expected mAP": 0.24999999999999997,
        "balanced accuracy": 0.4800412162687612,
        "adjusted balanced accuracy": 0.30672162169168155
    },
    "classwise": {
        "0": {
            "TN": 233,
            "FP": 96,
            "FN": 146,
            "TP": 438,
            "AP": 0.8733676647958913,
            "recall": 0.75,
            "precision": 0.8202247191011236,
            "specificity": 0.7082066869300911,
            "accuracy": 0.7349397590361446,
            "expected AP": 0.6396495071193866
        },
        "1": {
            "TN": 513,
            "FP": 233,
            "FN": 81,
            "TP": 86,
            "AP": 0.2721032081524698,
            "recall": 0.5149700598802395,
            "precision": 0.26959247648902823,
            "specificity": 0.6876675603217158,
            "accuracy": 0.656078860898138,
            "expected AP": 0.1829134720700986
        },
        "2": {
            "TN": 756,
            "FP": 17,
            "FN": 131,
            "TP": 9,
            "AP": 0.3343728021677615,
            "recall": 0.06428571428571428,
            "precision": 0.34615384615384615,
            "specificity": 0.9780077619663649,
            "accuracy": 0.8378970427163198,
            "expected AP": 0.1533406352683461
        },
        "3": {
            "TN": 871,
            "FP": 20,
            "FN": 9,
            "TP": 13,
            "AP": 0.47132821482475523,
            "recall": 0.5909090909090909,
            "precision": 0.3939393939393939,
            "specificity": 0.9775533108866442,
            "accuracy": 0.968236582694414,
            "expected AP": 0.024096385542168676
        }
    }
}
