{
    "overall": {
        "mAP": 0.46940404399948504,
        "accuracy": 0.587532023911187,
        "expected mAP": 0.25,
        "balanced accuracy": 0.45912796339717615,
        "adjusted balanced accuracy": 0.2788372845295682
    },
    "classwise": {
        "0": {
            "TN": 304,
            "FP": 132,
            "FN": 181,
            "TP": 554,
            "AP": 0.8583055762001225,
            "recall": 0.7537414965986394,
            "precision": 0.8075801749271136,
            "specificity": 0.6972477064220184,
            "accuracy": 0.7327070879590094,
            "expected AP": 0.627668659265585
        },
        "1": {
            "TN": 641,
            "FP": 312,
            "FN": 110,
            "TP": 108,
            "AP": 0.24637311145035937,
            "recall": 0.4954128440366973,
            "precision": 0.2571428571428571,
            "specificity": 0.6726128016789087,
            "accuracy": 0.6396242527754057,
            "expected AP": 0.18616567036720752
        },
        "2": {
            "TN": 960,
            "FP": 18,
            "FN": 180,
            "TP": 13,
            "AP": 0.33256847626198005,
            "recall": 0.06735751295336788,
            "precision": 0.41935483870967744,
            "specificity": 0.9815950920245399,
            "accuracy": 0.8309137489325363,
            "expected AP": 0.16481639624252775
        },
        "3": {
            "TN": 1126,
            "FP": 20,
            "FN": 12,
            "TP": 13,
            "AP": 0.44036901208547824,
            "recall": 0.52,
            "precision": 0.3939393939393939,
            "specificity": 0.9825479930191972,
            "accuracy": 0.9726729291204099,
            "expected AP": 0.02134927412467976
        }
    }
}
