{
    "TN": 98,
    "FP": 70,
    "FN": 115,
    "TP": 96,
    "AP": 0.600523104313161,
    "recall": 0.4549763033175355,
    "precision": 0.5783132530120482,
    "specificity": 0.5833333333333334,
    "accuracy": 0.5118733509234829,
    "expected AP": 0.5567282321899736,
    "auroc": 0.5729519295870007,
    "balanced accuracy": 0.5191548183254344,
    "adjusted balanced accuracy": 0.03830963665086884
}
