{
    "overall": {
        "mAP": 0.48723334739241003,
        "accuracy": 0.4976851851851852,
        "expected mAP": 0.25,
        "balanced accuracy": 0.36525345768303513
    },
    "classwise": {
        "0": {
            "TN": 118,
            "FP": 166,
            "FN": 32,
            "TP": 116,
            "AP": 0.6476355632180123,
            "recall": 0.7837837837837838,
            "precision": 0.41134751773049644,
            "specificity": 0.4154929577464789,
            "accuracy": 0.5416666666666666,
            "expected AP": 0.3425925925925926
        },
        "1": {
            "TN": 177,
            "FP": 42,
            "FN": 122,
            "TP": 91,
            "AP": 0.6759043848305988,
            "recall": 0.4272300469483568,
            "precision": 0.6842105263157895,
            "specificity": 0.8082191780821918,
            "accuracy": 0.6203703703703703,
            "expected AP": 0.4930555555555556
        },
        "2": {
            "TN": 388,
            "FP": 5,
            "FN": 39,
            "TP": 0,
            "AP": 0.1825081297192207,
            "recall": 0.0,
            "precision": 0.0,
            "specificity": 0.9872773536895675,
            "accuracy": 0.8981481481481481,
            "expected AP": 0.09027777777777778
        },
        "3": {
            "TN": 396,
            "FP": 4,
            "FN": 24,
            "TP": 8,
            "AP": 0.4428853118018086,
            "recall": 0.25,
            "precision": 0.6666666666666666,
            "specificity": 0.99,
            "accuracy": 0.9351851851851852,
            "expected AP": 0.07407407407407407
        }
    }
}
