{
    "overall": {
        "mAP": 0.4840615909264474,
        "accuracy": 0.4916759156492786,
        "expected mAP": 0.25
    },
    "classwise": {
        "0": {
            "TN": 4434,
            "FP": 4724,
            "FN": 635,
            "TP": 3722,
            "AP": 0.5710491567355651,
            "recall": 0.8542575166398898,
            "precision": 0.44068197963533035,
            "specificity": 0.484166848656912,
            "accuracy": 0.6034776174620792,
            "expected AP": 0.3223825379208287
        },
        "1": {
            "TN": 5261,
            "FP": 1880,
            "FN": 3807,
            "TP": 2567,
            "AP": 0.5614376757921881,
            "recall": 0.40272983997489803,
            "precision": 0.5772430852259951,
            "specificity": 0.7367315502030528,
            "accuracy": 0.5792082870884203,
            "expected AP": 0.4716241213466519
        },
        "2": {
            "TN": 11290,
            "FP": 260,
            "FN": 1853,
            "TP": 112,
            "AP": 0.17929507450407817,
            "recall": 0.056997455470737916,
            "precision": 0.3010752688172043,
            "specificity": 0.9774891774891775,
            "accuracy": 0.8436551979282279,
            "expected AP": 0.1453940066592675
        },
        "3": {
            "TN": 12690,
            "FP": 6,
            "FN": 575,
            "TP": 244,
            "AP": 0.6244644566739583,
            "recall": 0.2979242979242979,
            "precision": 0.976,
            "specificity": 0.9995274102079396,
            "accuracy": 0.9570107288198298,
            "expected AP": 0.060599334073251944
        }
    }
}
