{
    "overall": {
        "mAP": 0.4466393295598305,
        "accuracy": 0.48148148148148145,
        "expected mAP": 0.25,
        "balanced accuracy": 0.31617378822484454
    },
    "classwise": {
        "0": {
            "TN": 140,
            "FP": 144,
            "FN": 34,
            "TP": 114,
            "AP": 0.6539312853997186,
            "recall": 0.7702702702702703,
            "precision": 0.4418604651162791,
            "specificity": 0.49295774647887325,
            "accuracy": 0.5879629629629629,
            "expected AP": 0.3425925925925926
        },
        "1": {
            "TN": 156,
            "FP": 63,
            "FN": 121,
            "TP": 92,
            "AP": 0.679616596129182,
            "recall": 0.431924882629108,
            "precision": 0.5935483870967742,
            "specificity": 0.7123287671232876,
            "accuracy": 0.5740740740740741,
            "expected AP": 0.4930555555555556
        },
        "2": {
            "TN": 377,
            "FP": 16,
            "FN": 39,
            "TP": 0,
            "AP": 0.15899392891430097,
            "recall": 0.0,
            "precision": 0.0,
            "specificity": 0.9592875318066157,
            "accuracy": 0.8726851851851852,
            "expected AP": 0.09027777777777778
        },
        "3": {
            "TN": 399,
            "FP": 1,
            "FN": 30,
            "TP": 2,
            "AP": 0.29401550779612046,
            "recall": 0.0625,
            "precision": 0.6666666666666666,
            "specificity": 0.9975,
            "accuracy": 0.9282407407407407,
            "expected AP": 0.07407407407407407
        }
    }
}
