{
    "TN": 967,
    "FP": 133,
    "FN": 69,
    "TP": 7,
    "AP": 0.07040073049104668,
    "recall": 0.09210526315789473,
    "precision": 0.05,
    "specificity": 0.8790909090909091,
    "accuracy": 0.8282312925170068,
    "expected AP": 0.06462585034013606,
    "auroc": 0.5468839712918661,
    "balanced accuracy": 0.4855980861244019,
    "adjusted balanced accuracy": -0.028803827751196165
}
