{
    "TN": 747,
    "FP": 108,
    "FN": 56,
    "TP": 7,
    "AP": 0.08038861995894733,
    "recall": 0.1111111111111111,
    "precision": 0.06086956521739131,
    "specificity": 0.8736842105263158,
    "accuracy": 0.8213507625272332,
    "expected AP": 0.06862745098039216,
    "auroc": 0.570992295553699,
    "balanced accuracy": 0.4923976608187135,
    "adjusted balanced accuracy": -0.015204678362572999
}
