{
    "TN": 118,
    "FP": 50,
    "FN": 111,
    "TP": 100,
    "AP": 0.6670019674167327,
    "recall": 0.47393364928909953,
    "precision": 0.6666666666666666,
    "specificity": 0.7023809523809523,
    "accuracy": 0.575197889182058,
    "expected AP": 0.5567282321899736,
    "auroc": 0.6517716091175807,
    "balanced accuracy": 0.5881573008350259,
    "adjusted balanced accuracy": 0.17631460167005186
}
