{
    "overall": {
        "mAP": 0.4742284349985483,
        "accuracy": 0.5736932305055699,
        "expected mAP": 0.25,
        "balanced accuracy": 0.5162172303945565,
        "adjusted balanced accuracy": 0.35495630719274196
    },
    "classwise": {
        "0": {
            "TN": 679,
            "FP": 175,
            "FN": 525,
            "TP": 955,
            "AP": 0.8472163684286105,
            "recall": 0.6452702702702703,
            "precision": 0.8451327433628318,
            "specificity": 0.7950819672131147,
            "accuracy": 0.7000856898029134,
            "expected AP": 0.6341045415595544
        },
        "1": {
            "TN": 1221,
            "FP": 671,
            "FN": 148,
            "TP": 294,
            "AP": 0.3383364408175289,
            "recall": 0.665158371040724,
            "precision": 0.30466321243523314,
            "specificity": 0.6453488372093024,
            "accuracy": 0.6491002570694088,
            "expected AP": 0.1893744644387318
        },
        "2": {
            "TN": 1871,
            "FP": 102,
            "FN": 301,
            "TP": 60,
            "AP": 0.3279552643826568,
            "recall": 0.16620498614958448,
            "precision": 0.37037037037037035,
            "specificity": 0.9483020780537252,
            "accuracy": 0.8273350471293917,
            "expected AP": 0.1546700942587832
        },
        "3": {
            "TN": 2238,
            "FP": 45,
            "FN": 21,
            "TP": 30,
            "AP": 0.3834056663653968,
            "recall": 0.5882352941176471,
            "precision": 0.4,
            "specificity": 0.9802890932982917,
            "accuracy": 0.9717223650385605,
            "expected AP": 0.021850899742930592
        }
    }
}
