{
    "TN": 1587,
    "FP": 408,
    "FN": 297,
    "TP": 393,
    "AP": 0.4717783683667981,
    "recall": 0.5695652173913044,
    "precision": 0.49063670411985016,
    "specificity": 0.7954887218045112,
    "accuracy": 0.7374301675977654,
    "expected AP": 0.2569832402234637,
    "auroc": 0.7521993389270276,
    "balanced accuracy": 0.6825269695979078,
    "adjusted balanced accuracy": 0.36505393919581564
}
