{
    "TN": 1221,
    "FP": 352,
    "FN": 119,
    "TP": 475,
    "AP": 0.7359097062501645,
    "recall": 0.7996632996632996,
    "precision": 0.5743651753325272,
    "specificity": 0.7762237762237763,
    "accuracy": 0.7826488232579604,
    "expected AP": 0.27411167512690354,
    "auroc": 0.8668877801109206,
    "balanced accuracy": 0.787943537943538,
    "adjusted balanced accuracy": 0.575887075887076
}
