{
    "TN": 5754,
    "FP": 137,
    "FN": 99,
    "TP": 3124,
    "AP": 0.9937435435135785,
    "recall": 0.9692832764505119,
    "precision": 0.9579883471327814,
    "specificity": 0.9767441860465116,
    "accuracy": 0.9741057713407943,
    "expected AP": 0.35363177529076145,
    "auroc": 0.9966246623358792,
    "balanced accuracy": 0.9730137312485118,
    "adjusted balanced accuracy": 0.9460274624970235
}
