{
    "overall": {
        "mAP": 0.536055523951706,
        "accuracy": 0.5509259259259259,
        "expected mAP": 0.25,
        "balanced accuracy": 0.3631161971830986
    },
    "classwise": {
        "0": {
            "TN": 145,
            "FP": 139,
            "FN": 37,
            "TP": 111,
            "AP": 0.7068336807016096,
            "recall": 0.75,
            "precision": 0.444,
            "specificity": 0.5105633802816901,
            "accuracy": 0.5925925925925926,
            "expected AP": 0.3425925925925926
        },
        "1": {
            "TN": 170,
            "FP": 49,
            "FN": 90,
            "TP": 123,
            "AP": 0.7127749415749975,
            "recall": 0.5774647887323944,
            "precision": 0.7151162790697675,
            "specificity": 0.776255707762557,
            "accuracy": 0.6782407407407407,
            "expected AP": 0.4930555555555556
        },
        "2": {
            "TN": 388,
            "FP": 5,
            "FN": 39,
            "TP": 0,
            "AP": 0.22590119928985464,
            "recall": 0.0,
            "precision": 0.0,
            "specificity": 0.9872773536895675,
            "accuracy": 0.8981481481481481,
            "expected AP": 0.09027777777777778
        },
        "3": {
            "TN": 399,
            "FP": 1,
            "FN": 28,
            "TP": 4,
            "AP": 0.49871227424036213,
            "recall": 0.125,
            "precision": 0.8,
            "specificity": 0.9975,
            "accuracy": 0.9328703703703703,
            "expected AP": 0.07407407407407407
        }
    }
}
