{
    "overall": {
        "mAP": 0.4183068668494958,
        "accuracy": 0.4861111111111111,
        "expected mAP": 0.25,
        "balanced accuracy": 0.31645928498921455
    },
    "classwise": {
        "0": {
            "TN": 148,
            "FP": 136,
            "FN": 38,
            "TP": 110,
            "AP": 0.6041691219426668,
            "recall": 0.7432432432432432,
            "precision": 0.44715447154471544,
            "specificity": 0.5211267605633803,
            "accuracy": 0.5972222222222222,
            "expected AP": 0.3425925925925926
        },
        "1": {
            "TN": 149,
            "FP": 70,
            "FN": 115,
            "TP": 98,
            "AP": 0.6632655569836791,
            "recall": 0.460093896713615,
            "precision": 0.5833333333333334,
            "specificity": 0.680365296803653,
            "accuracy": 0.5717592592592593,
            "expected AP": 0.4930555555555556
        },
        "2": {
            "TN": 378,
            "FP": 15,
            "FN": 39,
            "TP": 0,
            "AP": 0.14843369483991342,
            "recall": 0.0,
            "precision": 0.0,
            "specificity": 0.9618320610687023,
            "accuracy": 0.875,
            "expected AP": 0.09027777777777778
        },
        "3": {
            "TN": 399,
            "FP": 1,
            "FN": 30,
            "TP": 2,
            "AP": 0.25735909363172377,
            "recall": 0.0625,
            "precision": 0.6666666666666666,
            "specificity": 0.9975,
            "accuracy": 0.9282407407407407,
            "expected AP": 0.07407407407407407
        }
    }
}
