{
    "overall": {
        "mAP": 0.4112495069912293,
        "accuracy": 0.6591133004926109,
        "expected mAP": 0.25,
        "balanced accuracy": 0.43609821282265016,
        "adjusted balanced accuracy": 0.2481309504302002
    },
    "classwise": {
        "0": {
            "TN": 218,
            "FP": 89,
            "FN": 144,
            "TP": 564,
            "AP": 0.923424865815387,
            "recall": 0.7966101694915254,
            "precision": 0.8637059724349158,
            "specificity": 0.7100977198697068,
            "accuracy": 0.7704433497536946,
            "expected AP": 0.6975369458128079
        },
        "1": {
            "TN": 630,
            "FP": 202,
            "FN": 100,
            "TP": 83,
            "AP": 0.27694043450454686,
            "recall": 0.453551912568306,
            "precision": 0.2912280701754386,
            "specificity": 0.7572115384615384,
            "accuracy": 0.7024630541871921,
            "expected AP": 0.18029556650246306
        },
        "2": {
            "TN": 899,
            "FP": 12,
            "FN": 89,
            "TP": 15,
            "AP": 0.336164434672892,
            "recall": 0.14423076923076922,
            "precision": 0.5555555555555556,
            "specificity": 0.986827661909989,
            "accuracy": 0.9004926108374385,
            "expected AP": 0.10246305418719212
        },
        "3": {
            "TN": 952,
            "FP": 43,
            "FN": 13,
            "TP": 7,
            "AP": 0.10846829297209128,
            "recall": 0.35,
            "precision": 0.14,
            "specificity": 0.9567839195979899,
            "accuracy": 0.9448275862068966,
            "expected AP": 0.019704433497536946
        }
    }
}
