{
    "TN": 566,
    "FP": 158,
    "FN": 157,
    "TP": 115,
    "AP": 0.4282006719059553,
    "recall": 0.4227941176470588,
    "precision": 0.42124542124542125,
    "specificity": 0.7817679558011049,
    "accuracy": 0.6837349397590361,
    "expected AP": 0.27309236947791166,
    "auroc": 0.7143016737081573,
    "balanced accuracy": 0.6022810367240818,
    "adjusted balanced accuracy": 0.20456207344816368
}
