{
    "TN": 908,
    "FP": 38,
    "FN": 66,
    "TP": 6,
    "AP": 0.107184515434823,
    "recall": 0.08333333333333333,
    "precision": 0.13636363636363635,
    "specificity": 0.959830866807611,
    "accuracy": 0.8978388998035364,
    "expected AP": 0.07072691552062868,
    "auroc": 0.5684314070941978,
    "balanced accuracy": 0.5215821000704721,
    "adjusted balanced accuracy": 0.04316420014094424
}
