{
    "overall": {
        "mAP": 0.4815965846262145,
        "accuracy": 0.4215456674473068,
        "expected mAP": 0.25,
        "balanced accuracy": 0.33775740025740025,
        "adjusted balanced accuracy": 0.117009867009867
    },
    "classwise": {
        "0": {
            "TN": 66,
            "FP": 213,
            "FN": 15,
            "TP": 133,
            "AP": 0.4777287856129274,
            "recall": 0.8986486486486487,
            "precision": 0.38439306358381503,
            "specificity": 0.23655913978494625,
            "accuracy": 0.46604215456674475,
            "expected AP": 0.34660421545667447
        },
        "1": {
            "TN": 188,
            "FP": 29,
            "FN": 171,
            "TP": 39,
            "AP": 0.5698400234943553,
            "recall": 0.18571428571428572,
            "precision": 0.5735294117647058,
            "specificity": 0.8663594470046083,
            "accuracy": 0.531615925058548,
            "expected AP": 0.4918032786885246
        },
        "2": {
            "TN": 383,
            "FP": 5,
            "FN": 39,
            "TP": 0,
            "AP": 0.12580567503406132,
            "recall": 0.0,
            "precision": 0.0,
            "specificity": 0.9871134020618557,
            "accuracy": 0.8969555035128806,
            "expected AP": 0.09133489461358314
        },
        "3": {
            "TN": 397,
            "FP": 0,
            "FN": 22,
            "TP": 8,
            "AP": 0.7530118543635143,
            "recall": 0.26666666666666666,
            "precision": 1.0,
            "specificity": 1.0,
            "accuracy": 0.9484777517564403,
            "expected AP": 0.0702576112412178
        }
    }
}
