{
    "overall": {
        "mAP": 0.4899972241529444,
        "accuracy": 0.6341045415595544,
        "expected mAP": 0.25,
        "balanced accuracy": 0.4531648560795538,
        "adjusted balanced accuracy": 0.2708864747727384
    },
    "classwise": {
        "0": {
            "TN": 607,
            "FP": 247,
            "FN": 310,
            "TP": 1170,
            "AP": 0.8784703013617248,
            "recall": 0.7905405405405406,
            "precision": 0.8256880733944955,
            "specificity": 0.7107728337236534,
            "accuracy": 0.7613538988860326,
            "expected AP": 0.6341045415595544
        },
        "1": {
            "TN": 1341,
            "FP": 551,
            "FN": 200,
            "TP": 242,
            "AP": 0.3464898262116717,
            "recall": 0.5475113122171946,
            "precision": 0.3051702395964691,
            "specificity": 0.7087737843551797,
            "accuracy": 0.6782347900599829,
            "expected AP": 0.1893744644387318
        },
        "2": {
            "TN": 1938,
            "FP": 35,
            "FN": 310,
            "TP": 51,
            "AP": 0.42949479727495715,
            "recall": 0.14127423822714683,
            "precision": 0.5930232558139535,
            "specificity": 0.9822605169792195,
            "accuracy": 0.8521850899742931,
            "expected AP": 0.1546700942587832
        },
        "3": {
            "TN": 2262,
            "FP": 21,
            "FN": 34,
            "TP": 17,
            "AP": 0.30553397176342384,
            "recall": 0.3333333333333333,
            "precision": 0.4473684210526316,
            "specificity": 0.9908015768725361,
            "accuracy": 0.9764353041988003,
            "expected AP": 0.021850899742930592
        }
    }
}
