{
    "overall": {
        "mAP": 0.4714734639628885,
        "accuracy": 0.5115740740740741,
        "expected mAP": 0.25,
        "balanced accuracy": 0.33194748445628725
    },
    "classwise": {
        "0": {
            "TN": 152,
            "FP": 132,
            "FN": 33,
            "TP": 115,
            "AP": 0.7209910960401668,
            "recall": 0.777027027027027,
            "precision": 0.46558704453441296,
            "specificity": 0.5352112676056338,
            "accuracy": 0.6180555555555556,
            "expected AP": 0.3425925925925926
        },
        "1": {
            "TN": 156,
            "FP": 63,
            "FN": 109,
            "TP": 104,
            "AP": 0.6933475808109345,
            "recall": 0.48826291079812206,
            "precision": 0.6227544910179641,
            "specificity": 0.7123287671232876,
            "accuracy": 0.6018518518518519,
            "expected AP": 0.4930555555555556
        },
        "2": {
            "TN": 378,
            "FP": 15,
            "FN": 39,
            "TP": 0,
            "AP": 0.16692095458678022,
            "recall": 0.0,
            "precision": 0.0,
            "specificity": 0.9618320610687023,
            "accuracy": 0.875,
            "expected AP": 0.09027777777777778
        },
        "3": {
            "TN": 399,
            "FP": 1,
            "FN": 30,
            "TP": 2,
            "AP": 0.3046342244136723,
            "recall": 0.0625,
            "precision": 0.6666666666666666,
            "specificity": 0.9975,
            "accuracy": 0.9282407407407407,
            "expected AP": 0.07407407407407407
        }
    }
}
