{
    "TN": 151,
    "FP": 17,
    "FN": 132,
    "TP": 79,
    "AP": 0.7458341535191753,
    "recall": 0.3744075829383886,
    "precision": 0.8229166666666666,
    "specificity": 0.8988095238095238,
    "accuracy": 0.6068601583113457,
    "expected AP": 0.5567282321899736,
    "auroc": 0.694482058226134,
    "balanced accuracy": 0.6366085533739563,
    "adjusted balanced accuracy": 0.27321710674791255
}
