{
    "overall": {
        "mAP": 0.3077853995787846,
        "accuracy": 0.41435185185185186,
        "expected mAP": 0.25,
        "balanced accuracy": 0.27762181195279784
    },
    "classwise": {
        "0": {
            "TN": 53,
            "FP": 231,
            "FN": 17,
            "TP": 131,
            "AP": 0.3162923757940421,
            "recall": 0.8851351351351351,
            "precision": 0.36187845303867405,
            "specificity": 0.18661971830985916,
            "accuracy": 0.42592592592592593,
            "expected AP": 0.3425925925925926
        },
        "1": {
            "TN": 197,
            "FP": 22,
            "FN": 165,
            "TP": 48,
            "AP": 0.6436184212126983,
            "recall": 0.22535211267605634,
            "precision": 0.6857142857142857,
            "specificity": 0.8995433789954338,
            "accuracy": 0.5671296296296297,
            "expected AP": 0.4930555555555556
        },
        "2": {
            "TN": 393,
            "FP": 0,
            "FN": 39,
            "TP": 0,
            "AP": 0.07167804905051023,
            "recall": 0.0,
            "precision": 0.0,
            "specificity": 1.0,
            "accuracy": 0.9097222222222222,
            "expected AP": 0.09027777777777778
        },
        "3": {
            "TN": 400,
            "FP": 0,
            "FN": 32,
            "TP": 0,
            "AP": 0.19955275225788774,
            "recall": 0.0,
            "precision": 0.0,
            "specificity": 1.0,
            "accuracy": 0.9259259259259259,
            "expected AP": 0.07407407407407407
        }
    }
}
