{
    "TN": 781,
    "FP": 74,
    "FN": 58,
    "TP": 5,
    "AP": 0.08083677099359413,
    "recall": 0.07936507936507936,
    "precision": 0.06329113924050633,
    "specificity": 0.9134502923976608,
    "accuracy": 0.8562091503267973,
    "expected AP": 0.06862745098039216,
    "auroc": 0.5832544323772394,
    "balanced accuracy": 0.4964076858813701,
    "adjusted balanced accuracy": -0.007184628237259849
}
