{
    "TN": 1012,
    "FP": 88,
    "FN": 70,
    "TP": 6,
    "AP": 0.07395136666298509,
    "recall": 0.07894736842105263,
    "precision": 0.06382978723404255,
    "specificity": 0.92,
    "accuracy": 0.8656462585034014,
    "expected AP": 0.06462585034013606,
    "auroc": 0.5705741626794258,
    "balanced accuracy": 0.49947368421052635,
    "adjusted balanced accuracy": -0.001052631578947305
}
