{
    "overall": {
        "mAP": 0.4787461586280733,
        "accuracy": 0.41217798594847777,
        "expected mAP": 0.25,
        "balanced accuracy": 0.33714607464607466,
        "adjusted balanced accuracy": 0.11619476619476621
    },
    "classwise": {
        "0": {
            "TN": 64,
            "FP": 215,
            "FN": 21,
            "TP": 127,
            "AP": 0.4826648134995651,
            "recall": 0.8581081081081081,
            "precision": 0.3713450292397661,
            "specificity": 0.22939068100358423,
            "accuracy": 0.44730679156908665,
            "expected AP": 0.34660421545667447
        },
        "1": {
            "TN": 186,
            "FP": 31,
            "FN": 170,
            "TP": 40,
            "AP": 0.5779021110665395,
            "recall": 0.19047619047619047,
            "precision": 0.5633802816901409,
            "specificity": 0.8571428571428571,
            "accuracy": 0.5292740046838408,
            "expected AP": 0.4918032786885246
        },
        "2": {
            "TN": 383,
            "FP": 5,
            "FN": 39,
            "TP": 0,
            "AP": 0.12206636101065789,
            "recall": 0.0,
            "precision": 0.0,
            "specificity": 0.9871134020618557,
            "accuracy": 0.8969555035128806,
            "expected AP": 0.09133489461358314
        },
        "3": {
            "TN": 397,
            "FP": 0,
            "FN": 21,
            "TP": 9,
            "AP": 0.7323513489355307,
            "recall": 0.3,
            "precision": 1.0,
            "specificity": 1.0,
            "accuracy": 0.9508196721311475,
            "expected AP": 0.0702576112412178
        }
    }
}
