{
    "TN": 116,
    "FP": 52,
    "FN": 119,
    "TP": 92,
    "AP": 0.6435651652453711,
    "recall": 0.43601895734597157,
    "precision": 0.6388888888888888,
    "specificity": 0.6904761904761905,
    "accuracy": 0.5488126649076517,
    "expected AP": 0.5567282321899736,
    "auroc": 0.6200631911532386,
    "balanced accuracy": 0.563247573911081,
    "adjusted balanced accuracy": 0.1264951478221621
}
