{
    "TN": 408,
    "FP": 160,
    "FN": 79,
    "TP": 140,
    "AP": 0.5447274728571184,
    "recall": 0.639269406392694,
    "precision": 0.4666666666666667,
    "specificity": 0.7183098591549296,
    "accuracy": 0.6963151207115629,
    "expected AP": 0.2782719186785261,
    "auroc": 0.7638232362209789,
    "balanced accuracy": 0.6787896327738119,
    "adjusted balanced accuracy": 0.35757926554762376
}
