{
    "TN": 1047,
    "FP": 53,
    "FN": 62,
    "TP": 14,
    "AP": 0.156084685715338,
    "recall": 0.18421052631578946,
    "precision": 0.208955223880597,
    "specificity": 0.9518181818181818,
    "accuracy": 0.9022108843537415,
    "expected AP": 0.06462585034013606,
    "auroc": 0.6733971291866029,
    "balanced accuracy": 0.5680143540669856,
    "adjusted balanced accuracy": 0.13602870813397128
}
