{
    "TN": 378,
    "FP": 16,
    "FN": 31,
    "TP": 2,
    "AP": 0.15818416148908787,
    "recall": 0.06060606060606061,
    "precision": 0.1111111111111111,
    "specificity": 0.9593908629441624,
    "accuracy": 0.8899297423887588,
    "expected AP": 0.07728337236533958,
    "auroc": 0.6514382402707276,
    "balanced accuracy": 0.5099984617751115,
    "adjusted balanced accuracy": 0.01999692355022309
}
