{
    "overall": {
        "mAP": 0.38029246585777765,
        "accuracy": 0.5960591133004927,
        "expected mAP": 0.25,
        "balanced accuracy": 0.43281146472310683,
        "adjusted balanced accuracy": 0.2437486196308091
    },
    "classwise": {
        "0": {
            "TN": 202,
            "FP": 105,
            "FN": 213,
            "TP": 495,
            "AP": 0.8579866925119479,
            "recall": 0.6991525423728814,
            "precision": 0.825,
            "specificity": 0.6579804560260586,
            "accuracy": 0.6866995073891625,
            "expected AP": 0.6975369458128079
        },
        "1": {
            "TN": 590,
            "FP": 242,
            "FN": 99,
            "TP": 84,
            "AP": 0.22594720001581176,
            "recall": 0.45901639344262296,
            "precision": 0.25766871165644173,
            "specificity": 0.7091346153846154,
            "accuracy": 0.6640394088669951,
            "expected AP": 0.18029556650246306
        },
        "2": {
            "TN": 874,
            "FP": 37,
            "FN": 86,
            "TP": 18,
            "AP": 0.1907383575871674,
            "recall": 0.17307692307692307,
            "precision": 0.32727272727272727,
            "specificity": 0.9593852908891328,
            "accuracy": 0.8788177339901477,
            "expected AP": 0.10246305418719212
        },
        "3": {
            "TN": 969,
            "FP": 26,
            "FN": 12,
            "TP": 8,
            "AP": 0.24649761331618347,
            "recall": 0.4,
            "precision": 0.23529411764705882,
            "specificity": 0.9738693467336683,
            "accuracy": 0.9625615763546798,
            "expected AP": 0.019704433497536946
        }
    }
}
