{
    "TN": 393,
    "FP": 1,
    "FN": 32,
    "TP": 1,
    "AP": 0.16213694127153755,
    "recall": 0.030303030303030304,
    "precision": 0.5,
    "specificity": 0.9974619289340102,
    "accuracy": 0.9227166276346604,
    "expected AP": 0.07728337236533958,
    "auroc": 0.5622981079833872,
    "balanced accuracy": 0.5138824796185203,
    "adjusted balanced accuracy": 0.027764959237040587
}
