{
    "overall": {
        "mAP": 0.4480085952827932,
        "accuracy": 0.4168618266978923,
        "expected mAP": 0.25,
        "balanced accuracy": 0.3053088803088803,
        "adjusted balanced accuracy": 0.07374517374517375
    },
    "classwise": {
        "0": {
            "TN": 66,
            "FP": 213,
            "FN": 18,
            "TP": 130,
            "AP": 0.4659762936261773,
            "recall": 0.8783783783783784,
            "precision": 0.37900874635568516,
            "specificity": 0.23655913978494625,
            "accuracy": 0.45901639344262296,
            "expected AP": 0.34660421545667447
        },
        "1": {
            "TN": 188,
            "FP": 29,
            "FN": 166,
            "TP": 44,
            "AP": 0.5465577068482167,
            "recall": 0.20952380952380953,
            "precision": 0.6027397260273972,
            "specificity": 0.8663594470046083,
            "accuracy": 0.5433255269320844,
            "expected AP": 0.4918032786885246
        },
        "2": {
            "TN": 382,
            "FP": 6,
            "FN": 39,
            "TP": 0,
            "AP": 0.1439693728627825,
            "recall": 0.0,
            "precision": 0.0,
            "specificity": 0.9845360824742269,
            "accuracy": 0.8946135831381733,
            "expected AP": 0.09133489461358314
        },
        "3": {
            "TN": 396,
            "FP": 1,
            "FN": 26,
            "TP": 4,
            "AP": 0.6355310077939964,
            "recall": 0.13333333333333333,
            "precision": 0.8,
            "specificity": 0.9974811083123426,
            "accuracy": 0.936768149882904,
            "expected AP": 0.0702576112412178
        }
    }
}
