{
    "TN": 1283,
    "FP": 290,
    "FN": 157,
    "TP": 437,
    "AP": 0.6904828025489038,
    "recall": 0.7356902356902357,
    "precision": 0.6011004126547456,
    "specificity": 0.8156389065479974,
    "accuracy": 0.7937240424550069,
    "expected AP": 0.27411167512690354,
    "auroc": 0.8583905381426042,
    "balanced accuracy": 0.7756645711191166,
    "adjusted balanced accuracy": 0.5513291422382331
}
