{
    "TN": 5768,
    "FP": 123,
    "FN": 83,
    "TP": 3140,
    "AP": 0.9950806815189717,
    "recall": 0.974247595408005,
    "precision": 0.9623046276432731,
    "specificity": 0.9791206925819046,
    "accuracy": 0.977397410577134,
    "expected AP": 0.35363177529076145,
    "auroc": 0.9970811662673431,
    "balanced accuracy": 0.9766841439949547,
    "adjusted balanced accuracy": 0.9533682879899095
}
