{
    "overall": {
        "mAP": 0.4030869197494268,
        "accuracy": 0.449535192563081,
        "expected mAP": 0.25,
        "balanced accuracy": 0.34516991136401853,
        "adjusted balanced accuracy": 0.1268932151520247
    },
    "classwise": {
        "0": {
            "TN": 735,
            "FP": 1280,
            "FN": 138,
            "TP": 859,
            "AP": 0.5004337936584202,
            "recall": 0.8615847542627884,
            "precision": 0.4015895278167368,
            "specificity": 0.36476426799007444,
            "accuracy": 0.5292164674634794,
            "expected AP": 0.33100929614873836
        },
        "1": {
            "TN": 1272,
            "FP": 276,
            "FN": 1029,
            "TP": 435,
            "AP": 0.5780475536615136,
            "recall": 0.29713114754098363,
            "precision": 0.6118143459915611,
            "specificity": 0.8217054263565892,
            "accuracy": 0.5667330677290837,
            "expected AP": 0.4860557768924303
        },
        "2": {
            "TN": 2568,
            "FP": 95,
            "FN": 313,
            "TP": 36,
            "AP": 0.21037166171998548,
            "recall": 0.10315186246418338,
            "precision": 0.2748091603053435,
            "specificity": 0.9643259481787457,
            "accuracy": 0.8645418326693227,
            "expected AP": 0.11586985391766268
        },
        "3": {
            "TN": 2803,
            "FP": 7,
            "FN": 178,
            "TP": 24,
            "AP": 0.32349466995778775,
            "recall": 0.1188118811881188,
            "precision": 0.7741935483870968,
            "specificity": 0.997508896797153,
            "accuracy": 0.9385790172642763,
            "expected AP": 0.06706507304116865
        }
    }
}
