{
    "overall": {
        "mAP": 0.47030184553740095,
        "accuracy": 0.5986336464560205,
        "expected mAP": 0.25,
        "balanced accuracy": 0.48707199236589627,
        "adjusted balanced accuracy": 0.316095989821195
    },
    "classwise": {
        "0": {
            "TN": 307,
            "FP": 129,
            "FN": 173,
            "TP": 562,
            "AP": 0.8711407443430521,
            "recall": 0.7646258503401361,
            "precision": 0.8133140376266281,
            "specificity": 0.7041284403669725,
            "accuracy": 0.7421007685738685,
            "expected AP": 0.627668659265585
        },
        "1": {
            "TN": 673,
            "FP": 280,
            "FN": 119,
            "TP": 99,
            "AP": 0.3011973928163247,
            "recall": 0.4541284403669725,
            "precision": 0.2612137203166227,
            "specificity": 0.7061909758656874,
            "accuracy": 0.659265584970111,
            "expected AP": 0.18616567036720752
        },
        "2": {
            "TN": 941,
            "FP": 37,
            "FN": 168,
            "TP": 25,
            "AP": 0.35012223302176904,
            "recall": 0.12953367875647667,
            "precision": 0.4032258064516129,
            "specificity": 0.9621676891615542,
            "accuracy": 0.8249359521776259,
            "expected AP": 0.16481639624252775
        },
        "3": {
            "TN": 1123,
            "FP": 23,
            "FN": 10,
            "TP": 15,
            "AP": 0.3587470119684578,
            "recall": 0.6,
            "precision": 0.39473684210526316,
            "specificity": 0.9799301919720768,
            "accuracy": 0.9718189581554227,
            "expected AP": 0.02134927412467976
        }
    }
}
