{
    "overall": {
        "mAP": 0.9999366241026263,
        "accuracy": 0.9967246157722348,
        "expected mAP": 0.25,
        "balanced accuracy": 0.9970716490729186,
        "adjusted balanced accuracy": 0.9960955320972248
    },
    "classwise": {
        "0": {
            "TN": 1754,
            "FP": 8,
            "FN": 3,
            "TP": 2204,
            "AP": 0.9999623166128495,
            "recall": 0.9986406887177164,
            "precision": 0.9963833634719711,
            "specificity": 0.9954597048808173,
            "accuracy": 0.9972285210380448,
            "expected AP": 0.5560594608213656
        },
        "1": {
            "TN": 2545,
            "FP": 4,
            "FN": 9,
            "TP": 1411,
            "AP": 0.9998793649527846,
            "recall": 0.9936619718309859,
            "precision": 0.9971731448763251,
            "specificity": 0.9984307571596704,
            "accuracy": 0.9967246157722348,
            "expected AP": 0.35777273872511967
        },
        "2": {
            "TN": 3719,
            "FP": 1,
            "FN": 1,
            "TP": 248,
            "AP": 0.999904814844871,
            "recall": 0.9959839357429718,
            "precision": 0.9959839357429718,
            "specificity": 0.999731182795699,
            "accuracy": 0.99949609473419,
            "expected AP": 0.06273620559334846
        },
        "3": {
            "TN": 3876,
            "FP": 0,
            "FN": 0,
            "TP": 93,
            "AP": 0.9999999999999999,
            "recall": 1.0,
            "precision": 1.0,
            "specificity": 1.0,
            "accuracy": 1.0,
            "expected AP": 0.02343159486016629
        }
    }
}
