{
    "overall": {
        "mAP": 0.4619634748372388,
        "accuracy": 0.6002190580503833,
        "expected mAP": 0.24999999999999997,
        "balanced accuracy": 0.5061470791737998,
        "adjusted balanced accuracy": 0.34152943889839965
    },
    "classwise": {
        "0": {
            "TN": 239,
            "FP": 90,
            "FN": 147,
            "TP": 437,
            "AP": 0.873433110392225,
            "recall": 0.7482876712328768,
            "precision": 0.8292220113851992,
            "specificity": 0.7264437689969605,
            "accuracy": 0.7404162102957283,
            "expected AP": 0.6396495071193866
        },
        "1": {
            "TN": 525,
            "FP": 221,
            "FN": 88,
            "TP": 79,
            "AP": 0.28462259832793824,
            "recall": 0.47305389221556887,
            "precision": 0.2633333333333333,
            "specificity": 0.7037533512064343,
            "accuracy": 0.6615553121577218,
            "expected AP": 0.1829134720700986
        },
        "2": {
            "TN": 743,
            "FP": 30,
            "FN": 123,
            "TP": 17,
            "AP": 0.3114167741789559,
            "recall": 0.12142857142857143,
            "precision": 0.3617021276595745,
            "specificity": 0.9611901681759379,
            "accuracy": 0.8324205914567361,
            "expected AP": 0.1533406352683461
        },
        "3": {
            "TN": 868,
            "FP": 23,
            "FN": 7,
            "TP": 15,
            "AP": 0.37838141644983597,
            "recall": 0.6818181818181818,
            "precision": 0.39473684210526316,
            "specificity": 0.9741863075196409,
            "accuracy": 0.9671412924424972,
            "expected AP": 0.024096385542168676
        }
    }
}
