{
    "overall": {
        "mAP": 0.47416674802841197,
        "accuracy": 0.48050314465408805,
        "expected mAP": 0.25
    },
    "classwise": {
        "0": {
            "TN": 4196,
            "FP": 4962,
            "FN": 768,
            "TP": 3589,
            "AP": 0.5414715104678384,
            "recall": 0.8237319256369061,
            "precision": 0.41971699216465913,
            "specificity": 0.4581786416248089,
            "accuracy": 0.5760266370699223,
            "expected AP": 0.3223825379208287
        },
        "1": {
            "TN": 5339,
            "FP": 1802,
            "FN": 3859,
            "TP": 2515,
            "AP": 0.5635979195101644,
            "recall": 0.3945716975211798,
            "precision": 0.5825804957146167,
            "specificity": 0.7476543901414368,
            "accuracy": 0.5811320754716981,
            "expected AP": 0.4716241213466519
        },
        "2": {
            "TN": 11299,
            "FP": 251,
            "FN": 1831,
            "TP": 134,
            "AP": 0.20801517450627122,
            "recall": 0.06819338422391857,
            "precision": 0.34805194805194806,
            "specificity": 0.9782683982683983,
            "accuracy": 0.8459489456159822,
            "expected AP": 0.1453940066592675
        },
        "3": {
            "TN": 12690,
            "FP": 6,
            "FN": 563,
            "TP": 256,
            "AP": 0.5835823876293739,
            "recall": 0.3125763125763126,
            "precision": 0.9770992366412213,
            "specificity": 0.9995274102079396,
            "accuracy": 0.9578986311505734,
            "expected AP": 0.060599334073251944
        }
    }
}
