{
    "overall": {
        "mAP": 0.3976507915034464,
        "accuracy": 0.44675925925925924,
        "expected mAP": 0.25,
        "balanced accuracy": 0.29856815442202767
    },
    "classwise": {
        "0": {
            "TN": 119,
            "FP": 165,
            "FN": 34,
            "TP": 114,
            "AP": 0.6165541237330325,
            "recall": 0.7702702702702703,
            "precision": 0.40860215053763443,
            "specificity": 0.41901408450704225,
            "accuracy": 0.5393518518518519,
            "expected AP": 0.3425925925925926
        },
        "1": {
            "TN": 157,
            "FP": 62,
            "FN": 136,
            "TP": 77,
            "AP": 0.6112110866798952,
            "recall": 0.3615023474178404,
            "precision": 0.5539568345323741,
            "specificity": 0.7168949771689498,
            "accuracy": 0.5416666666666666,
            "expected AP": 0.4930555555555556
        },
        "2": {
            "TN": 383,
            "FP": 10,
            "FN": 39,
            "TP": 0,
            "AP": 0.14153956053111993,
            "recall": 0.0,
            "precision": 0.0,
            "specificity": 0.9745547073791349,
            "accuracy": 0.8865740740740741,
            "expected AP": 0.09027777777777778
        },
        "3": {
            "TN": 398,
            "FP": 2,
            "FN": 30,
            "TP": 2,
            "AP": 0.22129839506973772,
            "recall": 0.0625,
            "precision": 0.5,
            "specificity": 0.995,
            "accuracy": 0.9259259259259259,
            "expected AP": 0.07407407407407407
        }
    }
}
