{
    "TN": 115,
    "FP": 53,
    "FN": 123,
    "TP": 88,
    "AP": 0.6529149090179105,
    "recall": 0.41706161137440756,
    "precision": 0.624113475177305,
    "specificity": 0.6845238095238095,
    "accuracy": 0.5356200527704486,
    "expected AP": 0.5567282321899736,
    "auroc": 0.6265656736628301,
    "balanced accuracy": 0.5507927104491086,
    "adjusted balanced accuracy": 0.1015854208982172
}
