{
    "TN": 1054,
    "FP": 46,
    "FN": 71,
    "TP": 5,
    "AP": 0.10252555066843173,
    "recall": 0.06578947368421052,
    "precision": 0.09803921568627451,
    "specificity": 0.9581818181818181,
    "accuracy": 0.9005102040816326,
    "expected AP": 0.06462585034013606,
    "auroc": 0.6882416267942584,
    "balanced accuracy": 0.5119856459330143,
    "adjusted balanced accuracy": 0.023971291866028643
}
