{
    "TN": 811,
    "FP": 44,
    "FN": 59,
    "TP": 4,
    "AP": 0.1079774003089775,
    "recall": 0.06349206349206349,
    "precision": 0.08333333333333333,
    "specificity": 0.9485380116959065,
    "accuracy": 0.8877995642701525,
    "expected AP": 0.06862745098039216,
    "auroc": 0.6913208948296667,
    "balanced accuracy": 0.5060150375939849,
    "adjusted balanced accuracy": 0.012030075187969835
}
