{
    "overall": {
        "mAP": 0.48491542872726867,
        "accuracy": 0.4794672586015538,
        "expected mAP": 0.25
    },
    "classwise": {
        "0": {
            "TN": 4271,
            "FP": 4887,
            "FN": 765,
            "TP": 3592,
            "AP": 0.5614525809923125,
            "recall": 0.824420472802387,
            "precision": 0.4236348626017219,
            "specificity": 0.4663682026643372,
            "accuracy": 0.5817980022197559,
            "expected AP": 0.3223825379208287
        },
        "1": {
            "TN": 5248,
            "FP": 1893,
            "FN": 3855,
            "TP": 2519,
            "AP": 0.565928243897469,
            "recall": 0.3951992469406966,
            "precision": 0.5709428830462375,
            "specificity": 0.7349110768799888,
            "accuracy": 0.5746947835738069,
            "expected AP": 0.4716241213466519
        },
        "2": {
            "TN": 11304,
            "FP": 246,
            "FN": 1845,
            "TP": 120,
            "AP": 0.1860882961781811,
            "recall": 0.061068702290076333,
            "precision": 0.32786885245901637,
            "specificity": 0.9787012987012987,
            "accuracy": 0.8452830188679246,
            "expected AP": 0.1453940066592675
        },
        "3": {
            "TN": 12687,
            "FP": 9,
            "FN": 570,
            "TP": 249,
            "AP": 0.6261925938411121,
            "recall": 0.304029304029304,
            "precision": 0.9651162790697675,
            "specificity": 0.9992911153119093,
            "accuracy": 0.9571587125416204,
            "expected AP": 0.060599334073251944
        }
    }
}
