{
    "overall": {
        "mAP": 0.4886732907759495,
        "accuracy": 0.4967073621901591,
        "expected mAP": 0.25
    },
    "classwise": {
        "0": {
            "TN": 4629,
            "FP": 4529,
            "FN": 800,
            "TP": 3557,
            "AP": 0.565487321304053,
            "recall": 0.8163874225384439,
            "precision": 0.43989611674499135,
            "specificity": 0.5054597073596855,
            "accuracy": 0.6056973732889382,
            "expected AP": 0.3223825379208287
        },
        "1": {
            "TN": 5129,
            "FP": 2012,
            "FN": 3608,
            "TP": 2766,
            "AP": 0.5637065064135514,
            "recall": 0.43395042359585817,
            "precision": 0.5789033068229384,
            "specificity": 0.7182467441534799,
            "accuracy": 0.5841657417684055,
            "expected AP": 0.4716241213466519
        },
        "2": {
            "TN": 11303,
            "FP": 247,
            "FN": 1843,
            "TP": 122,
            "AP": 0.1982108654765361,
            "recall": 0.06208651399491094,
            "precision": 0.33062330623306235,
            "specificity": 0.9786147186147186,
            "accuracy": 0.8453570107288199,
            "expected AP": 0.1453940066592675
        },
        "3": {
            "TN": 12682,
            "FP": 14,
            "FN": 551,
            "TP": 268,
            "AP": 0.6272884699096577,
            "recall": 0.32722832722832723,
            "precision": 0.950354609929078,
            "specificity": 0.9988972904851922,
            "accuracy": 0.9581945985941547,
            "expected AP": 0.060599334073251944
        }
    }
}
