{
    "overall": {
        "mAP": 0.47741647762607653,
        "accuracy": 0.4262295081967213,
        "expected mAP": 0.25,
        "balanced accuracy": 0.34585684585684584,
        "adjusted balanced accuracy": 0.1278091278091278
    },
    "classwise": {
        "0": {
            "TN": 64,
            "FP": 215,
            "FN": 14,
            "TP": 134,
            "AP": 0.5019992488801045,
            "recall": 0.9054054054054054,
            "precision": 0.3839541547277937,
            "specificity": 0.22939068100358423,
            "accuracy": 0.4637002341920375,
            "expected AP": 0.34660421545667447
        },
        "1": {
            "TN": 193,
            "FP": 24,
            "FN": 171,
            "TP": 39,
            "AP": 0.5913586203523638,
            "recall": 0.18571428571428572,
            "precision": 0.6190476190476191,
            "specificity": 0.8894009216589862,
            "accuracy": 0.5433255269320844,
            "expected AP": 0.4918032786885246
        },
        "2": {
            "TN": 383,
            "FP": 5,
            "FN": 38,
            "TP": 1,
            "AP": 0.1401968842177196,
            "recall": 0.02564102564102564,
            "precision": 0.16666666666666666,
            "specificity": 0.9871134020618557,
            "accuracy": 0.8992974238875878,
            "expected AP": 0.09133489461358314
        },
        "3": {
            "TN": 396,
            "FP": 1,
            "FN": 22,
            "TP": 8,
            "AP": 0.6761111570541182,
            "recall": 0.26666666666666666,
            "precision": 0.8888888888888888,
            "specificity": 0.9974811083123426,
            "accuracy": 0.9461358313817331,
            "expected AP": 0.0702576112412178
        }
    }
}
