{
    "overall": {
        "mAP": 0.4723538646233183,
        "accuracy": 0.41920374707259955,
        "expected mAP": 0.25,
        "balanced accuracy": 0.3504257004257004,
        "adjusted balanced accuracy": 0.1339009339009339
    },
    "classwise": {
        "0": {
            "TN": 57,
            "FP": 222,
            "FN": 12,
            "TP": 136,
            "AP": 0.47757047994339746,
            "recall": 0.918918918918919,
            "precision": 0.37988826815642457,
            "specificity": 0.20430107526881722,
            "accuracy": 0.4519906323185012,
            "expected AP": 0.34660421545667447
        },
        "1": {
            "TN": 196,
            "FP": 21,
            "FN": 177,
            "TP": 33,
            "AP": 0.576486703635345,
            "recall": 0.15714285714285714,
            "precision": 0.6111111111111112,
            "specificity": 0.9032258064516129,
            "accuracy": 0.5362997658079626,
            "expected AP": 0.4918032786885246
        },
        "2": {
            "TN": 384,
            "FP": 4,
            "FN": 38,
            "TP": 1,
            "AP": 0.1460807142331897,
            "recall": 0.02564102564102564,
            "precision": 0.2,
            "specificity": 0.9896907216494846,
            "accuracy": 0.9016393442622951,
            "expected AP": 0.09133489461358314
        },
        "3": {
            "TN": 396,
            "FP": 1,
            "FN": 21,
            "TP": 9,
            "AP": 0.6892775606813409,
            "recall": 0.3,
            "precision": 0.9,
            "specificity": 0.9974811083123426,
            "accuracy": 0.9484777517564403,
            "expected AP": 0.0702576112412178
        }
    }
}
