{
    "overall": {
        "mAP": 0.48426115966036454,
        "accuracy": 0.4788753237143914,
        "expected mAP": 0.25
    },
    "classwise": {
        "0": {
            "TN": 4199,
            "FP": 4959,
            "FN": 671,
            "TP": 3686,
            "AP": 0.5492545718597073,
            "recall": 0.8459949506541198,
            "precision": 0.42637362637362636,
            "specificity": 0.45850622406639,
            "accuracy": 0.5834258231594525,
            "expected AP": 0.3223825379208287
        },
        "1": {
            "TN": 5306,
            "FP": 1835,
            "FN": 3957,
            "TP": 2417,
            "AP": 0.5667654565878382,
            "recall": 0.3791967367430185,
            "precision": 0.5684383819379115,
            "specificity": 0.7430331886290436,
            "accuracy": 0.5714391416944136,
            "expected AP": 0.4716241213466519
        },
        "2": {
            "TN": 11309,
            "FP": 241,
            "FN": 1847,
            "TP": 118,
            "AP": 0.19764512775838466,
            "recall": 0.06005089058524173,
            "precision": 0.3286908077994429,
            "specificity": 0.9791341991341991,
            "accuracy": 0.8455049944506104,
            "expected AP": 0.1453940066592675
        },
        "3": {
            "TN": 12688,
            "FP": 8,
            "FN": 568,
            "TP": 251,
            "AP": 0.6233794824355282,
            "recall": 0.3064713064713065,
            "precision": 0.9691119691119691,
            "specificity": 0.9993698802772527,
            "accuracy": 0.9573806881243063,
            "expected AP": 0.060599334073251944
        }
    }
}
