{
    "overall": {
        "mAP": 0.482983700778695,
        "accuracy": 0.5076581576026638,
        "expected mAP": 0.25
    },
    "classwise": {
        "0": {
            "TN": 4748,
            "FP": 4410,
            "FN": 819,
            "TP": 3538,
            "AP": 0.5652796633928823,
            "recall": 0.8120266238237319,
            "precision": 0.4451434323100151,
            "specificity": 0.518453810875737,
            "accuracy": 0.6130965593784684,
            "expected AP": 0.3223825379208287
        },
        "1": {
            "TN": 5153,
            "FP": 1988,
            "FN": 3441,
            "TP": 2933,
            "AP": 0.5637347136504222,
            "recall": 0.460150611860684,
            "precision": 0.5960170697012802,
            "specificity": 0.721607617980675,
            "accuracy": 0.5982981871994081,
            "expected AP": 0.4716241213466519
        },
        "2": {
            "TN": 11310,
            "FP": 240,
            "FN": 1834,
            "TP": 131,
            "AP": 0.1890229271058696,
            "recall": 0.06666666666666667,
            "precision": 0.353099730458221,
            "specificity": 0.9792207792207792,
            "accuracy": 0.8465408805031447,
            "expected AP": 0.1453940066592675
        },
        "3": {
            "TN": 12680,
            "FP": 16,
            "FN": 560,
            "TP": 259,
            "AP": 0.6138974989656062,
            "recall": 0.3162393162393162,
            "precision": 0.9418181818181818,
            "specificity": 0.9987397605545053,
            "accuracy": 0.9573806881243063,
            "expected AP": 0.060599334073251944
        }
    }
}
