{
    "TN": 100,
    "FP": 68,
    "FN": 91,
    "TP": 120,
    "AP": 0.7022331288016681,
    "recall": 0.5687203791469194,
    "precision": 0.6382978723404256,
    "specificity": 0.5952380952380952,
    "accuracy": 0.5804749340369393,
    "expected AP": 0.5567282321899736,
    "auroc": 0.6425468291582035,
    "balanced accuracy": 0.5819792371925073,
    "adjusted balanced accuracy": 0.16395847438501465
}
