{
    "TN": 406,
    "FP": 162,
    "FN": 52,
    "TP": 167,
    "AP": 0.6761564569254569,
    "recall": 0.7625570776255708,
    "precision": 0.5075987841945289,
    "specificity": 0.7147887323943662,
    "accuracy": 0.7280813214739518,
    "expected AP": 0.2782719186785261,
    "auroc": 0.8321274680043733,
    "balanced accuracy": 0.7386729050099685,
    "adjusted balanced accuracy": 0.47734581001993703
}
