{
    "TN": 385,
    "FP": 9,
    "FN": 29,
    "TP": 4,
    "AP": 0.2021868696142113,
    "recall": 0.12121212121212122,
    "precision": 0.3076923076923077,
    "specificity": 0.9771573604060914,
    "accuracy": 0.9110070257611241,
    "expected AP": 0.07728337236533958,
    "auroc": 0.6606675896015998,
    "balanced accuracy": 0.5491847408091063,
    "adjusted balanced accuracy": 0.09836948161821257
}
