{
    "TN": 588,
    "FP": 136,
    "FN": 146,
    "TP": 126,
    "AP": 0.49072275557088446,
    "recall": 0.4632352941176471,
    "precision": 0.48091603053435117,
    "specificity": 0.8121546961325967,
    "accuracy": 0.7168674698795181,
    "expected AP": 0.27309236947791166,
    "auroc": 0.7453764827754306,
    "balanced accuracy": 0.6376949951251218,
    "adjusted balanced accuracy": 0.2753899902502437
}
