{
    "TN": 79,
    "FP": 89,
    "FN": 62,
    "TP": 149,
    "AP": 0.6489638523478343,
    "recall": 0.7061611374407583,
    "precision": 0.6260504201680672,
    "specificity": 0.47023809523809523,
    "accuracy": 0.6015831134564644,
    "expected AP": 0.5567282321899736,
    "auroc": 0.6178204694199955,
    "balanced accuracy": 0.5881996163394267,
    "adjusted balanced accuracy": 0.1763992326788535
}
