{
    "TN": 1028,
    "FP": 72,
    "FN": 68,
    "TP": 8,
    "AP": 0.0898253094255652,
    "recall": 0.10526315789473684,
    "precision": 0.1,
    "specificity": 0.9345454545454546,
    "accuracy": 0.8809523809523809,
    "expected AP": 0.06462585034013606,
    "auroc": 0.6227811004784689,
    "balanced accuracy": 0.5199043062200956,
    "adjusted balanced accuracy": 0.03980861244019129
}
