{
    "TN": 794,
    "FP": 61,
    "FN": 55,
    "TP": 8,
    "AP": 0.10022463973012177,
    "recall": 0.12698412698412698,
    "precision": 0.11594202898550725,
    "specificity": 0.928654970760234,
    "accuracy": 0.8736383442265795,
    "expected AP": 0.06862745098039216,
    "auroc": 0.6384201243850366,
    "balanced accuracy": 0.5278195488721804,
    "adjusted balanced accuracy": 0.05563909774436082
}
