{
    "TN": 120,
    "FP": 48,
    "FN": 115,
    "TP": 96,
    "AP": 0.6563864549107499,
    "recall": 0.4549763033175355,
    "precision": 0.6666666666666666,
    "specificity": 0.7142857142857143,
    "accuracy": 0.5699208443271768,
    "expected AP": 0.5567282321899736,
    "auroc": 0.633477206048296,
    "balanced accuracy": 0.5846310088016249,
    "adjusted balanced accuracy": 0.16926201760324977
}
