{
    "TN": 117,
    "FP": 51,
    "FN": 115,
    "TP": 96,
    "AP": 0.6596982373261336,
    "recall": 0.4549763033175355,
    "precision": 0.6530612244897959,
    "specificity": 0.6964285714285714,
    "accuracy": 0.5620052770448549,
    "expected AP": 0.5567282321899736,
    "auroc": 0.6332374181900248,
    "balanced accuracy": 0.5757024373730535,
    "adjusted balanced accuracy": 0.15140487474610698
}
