{
    "TN": 2603,
    "FP": 171,
    "FN": 223,
    "TP": 15,
    "AP": 0.08414936247536045,
    "recall": 0.06302521008403361,
    "precision": 0.08064516129032258,
    "specificity": 0.9383561643835616,
    "accuracy": 0.8691899070385126,
    "expected AP": 0.07901726427622842,
    "auroc": 0.4952712159124644,
    "balanced accuracy": 0.5006906872337976,
    "adjusted balanced accuracy": 0.001381374467595231
}
