{
    "overall": {
        "mAP": 0.471649762804096,
        "accuracy": 0.4238875878220141,
        "expected mAP": 0.25,
        "balanced accuracy": 0.33944658944658945,
        "adjusted balanced accuracy": 0.11926211926211927
    },
    "classwise": {
        "0": {
            "TN": 63,
            "FP": 216,
            "FN": 14,
            "TP": 134,
            "AP": 0.48772017352922065,
            "recall": 0.9054054054054054,
            "precision": 0.38285714285714284,
            "specificity": 0.22580645161290322,
            "accuracy": 0.4613583138173302,
            "expected AP": 0.34660421545667447
        },
        "1": {
            "TN": 193,
            "FP": 24,
            "FN": 171,
            "TP": 39,
            "AP": 0.5876712686606222,
            "recall": 0.18571428571428572,
            "precision": 0.6190476190476191,
            "specificity": 0.8894009216589862,
            "accuracy": 0.5433255269320844,
            "expected AP": 0.4918032786885246
        },
        "2": {
            "TN": 383,
            "FP": 5,
            "FN": 39,
            "TP": 0,
            "AP": 0.12589673992457479,
            "recall": 0.0,
            "precision": 0.0,
            "specificity": 0.9871134020618557,
            "accuracy": 0.8969555035128806,
            "expected AP": 0.09133489461358314
        },
        "3": {
            "TN": 396,
            "FP": 1,
            "FN": 22,
            "TP": 8,
            "AP": 0.6853108691019661,
            "recall": 0.26666666666666666,
            "precision": 0.8888888888888888,
            "specificity": 0.9974811083123426,
            "accuracy": 0.9461358313817331,
            "expected AP": 0.0702576112412178
        }
    }
}
