{
    "overall": {
        "mAP": 0.4934551724343105,
        "accuracy": 0.6381780962128967,
        "expected mAP": 0.25,
        "balanced accuracy": 0.507907606500736,
        "adjusted balanced accuracy": 0.34387680866764797
    },
    "classwise": {
        "0": {
            "TN": 570,
            "FP": 198,
            "FN": 270,
            "TP": 916,
            "AP": 0.869783277760083,
            "recall": 0.7723440134907251,
            "precision": 0.822262118491921,
            "specificity": 0.7421875,
            "accuracy": 0.7604912998976459,
            "expected AP": 0.6069600818833163
        },
        "1": {
            "TN": 1116,
            "FP": 466,
            "FN": 129,
            "TP": 243,
            "AP": 0.32759182579098617,
            "recall": 0.6532258064516129,
            "precision": 0.3427362482369535,
            "specificity": 0.7054361567635904,
            "accuracy": 0.695496417604913,
            "expected AP": 0.19037871033776868
        },
        "2": {
            "TN": 1609,
            "FP": 15,
            "FN": 270,
            "TP": 60,
            "AP": 0.431604992657912,
            "recall": 0.18181818181818182,
            "precision": 0.8,
            "specificity": 0.9907635467980296,
            "accuracy": 0.8541453428863869,
            "expected AP": 0.16888433981576254
        },
        "3": {
            "TN": 1860,
            "FP": 28,
            "FN": 38,
            "TP": 28,
            "AP": 0.3448405935282608,
            "recall": 0.42424242424242425,
            "precision": 0.5,
            "specificity": 0.9851694915254238,
            "accuracy": 0.9662231320368475,
            "expected AP": 0.033776867963152504
        }
    }
}
