{
    "overall": {
        "mAP": 0.47436344764775307,
        "accuracy": 0.48472068072512026,
        "expected mAP": 0.25
    },
    "classwise": {
        "0": {
            "TN": 4297,
            "FP": 4861,
            "FN": 655,
            "TP": 3702,
            "AP": 0.5557475816719984,
            "recall": 0.8496672022033509,
            "precision": 0.4323251197010394,
            "specificity": 0.4692072504913737,
            "accuracy": 0.5918608953015169,
            "expected AP": 0.3223825379208287
        },
        "1": {
            "TN": 5281,
            "FP": 1860,
            "FN": 3883,
            "TP": 2491,
            "AP": 0.5692912042898406,
            "recall": 0.3908064010040791,
            "precision": 0.57251206619168,
            "specificity": 0.739532278392382,
            "accuracy": 0.5750647428782834,
            "expected AP": 0.4716241213466519
        },
        "2": {
            "TN": 11319,
            "FP": 231,
            "FN": 1850,
            "TP": 115,
            "AP": 0.20086379507258062,
            "recall": 0.058524173027989825,
            "precision": 0.33236994219653176,
            "specificity": 0.98,
            "accuracy": 0.8460229374768775,
            "expected AP": 0.1453940066592675
        },
        "3": {
            "TN": 12684,
            "FP": 12,
            "FN": 576,
            "TP": 243,
            "AP": 0.5715512095565924,
            "recall": 0.2967032967032967,
            "precision": 0.9529411764705882,
            "specificity": 0.999054820415879,
            "accuracy": 0.9564927857935627,
            "expected AP": 0.060599334073251944
        }
    }
}
