{
    "overall": {
        "mAP": 0.47839367591168913,
        "accuracy": 0.5405105438401776,
        "expected mAP": 0.25
    },
    "classwise": {
        "0": {
            "TN": 5866,
            "FP": 3292,
            "FN": 1139,
            "TP": 3218,
            "AP": 0.5840678174376377,
            "recall": 0.7385815928391095,
            "precision": 0.4943164362519201,
            "specificity": 0.6405328674383053,
            "accuracy": 0.672142064372919,
            "expected AP": 0.3223825379208287
        },
        "1": {
            "TN": 4508,
            "FP": 2633,
            "FN": 2624,
            "TP": 3750,
            "AP": 0.5583188465624405,
            "recall": 0.5883275807969878,
            "precision": 0.5874980416731944,
            "specificity": 0.6312841338748074,
            "accuracy": 0.6110247872733999,
            "expected AP": 0.4716241213466519
        },
        "2": {
            "TN": 11276,
            "FP": 274,
            "FN": 1868,
            "TP": 97,
            "AP": 0.17090540858874465,
            "recall": 0.04936386768447837,
            "precision": 0.261455525606469,
            "specificity": 0.9762770562770563,
            "accuracy": 0.8415094339622642,
            "expected AP": 0.1453940066592675
        },
        "3": {
            "TN": 12685,
            "FP": 11,
            "FN": 579,
            "TP": 240,
            "AP": 0.6002826310579337,
            "recall": 0.29304029304029305,
            "precision": 0.9561752988047809,
            "specificity": 0.9991335853812224,
            "accuracy": 0.9563448020717721,
            "expected AP": 0.060599334073251944
        }
    }
}
