{
    "overall": {
        "mAP": 0.4407025905358344,
        "accuracy": 0.4861111111111111,
        "expected mAP": 0.25,
        "balanced accuracy": 0.31645928498921455
    },
    "classwise": {
        "0": {
            "TN": 144,
            "FP": 140,
            "FN": 38,
            "TP": 110,
            "AP": 0.6905783601992121,
            "recall": 0.7432432432432432,
            "precision": 0.44,
            "specificity": 0.5070422535211268,
            "accuracy": 0.5879629629629629,
            "expected AP": 0.3425925925925926
        },
        "1": {
            "TN": 151,
            "FP": 68,
            "FN": 115,
            "TP": 98,
            "AP": 0.6628973707717865,
            "recall": 0.460093896713615,
            "precision": 0.5903614457831325,
            "specificity": 0.6894977168949772,
            "accuracy": 0.5763888888888888,
            "expected AP": 0.4930555555555556
        },
        "2": {
            "TN": 380,
            "FP": 13,
            "FN": 39,
            "TP": 0,
            "AP": 0.14730244521448943,
            "recall": 0.0,
            "precision": 0.0,
            "specificity": 0.9669211195928753,
            "accuracy": 0.8796296296296297,
            "expected AP": 0.09027777777777778
        },
        "3": {
            "TN": 399,
            "FP": 1,
            "FN": 30,
            "TP": 2,
            "AP": 0.26203218595784966,
            "recall": 0.0625,
            "precision": 0.6666666666666666,
            "specificity": 0.9975,
            "accuracy": 0.9282407407407407,
            "expected AP": 0.07407407407407407
        }
    }
}
