{
    "overall": {
        "mAP": 0.42326254202469904,
        "accuracy": 0.459037711313394,
        "expected mAP": 0.25,
        "balanced accuracy": 0.2996680589562629
    },
    "classwise": {
        "0": {
            "TN": 254,
            "FP": 265,
            "FN": 66,
            "TP": 184,
            "AP": 0.6717390010924745,
            "recall": 0.736,
            "precision": 0.40979955456570155,
            "specificity": 0.48940269749518306,
            "accuracy": 0.5695708712613784,
            "expected AP": 0.3250975292587776
        },
        "1": {
            "TN": 250,
            "FP": 126,
            "FN": 226,
            "TP": 167,
            "AP": 0.6515520810201032,
            "recall": 0.42493638676844786,
            "precision": 0.5699658703071673,
            "specificity": 0.6648936170212766,
            "accuracy": 0.5422626788036411,
            "expected AP": 0.5110533159947984
        },
        "2": {
            "TN": 672,
            "FP": 24,
            "FN": 73,
            "TP": 0,
            "AP": 0.1389661117229039,
            "recall": 0.0,
            "precision": 0.0,
            "specificity": 0.9655172413793104,
            "accuracy": 0.8738621586475943,
            "expected AP": 0.09492847854356307
        },
        "3": {
            "TN": 715,
            "FP": 1,
            "FN": 51,
            "TP": 2,
            "AP": 0.2307929742633144,
            "recall": 0.03773584905660377,
            "precision": 0.6666666666666666,
            "specificity": 0.9986033519553073,
            "accuracy": 0.9323797139141743,
            "expected AP": 0.06892067620286085
        }
    }
}
