{
    "TN": 590,
    "FP": 134,
    "FN": 144,
    "TP": 128,
    "AP": 0.46820426588089803,
    "recall": 0.47058823529411764,
    "precision": 0.48854961832061067,
    "specificity": 0.8149171270718232,
    "accuracy": 0.7208835341365462,
    "expected AP": 0.27309236947791166,
    "auroc": 0.7145479566135847,
    "balanced accuracy": 0.6427526811829705,
    "adjusted balanced accuracy": 0.28550536236594093
}
