{
    "TN": 913,
    "FP": 33,
    "FN": 68,
    "TP": 4,
    "AP": 0.08405147186730717,
    "recall": 0.05555555555555555,
    "precision": 0.10810810810810811,
    "specificity": 0.9651162790697675,
    "accuracy": 0.9007858546168959,
    "expected AP": 0.07072691552062868,
    "auroc": 0.5404040404040404,
    "balanced accuracy": 0.5103359173126615,
    "adjusted balanced accuracy": 0.02067183462532296
}
