{
    "TN": 325,
    "FP": 69,
    "FN": 21,
    "TP": 12,
    "AP": 0.20529655438985062,
    "recall": 0.36363636363636365,
    "precision": 0.14814814814814814,
    "specificity": 0.8248730964467005,
    "accuracy": 0.7892271662763466,
    "expected AP": 0.07728337236533958,
    "auroc": 0.7385786802030456,
    "balanced accuracy": 0.5942547300415321,
    "adjusted balanced accuracy": 0.18850946008306413
}
