{
    "TN": 1315,
    "FP": 258,
    "FN": 257,
    "TP": 337,
    "AP": 0.6118203726408926,
    "recall": 0.5673400673400674,
    "precision": 0.5663865546218487,
    "specificity": 0.8359821996185632,
    "accuracy": 0.7623442547300415,
    "expected AP": 0.27411167512690354,
    "auroc": 0.8131650259749433,
    "balanced accuracy": 0.7016611334793152,
    "adjusted balanced accuracy": 0.4033222669586305
}
