{
    "TN": 5756,
    "FP": 135,
    "FN": 169,
    "TP": 3054,
    "AP": 0.9885608387688843,
    "recall": 0.94756438101148,
    "precision": 0.9576669802445907,
    "specificity": 0.9770836869801391,
    "accuracy": 0.966644722405091,
    "expected AP": 0.35363177529076145,
    "auroc": 0.9941579083835189,
    "balanced accuracy": 0.9623240339958096,
    "adjusted balanced accuracy": 0.9246480679916191
}
