{
    "overall": {
        "mAP": 0.48065060800437,
        "accuracy": 0.48982611912689605,
        "expected mAP": 0.25
    },
    "classwise": {
        "0": {
            "TN": 4252,
            "FP": 4906,
            "FN": 609,
            "TP": 3748,
            "AP": 0.5474537324622355,
            "recall": 0.8602249254073904,
            "precision": 0.43309452276403976,
            "specificity": 0.4642935138676567,
            "accuracy": 0.5919348871624122,
            "expected AP": 0.3223825379208287
        },
        "1": {
            "TN": 5379,
            "FP": 1762,
            "FN": 3889,
            "TP": 2485,
            "AP": 0.5695821180926277,
            "recall": 0.3898650768748039,
            "precision": 0.5851189074640923,
            "specificity": 0.7532558465200953,
            "accuracy": 0.5818719940806512,
            "expected AP": 0.4716241213466519
        },
        "2": {
            "TN": 11333,
            "FP": 217,
            "FN": 1860,
            "TP": 105,
            "AP": 0.18876081961033014,
            "recall": 0.05343511450381679,
            "precision": 0.32608695652173914,
            "specificity": 0.9812121212121212,
            "accuracy": 0.8463189049204588,
            "expected AP": 0.1453940066592675
        },
        "3": {
            "TN": 12686,
            "FP": 10,
            "FN": 537,
            "TP": 282,
            "AP": 0.6168057618522867,
            "recall": 0.3443223443223443,
            "precision": 0.9657534246575342,
            "specificity": 0.9992123503465659,
            "accuracy": 0.9595264520902701,
            "expected AP": 0.060599334073251944
        }
    }
}
