{
    "TN": 610,
    "FP": 114,
    "FN": 150,
    "TP": 122,
    "AP": 0.5066797839613404,
    "recall": 0.4485294117647059,
    "precision": 0.5169491525423728,
    "specificity": 0.8425414364640884,
    "accuracy": 0.7349397590361446,
    "expected AP": 0.27309236947791166,
    "auroc": 0.7289593150796231,
    "balanced accuracy": 0.6455354241143971,
    "adjusted balanced accuracy": 0.29107084822879425
}
