{
    "TN": 942,
    "FP": 4,
    "FN": 70,
    "TP": 2,
    "AP": 0.23703172156497473,
    "recall": 0.027777777777777776,
    "precision": 0.3333333333333333,
    "specificity": 0.9957716701902748,
    "accuracy": 0.9273084479371316,
    "expected AP": 0.07072691552062868,
    "auroc": 0.7010365280714118,
    "balanced accuracy": 0.5117747239840262,
    "adjusted balanced accuracy": 0.023549447968052473
}
