{
    "overall": {
        "mAP": 0.2885308534318423,
        "accuracy": 0.37333333333333335,
        "expected mAP": 0.24999999999999997,
        "balanced accuracy": 0.3028382454452213
    },
    "classwise": {
        "0": {
            "TN": 184,
            "FP": 323,
            "FN": 69,
            "TP": 174,
            "AP": 0.31078614047954,
            "recall": 0.7160493827160493,
            "precision": 0.3501006036217304,
            "specificity": 0.3629191321499014,
            "accuracy": 0.47733333333333333,
            "expected AP": 0.324
        },
        "1": {
            "TN": 298,
            "FP": 70,
            "FN": 294,
            "TP": 88,
            "AP": 0.5589547513857731,
            "recall": 0.23036649214659685,
            "precision": 0.5569620253164557,
            "specificity": 0.8097826086956522,
            "accuracy": 0.5146666666666667,
            "expected AP": 0.5093333333333333
        },
        "2": {
            "TN": 651,
            "FP": 27,
            "FN": 57,
            "TP": 15,
            "AP": 0.2172951298524193,
            "recall": 0.20833333333333334,
            "precision": 0.35714285714285715,
            "specificity": 0.9601769911504425,
            "accuracy": 0.888,
            "expected AP": 0.096
        },
        "3": {
            "TN": 647,
            "FP": 50,
            "FN": 50,
            "TP": 3,
            "AP": 0.06708739200963681,
            "recall": 0.05660377358490566,
            "precision": 0.05660377358490566,
            "specificity": 0.9282639885222381,
            "accuracy": 0.8666666666666667,
            "expected AP": 0.07066666666666667
        }
    }
}
