{
    "TN": 113,
    "FP": 55,
    "FN": 106,
    "TP": 105,
    "AP": 0.6642111289575028,
    "recall": 0.4976303317535545,
    "precision": 0.65625,
    "specificity": 0.6726190476190477,
    "accuracy": 0.575197889182058,
    "expected AP": 0.5567282321899736,
    "auroc": 0.6360866621530128,
    "balanced accuracy": 0.585124689686301,
    "adjusted balanced accuracy": 0.1702493793726021
}
