{
    "overall": {
        "mAP": 0.46536578834956244,
        "accuracy": 0.5109877913429522,
        "expected mAP": 0.25
    },
    "classwise": {
        "0": {
            "TN": 5053,
            "FP": 4105,
            "FN": 1010,
            "TP": 3347,
            "AP": 0.5801505942863567,
            "recall": 0.7681891209547854,
            "precision": 0.4491411701556629,
            "specificity": 0.5517580257698187,
            "accuracy": 0.6215316315205327,
            "expected AP": 0.3223825379208287
        },
        "1": {
            "TN": 4922,
            "FP": 2219,
            "FN": 3160,
            "TP": 3214,
            "AP": 0.5690543430034997,
            "recall": 0.5042359585817383,
            "precision": 0.5915700349714706,
            "specificity": 0.6892592073939224,
            "accuracy": 0.6019977802441732,
            "expected AP": 0.4716241213466519
        },
        "2": {
            "TN": 11276,
            "FP": 274,
            "FN": 1863,
            "TP": 102,
            "AP": 0.1679551670570408,
            "recall": 0.051908396946564885,
            "precision": 0.2712765957446808,
            "specificity": 0.9762770562770563,
            "accuracy": 0.8418793932667407,
            "expected AP": 0.1453940066592675
        },
        "3": {
            "TN": 12685,
            "FP": 11,
            "FN": 576,
            "TP": 243,
            "AP": 0.5443030490513525,
            "recall": 0.2967032967032967,
            "precision": 0.9566929133858267,
            "specificity": 0.9991335853812224,
            "accuracy": 0.956566777654458,
            "expected AP": 0.060599334073251944
        }
    }
}
