{
    "TN": 386,
    "FP": 8,
    "FN": 30,
    "TP": 3,
    "AP": 0.157152452456655,
    "recall": 0.09090909090909091,
    "precision": 0.2727272727272727,
    "specificity": 0.9796954314720813,
    "accuracy": 0.9110070257611241,
    "expected AP": 0.07728337236533958,
    "auroc": 0.6774342408860176,
    "balanced accuracy": 0.5353022611905861,
    "adjusted balanced accuracy": 0.07060452238117221
}
