{
    "TN": 417,
    "FP": 118,
    "FN": 100,
    "TP": 103,
    "AP": 0.4422925549944465,
    "recall": 0.5073891625615764,
    "precision": 0.4660633484162896,
    "specificity": 0.7794392523364486,
    "accuracy": 0.7046070460704607,
    "expected AP": 0.2750677506775068,
    "auroc": 0.7213203811979192,
    "balanced accuracy": 0.6434142074490126,
    "adjusted balanced accuracy": 0.28682841489802513
}
