{
    "TN": 554,
    "FP": 170,
    "FN": 117,
    "TP": 155,
    "AP": 0.4467159779148373,
    "recall": 0.5698529411764706,
    "precision": 0.47692307692307695,
    "specificity": 0.7651933701657458,
    "accuracy": 0.7118473895582329,
    "expected AP": 0.27309236947791166,
    "auroc": 0.7324631337341565,
    "balanced accuracy": 0.6675231556711082,
    "adjusted balanced accuracy": 0.3350463113422164
}
