{
    "TN": 945,
    "FP": 1,
    "FN": 66,
    "TP": 6,
    "AP": 0.27867044707079447,
    "recall": 0.08333333333333333,
    "precision": 0.8571428571428571,
    "specificity": 0.9989429175475687,
    "accuracy": 0.9341846758349706,
    "expected AP": 0.07072691552062868,
    "auroc": 0.7289611228564717,
    "balanced accuracy": 0.541138125440451,
    "adjusted balanced accuracy": 0.08227625088090207
}
