{
    "overall": {
        "mAP": 0.45259222825265355,
        "accuracy": 0.48057713651498335,
        "expected mAP": 0.25
    },
    "classwise": {
        "0": {
            "TN": 4298,
            "FP": 4860,
            "FN": 911,
            "TP": 3446,
            "AP": 0.5405268364474114,
            "recall": 0.790911177415653,
            "precision": 0.4148808090536961,
            "specificity": 0.46931644463856736,
            "accuracy": 0.572992970773215,
            "expected AP": 0.3223825379208287
        },
        "1": {
            "TN": 5149,
            "FP": 1992,
            "FN": 3595,
            "TP": 2779,
            "AP": 0.5538966012504554,
            "recall": 0.43598995920928774,
            "precision": 0.5824774680360512,
            "specificity": 0.7210474723428091,
            "accuracy": 0.5866074731779505,
            "expected AP": 0.4716241213466519
        },
        "2": {
            "TN": 11393,
            "FP": 157,
            "FN": 1916,
            "TP": 49,
            "AP": 0.16605884268041804,
            "recall": 0.024936386768447838,
            "precision": 0.23786407766990292,
            "specificity": 0.9864069264069264,
            "accuracy": 0.84661487236404,
            "expected AP": 0.1453940066592675
        },
        "3": {
            "TN": 12685,
            "FP": 11,
            "FN": 598,
            "TP": 221,
            "AP": 0.5498866326323295,
            "recall": 0.2698412698412698,
            "precision": 0.9525862068965517,
            "specificity": 0.9991335853812224,
            "accuracy": 0.9549389567147614,
            "expected AP": 0.060599334073251944
        }
    }
}
