{
    "TN": 113,
    "FP": 55,
    "FN": 107,
    "TP": 104,
    "AP": 0.6455158392344085,
    "recall": 0.4928909952606635,
    "precision": 0.6540880503144654,
    "specificity": 0.6726190476190477,
    "accuracy": 0.5725593667546174,
    "expected AP": 0.5567282321899736,
    "auroc": 0.6372432859399684,
    "balanced accuracy": 0.5827550214398556,
    "adjusted balanced accuracy": 0.16551004287971116
}
