{
    "overall": {
        "mAP": 0.4290945455984392,
        "accuracy": 0.44028103044496486,
        "expected mAP": 0.25,
        "balanced accuracy": 0.3314993564993565,
        "adjusted balanced accuracy": 0.1086658086658087
    },
    "classwise": {
        "0": {
            "TN": 83,
            "FP": 196,
            "FN": 18,
            "TP": 130,
            "AP": 0.48557762813507926,
            "recall": 0.8783783783783784,
            "precision": 0.3987730061349693,
            "specificity": 0.2974910394265233,
            "accuracy": 0.49882903981264637,
            "expected AP": 0.34660421545667447
        },
        "1": {
            "TN": 189,
            "FP": 28,
            "FN": 158,
            "TP": 52,
            "AP": 0.5900492719114984,
            "recall": 0.24761904761904763,
            "precision": 0.65,
            "specificity": 0.8709677419354839,
            "accuracy": 0.5644028103044496,
            "expected AP": 0.4918032786885246
        },
        "2": {
            "TN": 375,
            "FP": 13,
            "FN": 39,
            "TP": 0,
            "AP": 0.10592029417961665,
            "recall": 0.0,
            "precision": 0.0,
            "specificity": 0.9664948453608248,
            "accuracy": 0.8782201405152225,
            "expected AP": 0.09133489461358314
        },
        "3": {
            "TN": 395,
            "FP": 2,
            "FN": 24,
            "TP": 6,
            "AP": 0.5348309881675624,
            "recall": 0.2,
            "precision": 0.75,
            "specificity": 0.9949622166246851,
            "accuracy": 0.9391100702576113,
            "expected AP": 0.0702576112412178
        }
    }
}
