{
    "TN": 121,
    "FP": 47,
    "FN": 114,
    "TP": 97,
    "AP": 0.6639653797813313,
    "recall": 0.4597156398104265,
    "precision": 0.6736111111111112,
    "specificity": 0.7202380952380952,
    "accuracy": 0.575197889182058,
    "expected AP": 0.5567282321899736,
    "auroc": 0.6410939968404423,
    "balanced accuracy": 0.5899768675242609,
    "adjusted balanced accuracy": 0.17995373504852186
}
