{
    "overall": {
        "mAP": 0.477293074376547,
        "accuracy": 0.4332552693208431,
        "expected mAP": 0.25,
        "balanced accuracy": 0.3340733590733591,
        "adjusted balanced accuracy": 0.11209781209781215
    },
    "classwise": {
        "0": {
            "TN": 79,
            "FP": 200,
            "FN": 20,
            "TP": 128,
            "AP": 0.4826787599687814,
            "recall": 0.8648648648648649,
            "precision": 0.3902439024390244,
            "specificity": 0.2831541218637993,
            "accuracy": 0.4847775175644028,
            "expected AP": 0.34660421545667447
        },
        "1": {
            "TN": 184,
            "FP": 33,
            "FN": 160,
            "TP": 50,
            "AP": 0.5906585324861171,
            "recall": 0.23809523809523808,
            "precision": 0.6024096385542169,
            "specificity": 0.847926267281106,
            "accuracy": 0.5480093676814989,
            "expected AP": 0.4918032786885246
        },
        "2": {
            "TN": 379,
            "FP": 9,
            "FN": 39,
            "TP": 0,
            "AP": 0.09321286984587444,
            "recall": 0.0,
            "precision": 0.0,
            "specificity": 0.9768041237113402,
            "accuracy": 0.8875878220140515,
            "expected AP": 0.09133489461358314
        },
        "3": {
            "TN": 397,
            "FP": 0,
            "FN": 23,
            "TP": 7,
            "AP": 0.7426221352054151,
            "recall": 0.23333333333333334,
            "precision": 1.0,
            "specificity": 1.0,
            "accuracy": 0.9461358313817331,
            "expected AP": 0.0702576112412178
        }
    }
}
