{
    "overall": {
        "mAP": 0.43332650695664343,
        "accuracy": 0.5740740740740741,
        "expected mAP": 0.25,
        "balanced accuracy": 0.37530631423677197
    },
    "classwise": {
        "0": {
            "TN": 194,
            "FP": 90,
            "FN": 49,
            "TP": 99,
            "AP": 0.5664060664742305,
            "recall": 0.668918918918919,
            "precision": 0.5238095238095238,
            "specificity": 0.6830985915492958,
            "accuracy": 0.6782407407407407,
            "expected AP": 0.3425925925925926
        },
        "1": {
            "TN": 141,
            "FP": 78,
            "FN": 69,
            "TP": 144,
            "AP": 0.6971018582172468,
            "recall": 0.676056338028169,
            "precision": 0.6486486486486487,
            "specificity": 0.6438356164383562,
            "accuracy": 0.6597222222222222,
            "expected AP": 0.4930555555555556
        },
        "2": {
            "TN": 379,
            "FP": 14,
            "FN": 39,
            "TP": 0,
            "AP": 0.12301660436896847,
            "recall": 0.0,
            "precision": 0.0,
            "specificity": 0.9643765903307888,
            "accuracy": 0.8773148148148148,
            "expected AP": 0.09027777777777778
        },
        "3": {
            "TN": 398,
            "FP": 2,
            "FN": 27,
            "TP": 5,
            "AP": 0.34678149876612807,
            "recall": 0.15625,
            "precision": 0.7142857142857143,
            "specificity": 0.995,
            "accuracy": 0.9328703703703703,
            "expected AP": 0.07407407407407407
        }
    }
}
