{
    "overall": {
        "mAP": 0.4784207302962204,
        "accuracy": 0.474361820199778,
        "expected mAP": 0.25
    },
    "classwise": {
        "0": {
            "TN": 4146,
            "FP": 5012,
            "FN": 645,
            "TP": 3712,
            "AP": 0.550099931611733,
            "recall": 0.8519623594216204,
            "precision": 0.42549289316827144,
            "specificity": 0.4527189342651234,
            "accuracy": 0.5814280429152793,
            "expected AP": 0.3223825379208287
        },
        "1": {
            "TN": 5311,
            "FP": 1830,
            "FN": 4046,
            "TP": 2328,
            "AP": 0.5615917598391305,
            "recall": 0.36523376215877,
            "precision": 0.5598845598845599,
            "specificity": 0.7437333706763759,
            "accuracy": 0.5652238253792082,
            "expected AP": 0.4716241213466519
        },
        "2": {
            "TN": 11294,
            "FP": 256,
            "FN": 1836,
            "TP": 129,
            "AP": 0.1991365965397318,
            "recall": 0.06564885496183206,
            "precision": 0.33506493506493507,
            "specificity": 0.9778354978354978,
            "accuracy": 0.8452090270070293,
            "expected AP": 0.1453940066592675
        },
        "3": {
            "TN": 12690,
            "FP": 6,
            "FN": 577,
            "TP": 242,
            "AP": 0.6028546331942863,
            "recall": 0.2954822954822955,
            "precision": 0.9758064516129032,
            "specificity": 0.9995274102079396,
            "accuracy": 0.9568627450980393,
            "expected AP": 0.060599334073251944
        }
    }
}
