{
    "overall": {
        "mAP": 0.4850637757166312,
        "accuracy": 0.41920374707259955,
        "expected mAP": 0.25,
        "balanced accuracy": 0.34885778635778636,
        "adjusted balanced accuracy": 0.13181038181038182
    },
    "classwise": {
        "0": {
            "TN": 60,
            "FP": 219,
            "FN": 19,
            "TP": 129,
            "AP": 0.5033857852539156,
            "recall": 0.8716216216216216,
            "precision": 0.3706896551724138,
            "specificity": 0.21505376344086022,
            "accuracy": 0.4426229508196721,
            "expected AP": 0.34660421545667447
        },
        "1": {
            "TN": 193,
            "FP": 24,
            "FN": 170,
            "TP": 40,
            "AP": 0.5823990756455082,
            "recall": 0.19047619047619047,
            "precision": 0.625,
            "specificity": 0.8894009216589862,
            "accuracy": 0.5456674473067916,
            "expected AP": 0.4918032786885246
        },
        "2": {
            "TN": 384,
            "FP": 4,
            "FN": 39,
            "TP": 0,
            "AP": 0.11704174881460017,
            "recall": 0.0,
            "precision": 0.0,
            "specificity": 0.9896907216494846,
            "accuracy": 0.8992974238875878,
            "expected AP": 0.09133489461358314
        },
        "3": {
            "TN": 396,
            "FP": 1,
            "FN": 20,
            "TP": 10,
            "AP": 0.7374284931525005,
            "recall": 0.3333333333333333,
            "precision": 0.9090909090909091,
            "specificity": 0.9974811083123426,
            "accuracy": 0.9508196721311475,
            "expected AP": 0.0702576112412178
        }
    }
}
