{
    "overall": {
        "mAP": 0.49496144735647307,
        "accuracy": 0.46064814814814814,
        "expected mAP": 0.25,
        "balanced accuracy": 0.31740400171298055
    },
    "classwise": {
        "0": {
            "TN": 101,
            "FP": 183,
            "FN": 24,
            "TP": 124,
            "AP": 0.7091861367234976,
            "recall": 0.8378378378378378,
            "precision": 0.40390879478827363,
            "specificity": 0.35563380281690143,
            "accuracy": 0.5208333333333334,
            "expected AP": 0.3425925925925926
        },
        "1": {
            "TN": 182,
            "FP": 37,
            "FN": 141,
            "TP": 72,
            "AP": 0.6920531388850784,
            "recall": 0.3380281690140845,
            "precision": 0.6605504587155964,
            "specificity": 0.8310502283105022,
            "accuracy": 0.5879629629629629,
            "expected AP": 0.4930555555555556
        },
        "2": {
            "TN": 381,
            "FP": 12,
            "FN": 39,
            "TP": 0,
            "AP": 0.1523720779783697,
            "recall": 0.0,
            "precision": 0.0,
            "specificity": 0.9694656488549618,
            "accuracy": 0.8819444444444444,
            "expected AP": 0.09027777777777778
        },
        "3": {
            "TN": 399,
            "FP": 1,
            "FN": 29,
            "TP": 3,
            "AP": 0.4262344358389468,
            "recall": 0.09375,
            "precision": 0.75,
            "specificity": 0.9975,
            "accuracy": 0.9305555555555556,
            "expected AP": 0.07407407407407407
        }
    }
}
