{
    "TN": 119,
    "FP": 49,
    "FN": 112,
    "TP": 99,
    "AP": 0.6815433073619072,
    "recall": 0.46919431279620855,
    "precision": 0.668918918918919,
    "specificity": 0.7083333333333334,
    "accuracy": 0.575197889182058,
    "expected AP": 0.5567282321899736,
    "auroc": 0.6586831415030467,
    "balanced accuracy": 0.5887638230647709,
    "adjusted balanced accuracy": 0.17752764612954186
}
