{
    "overall": {
        "mAP": 0.41509908398948003,
        "accuracy": 0.4976851851851852,
        "expected mAP": 0.25,
        "balanced accuracy": 0.3238742703971577
    },
    "classwise": {
        "0": {
            "TN": 150,
            "FP": 134,
            "FN": 35,
            "TP": 113,
            "AP": 0.5838749235565039,
            "recall": 0.7635135135135135,
            "precision": 0.4574898785425101,
            "specificity": 0.528169014084507,
            "accuracy": 0.6087962962962963,
            "expected AP": 0.3425925925925926
        },
        "1": {
            "TN": 152,
            "FP": 67,
            "FN": 113,
            "TP": 100,
            "AP": 0.6658323405999161,
            "recall": 0.4694835680751174,
            "precision": 0.5988023952095808,
            "specificity": 0.6940639269406392,
            "accuracy": 0.5833333333333334,
            "expected AP": 0.4930555555555556
        },
        "2": {
            "TN": 378,
            "FP": 15,
            "FN": 39,
            "TP": 0,
            "AP": 0.1497071730391103,
            "recall": 0.0,
            "precision": 0.0,
            "specificity": 0.9618320610687023,
            "accuracy": 0.875,
            "expected AP": 0.09027777777777778
        },
        "3": {
            "TN": 399,
            "FP": 1,
            "FN": 30,
            "TP": 2,
            "AP": 0.2609818987623896,
            "recall": 0.0625,
            "precision": 0.6666666666666666,
            "specificity": 0.9975,
            "accuracy": 0.9282407407407407,
            "expected AP": 0.07407407407407407
        }
    }
}
