{
    "overall": {
        "mAP": 0.47067638908402576,
        "accuracy": 0.4809470958194599,
        "expected mAP": 0.25
    },
    "classwise": {
        "0": {
            "TN": 4283,
            "FP": 4875,
            "FN": 658,
            "TP": 3699,
            "AP": 0.5458182150515523,
            "recall": 0.8489786550378701,
            "precision": 0.43142057382785165,
            "specificity": 0.4676785324306617,
            "accuracy": 0.5906030336662967,
            "expected AP": 0.3223825379208287
        },
        "1": {
            "TN": 5269,
            "FP": 1872,
            "FN": 3951,
            "TP": 2423,
            "AP": 0.5614102835963504,
            "recall": 0.3801380608722937,
            "precision": 0.5641443538998836,
            "specificity": 0.7378518414787845,
            "accuracy": 0.5691453940066593,
            "expected AP": 0.4716241213466519
        },
        "2": {
            "TN": 11291,
            "FP": 259,
            "FN": 1843,
            "TP": 122,
            "AP": 0.18763152114090972,
            "recall": 0.06208651399491094,
            "precision": 0.32020997375328086,
            "specificity": 0.9775757575757575,
            "accuracy": 0.8444691083980762,
            "expected AP": 0.1453940066592675
        },
        "3": {
            "TN": 12687,
            "FP": 9,
            "FN": 563,
            "TP": 256,
            "AP": 0.5878455365472907,
            "recall": 0.3125763125763126,
            "precision": 0.9660377358490566,
            "specificity": 0.9992911153119093,
            "accuracy": 0.9576766555678875,
            "expected AP": 0.060599334073251944
        }
    }
}
