{
    "TN": 945,
    "FP": 1,
    "FN": 67,
    "TP": 5,
    "AP": 0.29979730523938175,
    "recall": 0.06944444444444445,
    "precision": 0.8333333333333334,
    "specificity": 0.9989429175475687,
    "accuracy": 0.9332023575638507,
    "expected AP": 0.07072691552062868,
    "auroc": 0.6869714587737845,
    "balanced accuracy": 0.5341936809960066,
    "adjusted balanced accuracy": 0.06838736199201323
}
