{
    "TN": 118,
    "FP": 50,
    "FN": 115,
    "TP": 96,
    "AP": 0.6603828803113511,
    "recall": 0.4549763033175355,
    "precision": 0.6575342465753424,
    "specificity": 0.7023809523809523,
    "accuracy": 0.5646437994722955,
    "expected AP": 0.5567282321899736,
    "auroc": 0.6422506206273979,
    "balanced accuracy": 0.578678627849244,
    "adjusted balanced accuracy": 0.1573572556984879
}
