{
    "TN": 383,
    "FP": 11,
    "FN": 28,
    "TP": 5,
    "AP": 0.2181227773271639,
    "recall": 0.15151515151515152,
    "precision": 0.3125,
    "specificity": 0.9720812182741116,
    "accuracy": 0.9086651053864169,
    "expected AP": 0.07728337236533958,
    "auroc": 0.6766266728195662,
    "balanced accuracy": 0.5617981848946316,
    "adjusted balanced accuracy": 0.12359636978926325
}
