{
    "TN": 378,
    "FP": 16,
    "FN": 28,
    "TP": 5,
    "AP": 0.1885654118134622,
    "recall": 0.15151515151515152,
    "precision": 0.23809523809523808,
    "specificity": 0.9593908629441624,
    "accuracy": 0.8969555035128806,
    "expected AP": 0.07728337236533958,
    "auroc": 0.6649361636671282,
    "balanced accuracy": 0.555453007229657,
    "adjusted balanced accuracy": 0.11090601445931392
}
