{
    "overall": {
        "mAP": 0.44657026869935523,
        "accuracy": 0.44454310025897154,
        "expected mAP": 0.25
    },
    "classwise": {
        "0": {
            "TN": 3402,
            "FP": 5756,
            "FN": 552,
            "TP": 3805,
            "AP": 0.47301706442761393,
            "recall": 0.8733073215515262,
            "precision": 0.3979709235435624,
            "specificity": 0.3714784887530028,
            "accuracy": 0.533259341472438,
            "expected AP": 0.3223825379208287
        },
        "1": {
            "TN": 5728,
            "FP": 1413,
            "FN": 4571,
            "TP": 1803,
            "AP": 0.54033085674748,
            "recall": 0.2828679008471917,
            "precision": 0.5606343283582089,
            "specificity": 0.8021285534238902,
            "accuracy": 0.5572327044025157,
            "expected AP": 0.4716241213466519
        },
        "2": {
            "TN": 11223,
            "FP": 327,
            "FN": 1777,
            "TP": 188,
            "AP": 0.22057343502529797,
            "recall": 0.09567430025445292,
            "precision": 0.3650485436893204,
            "specificity": 0.9716883116883117,
            "accuracy": 0.8443211246762856,
            "expected AP": 0.1453940066592675
        },
        "3": {
            "TN": 12685,
            "FP": 11,
            "FN": 607,
            "TP": 212,
            "AP": 0.5523597185970291,
            "recall": 0.2588522588522589,
            "precision": 0.9506726457399103,
            "specificity": 0.9991335853812224,
            "accuracy": 0.9542730299667037,
            "expected AP": 0.060599334073251944
        }
    }
}
