{
    "overall": {
        "mAP": 0.42138791742056925,
        "accuracy": 0.47695153533111356,
        "expected mAP": 0.25
    },
    "classwise": {
        "0": {
            "TN": 3791,
            "FP": 5367,
            "FN": 881,
            "TP": 3476,
            "AP": 0.34216484202920544,
            "recall": 0.7977966490704613,
            "precision": 0.3930792717403596,
            "specificity": 0.4139550120113562,
            "accuracy": 0.5376988531261562,
            "expected AP": 0.3223825379208287
        },
        "1": {
            "TN": 5575,
            "FP": 1566,
            "FN": 3736,
            "TP": 2638,
            "AP": 0.5817650856494112,
            "recall": 0.41386884217132097,
            "precision": 0.6274976213130352,
            "specificity": 0.7807029827755216,
            "accuracy": 0.6076951535331113,
            "expected AP": 0.4716241213466519
        },
        "2": {
            "TN": 11424,
            "FP": 126,
            "FN": 1835,
            "TP": 130,
            "AP": 0.22233338514122797,
            "recall": 0.06615776081424936,
            "precision": 0.5078125,
            "specificity": 0.9890909090909091,
            "accuracy": 0.8549019607843137,
            "expected AP": 0.1453940066592675
        },
        "3": {
            "TN": 12686,
            "FP": 10,
            "FN": 617,
            "TP": 202,
            "AP": 0.5392883568624324,
            "recall": 0.24664224664224665,
            "precision": 0.9528301886792453,
            "specificity": 0.9992123503465659,
            "accuracy": 0.953607103218646,
            "expected AP": 0.060599334073251944
        }
    }
}
