{
    "TN": 448,
    "FP": 120,
    "FN": 62,
    "TP": 157,
    "AP": 0.7214817411161806,
    "recall": 0.7168949771689498,
    "precision": 0.5667870036101083,
    "specificity": 0.7887323943661971,
    "accuracy": 0.7687420584498094,
    "expected AP": 0.2782719186785261,
    "auroc": 0.8411071451540291,
    "balanced accuracy": 0.7528136857675735,
    "adjusted balanced accuracy": 0.5056273715351469
}
