{
    "TN": 945,
    "FP": 1,
    "FN": 69,
    "TP": 3,
    "AP": 0.2891383973436386,
    "recall": 0.041666666666666664,
    "precision": 0.75,
    "specificity": 0.9989429175475687,
    "accuracy": 0.931237721021611,
    "expected AP": 0.07072691552062868,
    "auroc": 0.723939981207423,
    "balanced accuracy": 0.5203047921071177,
    "adjusted balanced accuracy": 0.04060958421423533
}
