{
    "overall": {
        "mAP": 0.46531010287342356,
        "accuracy": 0.4215456674473068,
        "expected mAP": 0.25,
        "balanced accuracy": 0.34340411840411844,
        "adjusted balanced accuracy": 0.12453882453882459
    },
    "classwise": {
        "0": {
            "TN": 67,
            "FP": 212,
            "FN": 18,
            "TP": 130,
            "AP": 0.4869833827297285,
            "recall": 0.8783783783783784,
            "precision": 0.38011695906432746,
            "specificity": 0.24014336917562723,
            "accuracy": 0.4613583138173302,
            "expected AP": 0.34660421545667447
        },
        "1": {
            "TN": 191,
            "FP": 26,
            "FN": 169,
            "TP": 41,
            "AP": 0.5819637789537366,
            "recall": 0.19523809523809524,
            "precision": 0.6119402985074627,
            "specificity": 0.880184331797235,
            "accuracy": 0.5433255269320844,
            "expected AP": 0.4918032786885246
        },
        "2": {
            "TN": 382,
            "FP": 6,
            "FN": 39,
            "TP": 0,
            "AP": 0.11972574515474033,
            "recall": 0.0,
            "precision": 0.0,
            "specificity": 0.9845360824742269,
            "accuracy": 0.8946135831381733,
            "expected AP": 0.09133489461358314
        },
        "3": {
            "TN": 394,
            "FP": 3,
            "FN": 21,
            "TP": 9,
            "AP": 0.6725675046554889,
            "recall": 0.3,
            "precision": 0.75,
            "specificity": 0.9924433249370277,
            "accuracy": 0.9437939110070258,
            "expected AP": 0.0702576112412178
        }
    }
}
