{
    "overall": {
        "mAP": 0.45209711915397877,
        "accuracy": 0.6105892399658411,
        "expected mAP": 0.25,
        "balanced accuracy": 0.40993078117304815,
        "adjusted balanced accuracy": 0.2132410415640642
    },
    "classwise": {
        "0": {
            "TN": 262,
            "FP": 174,
            "FN": 127,
            "TP": 608,
            "AP": 0.8701041388413981,
            "recall": 0.8272108843537415,
            "precision": 0.7774936061381074,
            "specificity": 0.6009174311926605,
            "accuracy": 0.7429547395388557,
            "expected AP": 0.627668659265585
        },
        "1": {
            "TN": 693,
            "FP": 260,
            "FN": 125,
            "TP": 93,
            "AP": 0.24125507810372282,
            "recall": 0.42660550458715596,
            "precision": 0.26345609065155806,
            "specificity": 0.727177334732424,
            "accuracy": 0.6712211784799317,
            "expected AP": 0.18616567036720752
        },
        "2": {
            "TN": 972,
            "FP": 6,
            "FN": 188,
            "TP": 5,
            "AP": 0.31549093083998314,
            "recall": 0.025906735751295335,
            "precision": 0.45454545454545453,
            "specificity": 0.9938650306748467,
            "accuracy": 0.8343296327924851,
            "expected AP": 0.16481639624252775
        },
        "3": {
            "TN": 1130,
            "FP": 16,
            "FN": 16,
            "TP": 9,
            "AP": 0.38153832883081096,
            "recall": 0.36,
            "precision": 0.36,
            "specificity": 0.9860383944153578,
            "accuracy": 0.9726729291204099,
            "expected AP": 0.02134927412467976
        }
    }
}
