{
    "overall": {
        "mAP": 0.47204848372225,
        "accuracy": 0.6297918948521358,
        "expected mAP": 0.24999999999999997,
        "balanced accuracy": 0.42938684541608835,
        "adjusted balanced accuracy": 0.23918246055478445
    },
    "classwise": {
        "0": {
            "TN": 200,
            "FP": 129,
            "FN": 96,
            "TP": 488,
            "AP": 0.8896144699635882,
            "recall": 0.8356164383561644,
            "precision": 0.7909238249594813,
            "specificity": 0.60790273556231,
            "accuracy": 0.7535596933187295,
            "expected AP": 0.6396495071193866
        },
        "1": {
            "TN": 557,
            "FP": 189,
            "FN": 94,
            "TP": 73,
            "AP": 0.2548044580847268,
            "recall": 0.437125748502994,
            "precision": 0.2786259541984733,
            "specificity": 0.7466487935656837,
            "accuracy": 0.6900328587075575,
            "expected AP": 0.1829134720700986
        },
        "2": {
            "TN": 769,
            "FP": 4,
            "FN": 135,
            "TP": 5,
            "AP": 0.32698144131474133,
            "recall": 0.03571428571428571,
            "precision": 0.5555555555555556,
            "specificity": 0.9948253557567918,
            "accuracy": 0.8477546549835706,
            "expected AP": 0.1533406352683461
        },
        "3": {
            "TN": 875,
            "FP": 16,
            "FN": 13,
            "TP": 9,
            "AP": 0.41679356552594354,
            "recall": 0.4090909090909091,
            "precision": 0.36,
            "specificity": 0.9820426487093153,
            "accuracy": 0.968236582694414,
            "expected AP": 0.024096385542168676
        }
    }
}
