{
    "overall": {
        "mAP": 0.4873297331188141,
        "accuracy": 0.49204587495375507,
        "expected mAP": 0.25
    },
    "classwise": {
        "0": {
            "TN": 4507,
            "FP": 4651,
            "FN": 802,
            "TP": 3555,
            "AP": 0.5581382454407929,
            "recall": 0.81592839109479,
            "precision": 0.4332195954179868,
            "specificity": 0.49213802140205287,
            "accuracy": 0.5965223825379208,
            "expected AP": 0.3223825379208287
        },
        "1": {
            "TN": 5173,
            "FP": 1968,
            "FN": 3666,
            "TP": 2708,
            "AP": 0.5670841016310638,
            "recall": 0.42485095701286474,
            "precision": 0.5791274593669803,
            "specificity": 0.7244083461700042,
            "accuracy": 0.5831298557158713,
            "expected AP": 0.4716241213466519
        },
        "2": {
            "TN": 11322,
            "FP": 228,
            "FN": 1851,
            "TP": 114,
            "AP": 0.19744952311586733,
            "recall": 0.05801526717557252,
            "precision": 0.3333333333333333,
            "specificity": 0.9802597402597403,
            "accuracy": 0.8461709211986681,
            "expected AP": 0.1453940066592675
        },
        "3": {
            "TN": 12678,
            "FP": 18,
            "FN": 546,
            "TP": 273,
            "AP": 0.6266470622875324,
            "recall": 0.3333333333333333,
            "precision": 0.9381443298969072,
            "specificity": 0.9985822306238186,
            "accuracy": 0.95826859045505,
            "expected AP": 0.060599334073251944
        }
    }
}
