{
    "overall": {
        "mAP": 0.3620318329313501,
        "accuracy": 0.4398148148148148,
        "expected mAP": 0.25,
        "balanced accuracy": 0.2931100114198706
    },
    "classwise": {
        "0": {
            "TN": 60,
            "FP": 224,
            "FN": 12,
            "TP": 136,
            "AP": 0.3605353770923987,
            "recall": 0.918918918918919,
            "precision": 0.37777777777777777,
            "specificity": 0.2112676056338028,
            "accuracy": 0.4537037037037037,
            "expected AP": 0.3425925925925926
        },
        "1": {
            "TN": 201,
            "FP": 18,
            "FN": 159,
            "TP": 54,
            "AP": 0.6660748361372455,
            "recall": 0.2535211267605634,
            "precision": 0.75,
            "specificity": 0.9178082191780822,
            "accuracy": 0.5902777777777778,
            "expected AP": 0.4930555555555556
        },
        "2": {
            "TN": 393,
            "FP": 0,
            "FN": 39,
            "TP": 0,
            "AP": 0.0734597057443144,
            "recall": 0.0,
            "precision": 0.0,
            "specificity": 1.0,
            "accuracy": 0.9097222222222222,
            "expected AP": 0.09027777777777778
        },
        "3": {
            "TN": 400,
            "FP": 0,
            "FN": 32,
            "TP": 0,
            "AP": 0.34805741275144164,
            "recall": 0.0,
            "precision": 0.0,
            "specificity": 1.0,
            "accuracy": 0.9259259259259259,
            "expected AP": 0.07407407407407407
        }
    }
}
