{
    "overall": {
        "mAP": 0.4821600470162474,
        "accuracy": 0.5059563448020717,
        "expected mAP": 0.25
    },
    "classwise": {
        "0": {
            "TN": 4728,
            "FP": 4430,
            "FN": 845,
            "TP": 3512,
            "AP": 0.5659838506043651,
            "recall": 0.8060592150562313,
            "precision": 0.44220599345253087,
            "specificity": 0.5162699279318629,
            "accuracy": 0.6096929337772845,
            "expected AP": 0.3223825379208287
        },
        "1": {
            "TN": 5116,
            "FP": 2025,
            "FN": 3455,
            "TP": 2919,
            "AP": 0.5618620123691902,
            "recall": 0.45795418889237527,
            "precision": 0.5904126213592233,
            "specificity": 0.7164262708304159,
            "accuracy": 0.5945246022937477,
            "expected AP": 0.4716241213466519
        },
        "2": {
            "TN": 11335,
            "FP": 215,
            "FN": 1826,
            "TP": 139,
            "AP": 0.1945490416334142,
            "recall": 0.07073791348600508,
            "precision": 0.3926553672316384,
            "specificity": 0.9813852813852814,
            "accuracy": 0.8489826119126896,
            "expected AP": 0.1453940066592675
        },
        "3": {
            "TN": 12689,
            "FP": 7,
            "FN": 551,
            "TP": 268,
            "AP": 0.6062452834580202,
            "recall": 0.32722832722832723,
            "precision": 0.9745454545454545,
            "specificity": 0.9994486452425961,
            "accuracy": 0.9587125416204217,
            "expected AP": 0.060599334073251944
        }
    }
}
