{
    "overall": {
        "mAP": 0.4678202961073378,
        "accuracy": 0.4902700702922678,
        "expected mAP": 0.25
    },
    "classwise": {
        "0": {
            "TN": 4691,
            "FP": 4467,
            "FN": 997,
            "TP": 3360,
            "AP": 0.5327667458226633,
            "recall": 0.7711728253385357,
            "precision": 0.42928325028746644,
            "specificity": 0.5122297444856956,
            "accuracy": 0.5957084720680725,
            "expected AP": 0.3223825379208287
        },
        "1": {
            "TN": 5154,
            "FP": 1987,
            "FN": 3488,
            "TP": 2886,
            "AP": 0.5746472017640378,
            "recall": 0.4527769061813618,
            "precision": 0.5922429714754771,
            "specificity": 0.7217476543901414,
            "accuracy": 0.5948945615982242,
            "expected AP": 0.4716241213466519
        },
        "2": {
            "TN": 11128,
            "FP": 422,
            "FN": 1799,
            "TP": 166,
            "AP": 0.2044491831780138,
            "recall": 0.08447837150127227,
            "precision": 0.282312925170068,
            "specificity": 0.9634632034632035,
            "accuracy": 0.8356640769515353,
            "expected AP": 0.1453940066592675
        },
        "3": {
            "TN": 12683,
            "FP": 13,
            "FN": 605,
            "TP": 214,
            "AP": 0.5594180536646364,
            "recall": 0.2612942612942613,
            "precision": 0.9427312775330396,
            "specificity": 0.9989760554505356,
            "accuracy": 0.9542730299667037,
            "expected AP": 0.060599334073251944
        }
    }
}
