{
    "overall": {
        "mAP": 0.4578751493675488,
        "accuracy": 0.41451990632318503,
        "expected mAP": 0.25,
        "balanced accuracy": 0.3270431145431146,
        "adjusted balanced accuracy": 0.10272415272415276
    },
    "classwise": {
        "0": {
            "TN": 62,
            "FP": 217,
            "FN": 15,
            "TP": 133,
            "AP": 0.450259895149393,
            "recall": 0.8986486486486487,
            "precision": 0.38,
            "specificity": 0.2222222222222222,
            "accuracy": 0.4566744730679157,
            "expected AP": 0.34660421545667447
        },
        "1": {
            "TN": 189,
            "FP": 28,
            "FN": 173,
            "TP": 37,
            "AP": 0.5670693422957529,
            "recall": 0.1761904761904762,
            "precision": 0.5692307692307692,
            "specificity": 0.8709677419354839,
            "accuracy": 0.5292740046838408,
            "expected AP": 0.4918032786885246
        },
        "2": {
            "TN": 383,
            "FP": 5,
            "FN": 39,
            "TP": 0,
            "AP": 0.10628522414485003,
            "recall": 0.0,
            "precision": 0.0,
            "specificity": 0.9871134020618557,
            "accuracy": 0.8969555035128806,
            "expected AP": 0.09133489461358314
        },
        "3": {
            "TN": 397,
            "FP": 0,
            "FN": 23,
            "TP": 7,
            "AP": 0.7078861358801992,
            "recall": 0.23333333333333334,
            "precision": 1.0,
            "specificity": 1.0,
            "accuracy": 0.9461358313817331,
            "expected AP": 0.0702576112412178
        }
    }
}
