{
    "TN": 589,
    "FP": 135,
    "FN": 140,
    "TP": 132,
    "AP": 0.4847753371634512,
    "recall": 0.4852941176470588,
    "precision": 0.4943820224719101,
    "specificity": 0.81353591160221,
    "accuracy": 0.7238955823293173,
    "expected AP": 0.27309236947791166,
    "auroc": 0.7296499228144295,
    "balanced accuracy": 0.6494150146246344,
    "adjusted balanced accuracy": 0.2988300292492687
}
