{
    "TN": 111,
    "FP": 57,
    "FN": 107,
    "TP": 104,
    "AP": 0.6644373723269429,
    "recall": 0.4928909952606635,
    "precision": 0.6459627329192547,
    "specificity": 0.6607142857142857,
    "accuracy": 0.5672823218997362,
    "expected AP": 0.5567282321899736,
    "auroc": 0.6283711351839314,
    "balanced accuracy": 0.5768026404874746,
    "adjusted balanced accuracy": 0.1536052809749493
}
