{
    "overall": {
        "mAP": 0.4740119613951456,
        "accuracy": 0.4716981132075472,
        "expected mAP": 0.25
    },
    "classwise": {
        "0": {
            "TN": 4002,
            "FP": 5156,
            "FN": 594,
            "TP": 3763,
            "AP": 0.5495830417688332,
            "recall": 0.8636676612347945,
            "precision": 0.42190828568225136,
            "specificity": 0.4369949770692291,
            "accuracy": 0.5745467998520163,
            "expected AP": 0.3223825379208287
        },
        "1": {
            "TN": 5402,
            "FP": 1739,
            "FN": 4125,
            "TP": 2249,
            "AP": 0.5615482597930075,
            "recall": 0.35283966112331344,
            "precision": 0.5639418254764292,
            "specificity": 0.7564766839378239,
            "accuracy": 0.5661117277099519,
            "expected AP": 0.4716241213466519
        },
        "2": {
            "TN": 11313,
            "FP": 237,
            "FN": 1853,
            "TP": 112,
            "AP": 0.18755081648961747,
            "recall": 0.056997455470737916,
            "precision": 0.3209169054441261,
            "specificity": 0.9794805194805195,
            "accuracy": 0.8453570107288199,
            "expected AP": 0.1453940066592675
        },
        "3": {
            "TN": 12688,
            "FP": 8,
            "FN": 568,
            "TP": 251,
            "AP": 0.5973657275291242,
            "recall": 0.3064713064713065,
            "precision": 0.9691119691119691,
            "specificity": 0.9993698802772527,
            "accuracy": 0.9573806881243063,
            "expected AP": 0.060599334073251944
        }
    }
}
