{
    "overall": {
        "mAP": 0.43422420067939327,
        "accuracy": 0.7113300492610838,
        "expected mAP": 0.25,
        "balanced accuracy": 0.4697918670428395,
        "adjusted balanced accuracy": 0.293055822723786
    },
    "classwise": {
        "0": {
            "TN": 200,
            "FP": 107,
            "FN": 92,
            "TP": 616,
            "AP": 0.9322932161307322,
            "recall": 0.8700564971751412,
            "precision": 0.8520055325034578,
            "specificity": 0.6514657980456026,
            "accuracy": 0.8039408866995074,
            "expected AP": 0.6975369458128079
        },
        "1": {
            "TN": 683,
            "FP": 149,
            "FN": 93,
            "TP": 90,
            "AP": 0.30013015657861025,
            "recall": 0.4918032786885246,
            "precision": 0.37656903765690375,
            "specificity": 0.8209134615384616,
            "accuracy": 0.761576354679803,
            "expected AP": 0.18029556650246306
        },
        "2": {
            "TN": 910,
            "FP": 1,
            "FN": 97,
            "TP": 7,
            "AP": 0.36241602964881553,
            "recall": 0.0673076923076923,
            "precision": 0.875,
            "specificity": 0.9989023051591658,
            "accuracy": 0.903448275862069,
            "expected AP": 0.10246305418719212
        },
        "3": {
            "TN": 959,
            "FP": 36,
            "FN": 11,
            "TP": 9,
            "AP": 0.14205740035941494,
            "recall": 0.45,
            "precision": 0.2,
            "specificity": 0.963819095477387,
            "accuracy": 0.9536945812807882,
            "expected AP": 0.019704433497536946
        }
    }
}
