{
    "overall": {
        "mAP": 0.4711324305260173,
        "accuracy": 0.5023148148148148,
        "expected mAP": 0.25,
        "balanced accuracy": 0.3282836093135389
    },
    "classwise": {
        "0": {
            "TN": 144,
            "FP": 140,
            "FN": 31,
            "TP": 117,
            "AP": 0.6413519117344708,
            "recall": 0.7905405405405406,
            "precision": 0.45525291828793774,
            "specificity": 0.5070422535211268,
            "accuracy": 0.6041666666666666,
            "expected AP": 0.3425925925925926
        },
        "1": {
            "TN": 160,
            "FP": 59,
            "FN": 115,
            "TP": 98,
            "AP": 0.6911799456103256,
            "recall": 0.460093896713615,
            "precision": 0.6242038216560509,
            "specificity": 0.730593607305936,
            "accuracy": 0.5972222222222222,
            "expected AP": 0.4930555555555556
        },
        "2": {
            "TN": 378,
            "FP": 15,
            "FN": 39,
            "TP": 0,
            "AP": 0.18214659325735083,
            "recall": 0.0,
            "precision": 0.0,
            "specificity": 0.9618320610687023,
            "accuracy": 0.875,
            "expected AP": 0.09027777777777778
        },
        "3": {
            "TN": 399,
            "FP": 1,
            "FN": 30,
            "TP": 2,
            "AP": 0.3698512715019221,
            "recall": 0.0625,
            "precision": 0.6666666666666666,
            "specificity": 0.9975,
            "accuracy": 0.9282407407407407,
            "expected AP": 0.07407407407407407
        }
    }
}
