{
    "overall": {
        "mAP": 0.5619101879993157,
        "accuracy": 0.5717592592592593,
        "expected mAP": 0.25,
        "balanced accuracy": 0.38180235693439923
    },
    "classwise": {
        "0": {
            "TN": 176,
            "FP": 108,
            "FN": 47,
            "TP": 101,
            "AP": 0.72589247795784,
            "recall": 0.6824324324324325,
            "precision": 0.48325358851674644,
            "specificity": 0.6197183098591549,
            "accuracy": 0.6412037037037037,
            "expected AP": 0.3425925925925926
        },
        "1": {
            "TN": 156,
            "FP": 63,
            "FN": 73,
            "TP": 140,
            "AP": 0.7699197357838482,
            "recall": 0.6572769953051644,
            "precision": 0.6896551724137931,
            "specificity": 0.7123287671232876,
            "accuracy": 0.6851851851851852,
            "expected AP": 0.4930555555555556
        },
        "2": {
            "TN": 383,
            "FP": 10,
            "FN": 39,
            "TP": 0,
            "AP": 0.20843740394778051,
            "recall": 0.0,
            "precision": 0.0,
            "specificity": 0.9745547073791349,
            "accuracy": 0.8865740740740741,
            "expected AP": 0.09027777777777778
        },
        "3": {
            "TN": 396,
            "FP": 4,
            "FN": 26,
            "TP": 6,
            "AP": 0.5433911343077941,
            "recall": 0.1875,
            "precision": 0.6,
            "specificity": 0.99,
            "accuracy": 0.9305555555555556,
            "expected AP": 0.07407407407407407
        }
    }
}
