{
    "overall": {
        "mAP": 0.48759346718226637,
        "accuracy": 0.623398804440649,
        "expected mAP": 0.25,
        "balanced accuracy": 0.4885450901375904,
        "adjusted balanced accuracy": 0.31806012018345386
    },
    "classwise": {
        "0": {
            "TN": 314,
            "FP": 122,
            "FN": 174,
            "TP": 561,
            "AP": 0.8827491719187847,
            "recall": 0.763265306122449,
            "precision": 0.821376281112738,
            "specificity": 0.7201834862385321,
            "accuracy": 0.7472245943637916,
            "expected AP": 0.627668659265585
        },
        "1": {
            "TN": 691,
            "FP": 262,
            "FN": 104,
            "TP": 114,
            "AP": 0.281305973951747,
            "recall": 0.5229357798165137,
            "precision": 0.30319148936170215,
            "specificity": 0.7250786988457503,
            "accuracy": 0.6874466268146883,
            "expected AP": 0.18616567036720752
        },
        "2": {
            "TN": 937,
            "FP": 41,
            "FN": 149,
            "TP": 44,
            "AP": 0.4149735621346864,
            "recall": 0.22797927461139897,
            "precision": 0.5176470588235295,
            "specificity": 0.9580777096114519,
            "accuracy": 0.8377455166524338,
            "expected AP": 0.16481639624252775
        },
        "3": {
            "TN": 1131,
            "FP": 15,
            "FN": 14,
            "TP": 11,
            "AP": 0.3713451607238473,
            "recall": 0.44,
            "precision": 0.4230769230769231,
            "specificity": 0.9869109947643979,
            "accuracy": 0.9752348420153715,
            "expected AP": 0.02134927412467976
        }
    }
}
