{
    "overall": {
        "mAP": 0.49907886288937603,
        "accuracy": 0.6330777656078861,
        "expected mAP": 0.24999999999999997,
        "balanced accuracy": 0.5108654510938984,
        "adjusted balanced accuracy": 0.34782060145853116
    },
    "classwise": {
        "0": {
            "TN": 241,
            "FP": 88,
            "FN": 142,
            "TP": 442,
            "AP": 0.8869873826577249,
            "recall": 0.7568493150684932,
            "precision": 0.8339622641509434,
            "specificity": 0.7325227963525835,
            "accuracy": 0.7480832420591457,
            "expected AP": 0.6396495071193866
        },
        "1": {
            "TN": 549,
            "FP": 197,
            "FN": 75,
            "TP": 92,
            "AP": 0.30337201677183895,
            "recall": 0.5508982035928144,
            "precision": 0.31833910034602075,
            "specificity": 0.7359249329758714,
            "accuracy": 0.7020810514786419,
            "expected AP": 0.1829134720700986
        },
        "2": {
            "TN": 739,
            "FP": 34,
            "FN": 107,
            "TP": 33,
            "AP": 0.39542998969915216,
            "recall": 0.2357142857142857,
            "precision": 0.4925373134328358,
            "specificity": 0.9560155239327296,
            "accuracy": 0.8455640744797371,
            "expected AP": 0.1533406352683461
        },
        "3": {
            "TN": 876,
            "FP": 15,
            "FN": 11,
            "TP": 11,
            "AP": 0.41052606242878814,
            "recall": 0.5,
            "precision": 0.4230769230769231,
            "specificity": 0.9831649831649831,
            "accuracy": 0.9715224534501643,
            "expected AP": 0.024096385542168676
        }
    }
}
