{
    "overall": {
        "mAP": 0.38917621654394713,
        "accuracy": 0.4699074074074074,
        "expected mAP": 0.25,
        "balanced accuracy": 0.32558229444232967
    },
    "classwise": {
        "0": {
            "TN": 138,
            "FP": 146,
            "FN": 43,
            "TP": 105,
            "AP": 0.44944410516923594,
            "recall": 0.7094594594594594,
            "precision": 0.41832669322709165,
            "specificity": 0.4859154929577465,
            "accuracy": 0.5625,
            "expected AP": 0.3425925925925926
        },
        "1": {
            "TN": 145,
            "FP": 74,
            "FN": 120,
            "TP": 93,
            "AP": 0.6002337404087098,
            "recall": 0.43661971830985913,
            "precision": 0.5568862275449101,
            "specificity": 0.6621004566210046,
            "accuracy": 0.5509259259259259,
            "expected AP": 0.4930555555555556
        },
        "2": {
            "TN": 385,
            "FP": 8,
            "FN": 39,
            "TP": 0,
            "AP": 0.15191964838795538,
            "recall": 0.0,
            "precision": 0.0,
            "specificity": 0.9796437659033079,
            "accuracy": 0.8912037037037037,
            "expected AP": 0.09027777777777778
        },
        "3": {
            "TN": 399,
            "FP": 1,
            "FN": 27,
            "TP": 5,
            "AP": 0.35510737220988725,
            "recall": 0.15625,
            "precision": 0.8333333333333334,
            "specificity": 0.9975,
            "accuracy": 0.9351851851851852,
            "expected AP": 0.07407407407407407
        }
    }
}
