{
    "TN": 151,
    "FP": 17,
    "FN": 176,
    "TP": 35,
    "AP": 0.6797838438585976,
    "recall": 0.16587677725118483,
    "precision": 0.6730769230769231,
    "specificity": 0.8988095238095238,
    "accuracy": 0.49076517150395776,
    "expected AP": 0.5567282321899736,
    "auroc": 0.6301624915368991,
    "balanced accuracy": 0.5323431505303543,
    "adjusted balanced accuracy": 0.0646863010607086
}
