{
    "TN": 1036,
    "FP": 64,
    "FN": 61,
    "TP": 15,
    "AP": 0.13756073644056907,
    "recall": 0.19736842105263158,
    "precision": 0.189873417721519,
    "specificity": 0.9418181818181818,
    "accuracy": 0.8937074829931972,
    "expected AP": 0.06462585034013606,
    "auroc": 0.6566626794258373,
    "balanced accuracy": 0.5695933014354067,
    "adjusted balanced accuracy": 0.1391866028708133
}
