{
    "TN": 946,
    "FP": 154,
    "FN": 57,
    "TP": 19,
    "AP": 0.08502391864899231,
    "recall": 0.25,
    "precision": 0.10982658959537572,
    "specificity": 0.86,
    "accuracy": 0.8205782312925171,
    "expected AP": 0.06462585034013606,
    "auroc": 0.5826674641148326,
    "balanced accuracy": 0.5549999999999999,
    "adjusted balanced accuracy": 0.10999999999999988
}
