{
    "overall": {
        "mAP": 0.480838465775452,
        "accuracy": 0.41920374707259955,
        "expected mAP": 0.25,
        "balanced accuracy": 0.3432110682110682,
        "adjusted balanced accuracy": 0.1242814242814243
    },
    "classwise": {
        "0": {
            "TN": 65,
            "FP": 214,
            "FN": 16,
            "TP": 132,
            "AP": 0.4864817978885807,
            "recall": 0.8918918918918919,
            "precision": 0.3815028901734104,
            "specificity": 0.23297491039426524,
            "accuracy": 0.4613583138173302,
            "expected AP": 0.34660421545667447
        },
        "1": {
            "TN": 189,
            "FP": 28,
            "FN": 172,
            "TP": 38,
            "AP": 0.5659797751505478,
            "recall": 0.18095238095238095,
            "precision": 0.5757575757575758,
            "specificity": 0.8709677419354839,
            "accuracy": 0.531615925058548,
            "expected AP": 0.4918032786885246
        },
        "2": {
            "TN": 383,
            "FP": 5,
            "FN": 39,
            "TP": 0,
            "AP": 0.14614614851023267,
            "recall": 0.0,
            "precision": 0.0,
            "specificity": 0.9871134020618557,
            "accuracy": 0.8969555035128806,
            "expected AP": 0.09133489461358314
        },
        "3": {
            "TN": 396,
            "FP": 1,
            "FN": 21,
            "TP": 9,
            "AP": 0.7247461415524468,
            "recall": 0.3,
            "precision": 0.9,
            "specificity": 0.9974811083123426,
            "accuracy": 0.9484777517564403,
            "expected AP": 0.0702576112412178
        }
    }
}
