{
    "overall": {
        "mAP": 0.4831237150433365,
        "accuracy": 0.4146666666666667,
        "expected mAP": 0.24999999999999997,
        "balanced accuracy": 0.3320776872452375,
        "adjusted balanced accuracy": 0.10943691632698334
    },
    "classwise": {
        "0": {
            "TN": 118,
            "FP": 389,
            "FN": 19,
            "TP": 224,
            "AP": 0.4516289778344055,
            "recall": 0.9218106995884774,
            "precision": 0.36541598694942906,
            "specificity": 0.23274161735700197,
            "accuracy": 0.456,
            "expected AP": 0.324
        },
        "1": {
            "TN": 328,
            "FP": 40,
            "FN": 306,
            "TP": 76,
            "AP": 0.6211432414881591,
            "recall": 0.19895287958115182,
            "precision": 0.6551724137931034,
            "specificity": 0.8913043478260869,
            "accuracy": 0.5386666666666666,
            "expected AP": 0.5093333333333333
        },
        "2": {
            "TN": 668,
            "FP": 10,
            "FN": 72,
            "TP": 0,
            "AP": 0.1129366804594489,
            "recall": 0.0,
            "precision": 0.0,
            "specificity": 0.9852507374631269,
            "accuracy": 0.8906666666666667,
            "expected AP": 0.096
        },
        "3": {
            "TN": 697,
            "FP": 0,
            "FN": 42,
            "TP": 11,
            "AP": 0.7467859603913324,
            "recall": 0.20754716981132076,
            "precision": 1.0,
            "specificity": 1.0,
            "accuracy": 0.944,
            "expected AP": 0.07066666666666667
        }
    }
}
