{
    "overall": {
        "mAP": 0.4660784764681789,
        "accuracy": 0.4238875878220141,
        "expected mAP": 0.25,
        "balanced accuracy": 0.33894787644787644,
        "adjusted balanced accuracy": 0.11859716859716858
    },
    "classwise": {
        "0": {
            "TN": 66,
            "FP": 213,
            "FN": 15,
            "TP": 133,
            "AP": 0.4618135227133784,
            "recall": 0.8986486486486487,
            "precision": 0.38439306358381503,
            "specificity": 0.23655913978494625,
            "accuracy": 0.46604215456674475,
            "expected AP": 0.34660421545667447
        },
        "1": {
            "TN": 190,
            "FP": 27,
            "FN": 170,
            "TP": 40,
            "AP": 0.5803904542515282,
            "recall": 0.19047619047619047,
            "precision": 0.5970149253731343,
            "specificity": 0.8755760368663594,
            "accuracy": 0.5386416861826698,
            "expected AP": 0.4918032786885246
        },
        "2": {
            "TN": 382,
            "FP": 6,
            "FN": 39,
            "TP": 0,
            "AP": 0.10441236768980479,
            "recall": 0.0,
            "precision": 0.0,
            "specificity": 0.9845360824742269,
            "accuracy": 0.8946135831381733,
            "expected AP": 0.09133489461358314
        },
        "3": {
            "TN": 397,
            "FP": 0,
            "FN": 22,
            "TP": 8,
            "AP": 0.7176975612180043,
            "recall": 0.26666666666666666,
            "precision": 1.0,
            "specificity": 1.0,
            "accuracy": 0.9484777517564403,
            "expected AP": 0.0702576112412178
        }
    }
}
