{
    "overall": {
        "mAP": 0.4453563792119714,
        "accuracy": 0.48486866444691085,
        "expected mAP": 0.25
    },
    "classwise": {
        "0": {
            "TN": 4780,
            "FP": 4378,
            "FN": 1244,
            "TP": 3113,
            "AP": 0.49551816276170235,
            "recall": 0.7144824420472803,
            "precision": 0.4155653450807636,
            "specificity": 0.5219480235859358,
            "accuracy": 0.5840177580466148,
            "expected AP": 0.3223825379208287
        },
        "1": {
            "TN": 4760,
            "FP": 2381,
            "FN": 3243,
            "TP": 3131,
            "AP": 0.5374044294320673,
            "recall": 0.491214308126765,
            "precision": 0.568033381712627,
            "specificity": 0.6665733090603557,
            "accuracy": 0.5838697743248242,
            "expected AP": 0.4716241213466519
        },
        "2": {
            "TN": 11349,
            "FP": 201,
            "FN": 1898,
            "TP": 67,
            "AP": 0.16914153250727443,
            "recall": 0.03409669211195929,
            "precision": 0.25,
            "specificity": 0.9825974025974026,
            "accuracy": 0.8446910839807621,
            "expected AP": 0.1453940066592675
        },
        "3": {
            "TN": 12694,
            "FP": 2,
            "FN": 577,
            "TP": 242,
            "AP": 0.5793613921468415,
            "recall": 0.2954822954822955,
            "precision": 0.9918032786885246,
            "specificity": 0.9998424700693131,
            "accuracy": 0.9571587125416204,
            "expected AP": 0.060599334073251944
        }
    }
}
