{
    "overall": {
        "mAP": 0.48388337102620615,
        "accuracy": 0.6059365404298874,
        "expected mAP": 0.25,
        "balanced accuracy": 0.49779570304579823,
        "adjusted balanced accuracy": 0.330394270727731
    },
    "classwise": {
        "0": {
            "TN": 573,
            "FP": 195,
            "FN": 316,
            "TP": 870,
            "AP": 0.8662269825340384,
            "recall": 0.7335581787521079,
            "precision": 0.8169014084507042,
            "specificity": 0.74609375,
            "accuracy": 0.7384851586489253,
            "expected AP": 0.6069600818833163
        },
        "1": {
            "TN": 1085,
            "FP": 497,
            "FN": 133,
            "TP": 239,
            "AP": 0.33049106179958554,
            "recall": 0.6424731182795699,
            "precision": 0.32472826086956524,
            "specificity": 0.6858407079646017,
            "accuracy": 0.6775844421699079,
            "expected AP": 0.19037871033776868
        },
        "2": {
            "TN": 1601,
            "FP": 23,
            "FN": 287,
            "TP": 43,
            "AP": 0.4516535944524871,
            "recall": 0.1303030303030303,
            "precision": 0.6515151515151515,
            "specificity": 0.9858374384236454,
            "accuracy": 0.8413510747185261,
            "expected AP": 0.16888433981576254
        },
        "3": {
            "TN": 1833,
            "FP": 55,
            "FN": 34,
            "TP": 32,
            "AP": 0.2871618453187134,
            "recall": 0.48484848484848486,
            "precision": 0.367816091954023,
            "specificity": 0.9708686440677966,
            "accuracy": 0.9544524053224156,
            "expected AP": 0.033776867963152504
        }
    }
}
