{
    "overall": {
        "mAP": 0.45297976842638205,
        "accuracy": 0.5092592592592593,
        "expected mAP": 0.25,
        "balanced accuracy": 0.33077377553609943
    },
    "classwise": {
        "0": {
            "TN": 154,
            "FP": 130,
            "FN": 33,
            "TP": 115,
            "AP": 0.66957729811007,
            "recall": 0.777027027027027,
            "precision": 0.46938775510204084,
            "specificity": 0.5422535211267606,
            "accuracy": 0.6226851851851852,
            "expected AP": 0.3425925925925926
        },
        "1": {
            "TN": 154,
            "FP": 65,
            "FN": 110,
            "TP": 103,
            "AP": 0.6822506707241657,
            "recall": 0.4835680751173709,
            "precision": 0.6130952380952381,
            "specificity": 0.7031963470319634,
            "accuracy": 0.5949074074074074,
            "expected AP": 0.4930555555555556
        },
        "2": {
            "TN": 377,
            "FP": 16,
            "FN": 39,
            "TP": 0,
            "AP": 0.1639386622548092,
            "recall": 0.0,
            "precision": 0.0,
            "specificity": 0.9592875318066157,
            "accuracy": 0.8726851851851852,
            "expected AP": 0.09027777777777778
        },
        "3": {
            "TN": 399,
            "FP": 1,
            "FN": 30,
            "TP": 2,
            "AP": 0.29615244261648344,
            "recall": 0.0625,
            "precision": 0.6666666666666666,
            "specificity": 0.9975,
            "accuracy": 0.9282407407407407,
            "expected AP": 0.07407407407407407
        }
    }
}
