{
    "TN": 421,
    "FP": 147,
    "FN": 51,
    "TP": 168,
    "AP": 0.7270311559347756,
    "recall": 0.7671232876712328,
    "precision": 0.5333333333333333,
    "specificity": 0.7411971830985915,
    "accuracy": 0.7484116899618806,
    "expected AP": 0.2782719186785261,
    "auroc": 0.8528603125602932,
    "balanced accuracy": 0.7541602353849122,
    "adjusted balanced accuracy": 0.5083204707698243
}
