{
    "TN": 110,
    "FP": 58,
    "FN": 111,
    "TP": 100,
    "AP": 0.6307605217940686,
    "recall": 0.47393364928909953,
    "precision": 0.6329113924050633,
    "specificity": 0.6547619047619048,
    "accuracy": 0.554089709762533,
    "expected AP": 0.5567282321899736,
    "auroc": 0.6120514556533514,
    "balanced accuracy": 0.5643477770255021,
    "adjusted balanced accuracy": 0.1286955540510042
}
