{
    "overall": {
        "mAP": 0.497471724792702,
        "accuracy": 0.47628560858305585,
        "expected mAP": 0.25
    },
    "classwise": {
        "0": {
            "TN": 4349,
            "FP": 4809,
            "FN": 710,
            "TP": 3647,
            "AP": 0.5761151970651958,
            "recall": 0.8370438375028689,
            "precision": 0.43129139072847683,
            "specificity": 0.4748853461454466,
            "accuracy": 0.591638919718831,
            "expected AP": 0.3223825379208287
        },
        "1": {
            "TN": 5139,
            "FP": 2002,
            "FN": 4035,
            "TP": 2339,
            "AP": 0.5532839836531778,
            "recall": 0.3669595230624412,
            "precision": 0.538815941027413,
            "specificity": 0.7196471082481445,
            "accuracy": 0.5533111357750647,
            "expected AP": 0.4716241213466519
        },
        "2": {
            "TN": 11302,
            "FP": 248,
            "FN": 1865,
            "TP": 100,
            "AP": 0.19051209785600404,
            "recall": 0.05089058524173028,
            "precision": 0.28735632183908044,
            "specificity": 0.9785281385281386,
            "accuracy": 0.8436551979282279,
            "expected AP": 0.1453940066592675
        },
        "3": {
            "TN": 12678,
            "FP": 18,
            "FN": 468,
            "TP": 351,
            "AP": 0.6699756205964307,
            "recall": 0.42857142857142855,
            "precision": 0.9512195121951219,
            "specificity": 0.9985822306238186,
            "accuracy": 0.9640399556048834,
            "expected AP": 0.060599334073251944
        }
    }
}
