{
    "TN": 985,
    "FP": 27,
    "FN": 69,
    "TP": 6,
    "AP": 0.1312880405953431,
    "recall": 0.08,
    "precision": 0.18181818181818182,
    "specificity": 0.9733201581027668,
    "accuracy": 0.9116835326586936,
    "expected AP": 0.06899724011039558,
    "auroc": 0.6555928853754941,
    "balanced accuracy": 0.5266600790513835,
    "adjusted balanced accuracy": 0.05332015810276691
}
