{
    "overall": {
        "mAP": 0.47641923711036566,
        "accuracy": 0.4168618266978923,
        "expected mAP": 0.25,
        "balanced accuracy": 0.33587516087516084,
        "adjusted balanced accuracy": 0.11450021450021446
    },
    "classwise": {
        "0": {
            "TN": 63,
            "FP": 216,
            "FN": 14,
            "TP": 134,
            "AP": 0.46584147176482554,
            "recall": 0.9054054054054054,
            "precision": 0.38285714285714284,
            "specificity": 0.22580645161290322,
            "accuracy": 0.4613583138173302,
            "expected AP": 0.34660421545667447
        },
        "1": {
            "TN": 189,
            "FP": 28,
            "FN": 174,
            "TP": 36,
            "AP": 0.5553015896396768,
            "recall": 0.17142857142857143,
            "precision": 0.5625,
            "specificity": 0.8709677419354839,
            "accuracy": 0.5269320843091335,
            "expected AP": 0.4918032786885246
        },
        "2": {
            "TN": 383,
            "FP": 5,
            "FN": 39,
            "TP": 0,
            "AP": 0.12769639557938325,
            "recall": 0.0,
            "precision": 0.0,
            "specificity": 0.9871134020618557,
            "accuracy": 0.8969555035128806,
            "expected AP": 0.09133489461358314
        },
        "3": {
            "TN": 397,
            "FP": 0,
            "FN": 22,
            "TP": 8,
            "AP": 0.7568374914575771,
            "recall": 0.26666666666666666,
            "precision": 1.0,
            "specificity": 1.0,
            "accuracy": 0.9484777517564403,
            "expected AP": 0.0702576112412178
        }
    }
}
