{
    "TN": 1051,
    "FP": 49,
    "FN": 68,
    "TP": 8,
    "AP": 0.11142684710015996,
    "recall": 0.10526315789473684,
    "precision": 0.14035087719298245,
    "specificity": 0.9554545454545454,
    "accuracy": 0.9005102040816326,
    "expected AP": 0.06462585034013606,
    "auroc": 0.6770574162679426,
    "balanced accuracy": 0.5303588516746411,
    "adjusted balanced accuracy": 0.06071770334928228
}
