{
    "TN": 811,
    "FP": 44,
    "FN": 55,
    "TP": 8,
    "AP": 0.12312556615507635,
    "recall": 0.12698412698412698,
    "precision": 0.15384615384615385,
    "specificity": 0.9485380116959065,
    "accuracy": 0.8921568627450981,
    "expected AP": 0.06862745098039216,
    "auroc": 0.6774157616262879,
    "balanced accuracy": 0.5377610693400168,
    "adjusted balanced accuracy": 0.07552213868003355
}
