{
    "TN": 1618,
    "FP": 377,
    "FN": 348,
    "TP": 342,
    "AP": 0.4473010148432831,
    "recall": 0.4956521739130435,
    "precision": 0.4756606397774687,
    "specificity": 0.8110275689223058,
    "accuracy": 0.7299813780260708,
    "expected AP": 0.2569832402234637,
    "auroc": 0.7042878936471615,
    "balanced accuracy": 0.6533398714176746,
    "adjusted balanced accuracy": 0.30667974283534916
}
