{
    "overall": {
        "mAP": 0.5211202570955737,
        "accuracy": 0.44907407407407407,
        "expected mAP": 0.25,
        "balanced accuracy": 0.3263594800786702
    },
    "classwise": {
        "0": {
            "TN": 86,
            "FP": 198,
            "FN": 21,
            "TP": 127,
            "AP": 0.6809161048745009,
            "recall": 0.8581081081081081,
            "precision": 0.39076923076923076,
            "specificity": 0.3028169014084507,
            "accuracy": 0.4930555555555556,
            "expected AP": 0.3425925925925926
        },
        "1": {
            "TN": 188,
            "FP": 31,
            "FN": 151,
            "TP": 62,
            "AP": 0.6790421705107211,
            "recall": 0.29107981220657275,
            "precision": 0.6666666666666666,
            "specificity": 0.8584474885844748,
            "accuracy": 0.5787037037037037,
            "expected AP": 0.4930555555555556
        },
        "2": {
            "TN": 385,
            "FP": 8,
            "FN": 39,
            "TP": 0,
            "AP": 0.15174471827600283,
            "recall": 0.0,
            "precision": 0.0,
            "specificity": 0.9796437659033079,
            "accuracy": 0.8912037037037037,
            "expected AP": 0.09027777777777778
        },
        "3": {
            "TN": 399,
            "FP": 1,
            "FN": 27,
            "TP": 5,
            "AP": 0.5727780347210701,
            "recall": 0.15625,
            "precision": 0.8333333333333334,
            "specificity": 0.9975,
            "accuracy": 0.9351851851851852,
            "expected AP": 0.07407407407407407
        }
    }
}
