{
    "overall": {
        "mAP": 0.41209866303825415,
        "accuracy": 0.5662650602409639,
        "expected mAP": 0.24999999999999997,
        "balanced accuracy": 0.4160927477903115,
        "adjusted balanced accuracy": 0.2214569970537487
    },
    "classwise": {
        "0": {
            "TN": 213,
            "FP": 116,
            "FN": 186,
            "TP": 398,
            "AP": 0.7874503879688455,
            "recall": 0.6815068493150684,
            "precision": 0.77431906614786,
            "specificity": 0.6474164133738601,
            "accuracy": 0.6692223439211391,
            "expected AP": 0.6396495071193866
        },
        "1": {
            "TN": 550,
            "FP": 196,
            "FN": 83,
            "TP": 84,
            "AP": 0.28205961714867933,
            "recall": 0.5029940119760479,
            "precision": 0.3,
            "specificity": 0.7372654155495979,
            "accuracy": 0.6944140197152245,
            "expected AP": 0.1829134720700986
        },
        "2": {
            "TN": 693,
            "FP": 80,
            "FN": 111,
            "TP": 29,
            "AP": 0.21219547740435848,
            "recall": 0.20714285714285716,
            "precision": 0.26605504587155965,
            "specificity": 0.8965071151358344,
            "accuracy": 0.7907995618838992,
            "expected AP": 0.1533406352683461
        },
        "3": {
            "TN": 887,
            "FP": 4,
            "FN": 16,
            "TP": 6,
            "AP": 0.3666891696311334,
            "recall": 0.2727272727272727,
            "precision": 0.6,
            "specificity": 0.9955106621773289,
            "accuracy": 0.9780941949616648,
            "expected AP": 0.024096385542168676
        }
    }
}
