{
    "overall": {
        "mAP": 0.3999024013500524,
        "accuracy": 0.5397096498719044,
        "expected mAP": 0.25,
        "balanced accuracy": 0.39443091359279847,
        "adjusted balanced accuracy": 0.19257455145706462
    },
    "classwise": {
        "0": {
            "TN": 282,
            "FP": 154,
            "FN": 253,
            "TP": 482,
            "AP": 0.7822051259955862,
            "recall": 0.6557823129251701,
            "precision": 0.7578616352201258,
            "specificity": 0.6467889908256881,
            "accuracy": 0.6524338172502135,
            "expected AP": 0.627668659265585
        },
        "1": {
            "TN": 676,
            "FP": 277,
            "FN": 110,
            "TP": 108,
            "AP": 0.26584979708105155,
            "recall": 0.4954128440366973,
            "precision": 0.2805194805194805,
            "specificity": 0.7093389296956978,
            "accuracy": 0.6695132365499573,
            "expected AP": 0.18616567036720752
        },
        "2": {
            "TN": 873,
            "FP": 105,
            "FN": 157,
            "TP": 36,
            "AP": 0.23043759413511838,
            "recall": 0.18652849740932642,
            "precision": 0.2553191489361702,
            "specificity": 0.8926380368098159,
            "accuracy": 0.7762596071733561,
            "expected AP": 0.16481639624252775
        },
        "3": {
            "TN": 1143,
            "FP": 3,
            "FN": 19,
            "TP": 6,
            "AP": 0.3211170881884533,
            "recall": 0.24,
            "precision": 0.6666666666666666,
            "specificity": 0.9973821989528796,
            "accuracy": 0.9812126387702819,
            "expected AP": 0.02134927412467976
        }
    }
}
