{
    "TN": 442,
    "FP": 126,
    "FN": 84,
    "TP": 135,
    "AP": 0.5603557587252828,
    "recall": 0.6164383561643836,
    "precision": 0.5172413793103449,
    "specificity": 0.778169014084507,
    "accuracy": 0.7331639135959339,
    "expected AP": 0.2782719186785261,
    "auroc": 0.7820478808926619,
    "balanced accuracy": 0.6973036851244453,
    "adjusted balanced accuracy": 0.3946073702488906
}
