{
    "overall": {
        "mAP": 0.3313632363837063,
        "accuracy": 0.4444444444444444,
        "expected mAP": 0.25,
        "balanced accuracy": 0.29494194899124476
    },
    "classwise": {
        "0": {
            "TN": 65,
            "FP": 219,
            "FN": 13,
            "TP": 135,
            "AP": 0.3393135490350387,
            "recall": 0.9121621621621622,
            "precision": 0.3813559322033898,
            "specificity": 0.22887323943661972,
            "accuracy": 0.46296296296296297,
            "expected AP": 0.3425925925925926
        },
        "1": {
            "TN": 198,
            "FP": 21,
            "FN": 156,
            "TP": 57,
            "AP": 0.6650491783832131,
            "recall": 0.2676056338028169,
            "precision": 0.7307692307692307,
            "specificity": 0.9041095890410958,
            "accuracy": 0.5902777777777778,
            "expected AP": 0.4930555555555556
        },
        "2": {
            "TN": 393,
            "FP": 0,
            "FN": 39,
            "TP": 0,
            "AP": 0.08781945492204492,
            "recall": 0.0,
            "precision": 0.0,
            "specificity": 1.0,
            "accuracy": 0.9097222222222222,
            "expected AP": 0.09027777777777778
        },
        "3": {
            "TN": 400,
            "FP": 0,
            "FN": 32,
            "TP": 0,
            "AP": 0.23327076319452825,
            "recall": 0.0,
            "precision": 0.0,
            "specificity": 1.0,
            "accuracy": 0.9259259259259259,
            "expected AP": 0.07407407407407407
        }
    }
}
