{
    "TN": 117,
    "FP": 51,
    "FN": 111,
    "TP": 100,
    "AP": 0.6583631492295318,
    "recall": 0.47393364928909953,
    "precision": 0.6622516556291391,
    "specificity": 0.6964285714285714,
    "accuracy": 0.5725593667546174,
    "expected AP": 0.5567282321899736,
    "auroc": 0.6342812006319115,
    "balanced accuracy": 0.5851811103588355,
    "adjusted balanced accuracy": 0.17036222071767093
}
