{
    "TN": 386,
    "FP": 8,
    "FN": 27,
    "TP": 6,
    "AP": 0.21939949349988222,
    "recall": 0.18181818181818182,
    "precision": 0.42857142857142855,
    "specificity": 0.9796954314720813,
    "accuracy": 0.9180327868852459,
    "expected AP": 0.07728337236533958,
    "auroc": 0.6573219504691585,
    "balanced accuracy": 0.5807568066451315,
    "adjusted balanced accuracy": 0.16151361329026304
}
