{
    "overall": {
        "mAP": 0.4722036710990095,
        "accuracy": 0.4168618266978923,
        "expected mAP": 0.25,
        "balanced accuracy": 0.341023166023166,
        "adjusted balanced accuracy": 0.12136422136422136
    },
    "classwise": {
        "0": {
            "TN": 63,
            "FP": 216,
            "FN": 18,
            "TP": 130,
            "AP": 0.4741393030678863,
            "recall": 0.8783783783783784,
            "precision": 0.37572254335260113,
            "specificity": 0.22580645161290322,
            "accuracy": 0.4519906323185012,
            "expected AP": 0.34660421545667447
        },
        "1": {
            "TN": 190,
            "FP": 27,
            "FN": 171,
            "TP": 39,
            "AP": 0.565871165364285,
            "recall": 0.18571428571428572,
            "precision": 0.5909090909090909,
            "specificity": 0.8755760368663594,
            "accuracy": 0.5362997658079626,
            "expected AP": 0.4918032786885246
        },
        "2": {
            "TN": 382,
            "FP": 6,
            "FN": 39,
            "TP": 0,
            "AP": 0.12469360280688699,
            "recall": 0.0,
            "precision": 0.0,
            "specificity": 0.9845360824742269,
            "accuracy": 0.8946135831381733,
            "expected AP": 0.09133489461358314
        },
        "3": {
            "TN": 397,
            "FP": 0,
            "FN": 21,
            "TP": 9,
            "AP": 0.7241106131569796,
            "recall": 0.3,
            "precision": 1.0,
            "specificity": 1.0,
            "accuracy": 0.9508196721311475,
            "expected AP": 0.0702576112412178
        }
    }
}
