{
    "overall": {
        "mAP": 0.4705835724155518,
        "accuracy": 0.4309133489461358,
        "expected mAP": 0.25,
        "balanced accuracy": 0.3501608751608752,
        "adjusted balanced accuracy": 0.1335478335478336
    },
    "classwise": {
        "0": {
            "TN": 65,
            "FP": 214,
            "FN": 14,
            "TP": 134,
            "AP": 0.48870221620895865,
            "recall": 0.9054054054054054,
            "precision": 0.3850574712643678,
            "specificity": 0.23297491039426524,
            "accuracy": 0.46604215456674475,
            "expected AP": 0.34660421545667447
        },
        "1": {
            "TN": 194,
            "FP": 23,
            "FN": 169,
            "TP": 41,
            "AP": 0.5931079771480099,
            "recall": 0.19523809523809524,
            "precision": 0.640625,
            "specificity": 0.8940092165898618,
            "accuracy": 0.550351288056206,
            "expected AP": 0.4918032786885246
        },
        "2": {
            "TN": 383,
            "FP": 5,
            "FN": 39,
            "TP": 0,
            "AP": 0.12510178158142332,
            "recall": 0.0,
            "precision": 0.0,
            "specificity": 0.9871134020618557,
            "accuracy": 0.8969555035128806,
            "expected AP": 0.09133489461358314
        },
        "3": {
            "TN": 396,
            "FP": 1,
            "FN": 21,
            "TP": 9,
            "AP": 0.6754223147238153,
            "recall": 0.3,
            "precision": 0.9,
            "specificity": 0.9974811083123426,
            "accuracy": 0.9484777517564403,
            "expected AP": 0.0702576112412178
        }
    }
}
