{
    "TN": 386,
    "FP": 8,
    "FN": 28,
    "TP": 5,
    "AP": 0.21726361899767027,
    "recall": 0.15151515151515152,
    "precision": 0.38461538461538464,
    "specificity": 0.9796954314720813,
    "accuracy": 0.9156908665105387,
    "expected AP": 0.07728337236533958,
    "auroc": 0.6553222581141362,
    "balanced accuracy": 0.5656052914936164,
    "adjusted balanced accuracy": 0.13121058298723276
}
