{
    "overall": {
        "mAP": 0.40056798874006017,
        "accuracy": 0.405152224824356,
        "expected mAP": 0.25,
        "balanced accuracy": 0.3553410553410553,
        "adjusted balanced accuracy": 0.1404547404547404
    },
    "classwise": {
        "0": {
            "TN": 45,
            "FP": 234,
            "FN": 6,
            "TP": 142,
            "AP": 0.3992819760491483,
            "recall": 0.9594594594594594,
            "precision": 0.3776595744680851,
            "specificity": 0.16129032258064516,
            "accuracy": 0.4379391100702576,
            "expected AP": 0.34660421545667447
        },
        "1": {
            "TN": 201,
            "FP": 16,
            "FN": 190,
            "TP": 20,
            "AP": 0.5206318459616519,
            "recall": 0.09523809523809523,
            "precision": 0.5555555555555556,
            "specificity": 0.9262672811059908,
            "accuracy": 0.5175644028103045,
            "expected AP": 0.4918032786885246
        },
        "2": {
            "TN": 385,
            "FP": 3,
            "FN": 39,
            "TP": 0,
            "AP": 0.11108481823151903,
            "recall": 0.0,
            "precision": 0.0,
            "specificity": 0.9922680412371134,
            "accuracy": 0.9016393442622951,
            "expected AP": 0.09133489461358314
        },
        "3": {
            "TN": 396,
            "FP": 1,
            "FN": 19,
            "TP": 11,
            "AP": 0.5712733147179215,
            "recall": 0.36666666666666664,
            "precision": 0.9166666666666666,
            "specificity": 0.9974811083123426,
            "accuracy": 0.9531615925058547,
            "expected AP": 0.0702576112412178
        }
    }
}
