{
    "overall": {
        "mAP": 0.48240450478971736,
        "accuracy": 0.47480577136514984,
        "expected mAP": 0.25
    },
    "classwise": {
        "0": {
            "TN": 4049,
            "FP": 5109,
            "FN": 564,
            "TP": 3793,
            "AP": 0.5590323311615947,
            "recall": 0.8705531328896029,
            "precision": 0.4260840260615592,
            "specificity": 0.44212710198733346,
            "accuracy": 0.5802441731409544,
            "expected AP": 0.3223825379208287
        },
        "1": {
            "TN": 5406,
            "FP": 1735,
            "FN": 4129,
            "TP": 2245,
            "AP": 0.567427901695905,
            "recall": 0.3522121117037967,
            "precision": 0.5640703517587939,
            "specificity": 0.7570368295756896,
            "accuracy": 0.5661117277099519,
            "expected AP": 0.4716241213466519
        },
        "2": {
            "TN": 11307,
            "FP": 243,
            "FN": 1841,
            "TP": 124,
            "AP": 0.19306496321410604,
            "recall": 0.06310432569974554,
            "precision": 0.33787465940054495,
            "specificity": 0.9789610389610389,
            "accuracy": 0.8458009618941916,
            "expected AP": 0.1453940066592675
        },
        "3": {
            "TN": 12685,
            "FP": 11,
            "FN": 564,
            "TP": 255,
            "AP": 0.6100928230872638,
            "recall": 0.31135531135531136,
            "precision": 0.9586466165413534,
            "specificity": 0.9991335853812224,
            "accuracy": 0.9574546799852016,
            "expected AP": 0.060599334073251944
        }
    }
}
