{
    "overall": {
        "mAP": 0.4694631260677429,
        "accuracy": 0.4695523492415834,
        "expected mAP": 0.25
    },
    "classwise": {
        "0": {
            "TN": 4035,
            "FP": 5123,
            "FN": 617,
            "TP": 3740,
            "AP": 0.5499136927676984,
            "recall": 0.8583887996327748,
            "precision": 0.4219790138779194,
            "specificity": 0.44059838392662154,
            "accuracy": 0.5752867184609693,
            "expected AP": 0.3223825379208287
        },
        "1": {
            "TN": 5410,
            "FP": 1731,
            "FN": 4120,
            "TP": 2254,
            "AP": 0.5654155497168364,
            "recall": 0.35362409789770943,
            "precision": 0.5656210790464241,
            "specificity": 0.7575969752135555,
            "accuracy": 0.5670736219015908,
            "expected AP": 0.4716241213466519
        },
        "2": {
            "TN": 11241,
            "FP": 309,
            "FN": 1844,
            "TP": 121,
            "AP": 0.18728480540008027,
            "recall": 0.06157760814249364,
            "precision": 0.2813953488372093,
            "specificity": 0.9732467532467532,
            "accuracy": 0.8406955234924158,
            "expected AP": 0.1453940066592675
        },
        "3": {
            "TN": 12690,
            "FP": 6,
            "FN": 588,
            "TP": 231,
            "AP": 0.5752384563863565,
            "recall": 0.28205128205128205,
            "precision": 0.9746835443037974,
            "specificity": 0.9995274102079396,
            "accuracy": 0.9560488346281909,
            "expected AP": 0.060599334073251944
        }
    }
}
