{
    "TN": 103,
    "FP": 65,
    "FN": 114,
    "TP": 97,
    "AP": 0.6093128551412068,
    "recall": 0.4597156398104265,
    "precision": 0.5987654320987654,
    "specificity": 0.6130952380952381,
    "accuracy": 0.5277044854881267,
    "expected AP": 0.5567282321899736,
    "auroc": 0.5844617467840216,
    "balanced accuracy": 0.5364054389528323,
    "adjusted balanced accuracy": 0.07281087790566465
}
