{
    "overall": {
        "mAP": 0.4869043029177813,
        "accuracy": 0.49433962264150944,
        "expected mAP": 0.25
    },
    "classwise": {
        "0": {
            "TN": 4548,
            "FP": 4610,
            "FN": 738,
            "TP": 3619,
            "AP": 0.571689521020365,
            "recall": 0.8306173972917145,
            "precision": 0.4397861222505772,
            "specificity": 0.49661498143699495,
            "accuracy": 0.6042915279319275,
            "expected AP": 0.3223825379208287
        },
        "1": {
            "TN": 5236,
            "FP": 1905,
            "FN": 3698,
            "TP": 2676,
            "AP": 0.5625502057198057,
            "recall": 0.4198305616567305,
            "precision": 0.5841519318925998,
            "specificity": 0.7332306399663913,
            "accuracy": 0.5854236034036256,
            "expected AP": 0.4716241213466519
        },
        "2": {
            "TN": 11240,
            "FP": 310,
            "FN": 1850,
            "TP": 115,
            "AP": 0.18334171910435862,
            "recall": 0.058524173027989825,
            "precision": 0.27058823529411763,
            "specificity": 0.9731601731601731,
            "accuracy": 0.8401775804661488,
            "expected AP": 0.1453940066592675
        },
        "3": {
            "TN": 12687,
            "FP": 9,
            "FN": 548,
            "TP": 271,
            "AP": 0.6300357658265957,
            "recall": 0.3308913308913309,
            "precision": 0.9678571428571429,
            "specificity": 0.9992911153119093,
            "accuracy": 0.958786533481317,
            "expected AP": 0.060599334073251944
        }
    }
}
