{
    "overall": {
        "mAP": 0.511887888757477,
        "accuracy": 0.4583333333333333,
        "expected mAP": 0.25,
        "balanced accuracy": 0.34181694899124476
    },
    "classwise": {
        "0": {
            "TN": 73,
            "FP": 211,
            "FN": 13,
            "TP": 135,
            "AP": 0.5809304241738119,
            "recall": 0.9121621621621622,
            "precision": 0.3901734104046243,
            "specificity": 0.25704225352112675,
            "accuracy": 0.48148148148148145,
            "expected AP": 0.3425925925925926
        },
        "1": {
            "TN": 200,
            "FP": 19,
            "FN": 156,
            "TP": 57,
            "AP": 0.7023712672851585,
            "recall": 0.2676056338028169,
            "precision": 0.75,
            "specificity": 0.91324200913242,
            "accuracy": 0.5949074074074074,
            "expected AP": 0.4930555555555556
        },
        "2": {
            "TN": 390,
            "FP": 3,
            "FN": 39,
            "TP": 0,
            "AP": 0.10311171993517326,
            "recall": 0.0,
            "precision": 0.0,
            "specificity": 0.9923664122137404,
            "accuracy": 0.9027777777777778,
            "expected AP": 0.09027777777777778
        },
        "3": {
            "TN": 399,
            "FP": 1,
            "FN": 26,
            "TP": 6,
            "AP": 0.6611381436357645,
            "recall": 0.1875,
            "precision": 0.8571428571428571,
            "specificity": 0.9975,
            "accuracy": 0.9375,
            "expected AP": 0.07407407407407407
        }
    }
}
