{
    "TN": 387,
    "FP": 7,
    "FN": 28,
    "TP": 5,
    "AP": 0.20921270937988318,
    "recall": 0.15151515151515152,
    "precision": 0.4166666666666667,
    "specificity": 0.9822335025380711,
    "accuracy": 0.9180327868852459,
    "expected AP": 0.07728337236533958,
    "auroc": 0.6351330564528535,
    "balanced accuracy": 0.5668743270266113,
    "adjusted balanced accuracy": 0.13374865405322267
}
