{
    "overall": {
        "mAP": 0.4728247095300314,
        "accuracy": 0.48501664816870144,
        "expected mAP": 0.25
    },
    "classwise": {
        "0": {
            "TN": 4187,
            "FP": 4971,
            "FN": 779,
            "TP": 3578,
            "AP": 0.5625887936359784,
            "recall": 0.8212072526968097,
            "precision": 0.4185284828634928,
            "specificity": 0.4571958943000655,
            "accuracy": 0.5745467998520163,
            "expected AP": 0.3223825379208287
        },
        "1": {
            "TN": 5429,
            "FP": 1712,
            "FN": 3726,
            "TP": 2648,
            "AP": 0.5801181238495932,
            "recall": 0.41543771572011295,
            "precision": 0.6073394495412844,
            "specificity": 0.7602576669934182,
            "accuracy": 0.5976322604513503,
            "expected AP": 0.4716241213466519
        },
        "2": {
            "TN": 11298,
            "FP": 252,
            "FN": 1897,
            "TP": 68,
            "AP": 0.16993208169986151,
            "recall": 0.03460559796437659,
            "precision": 0.2125,
            "specificity": 0.9781818181818182,
            "accuracy": 0.840991490935997,
            "expected AP": 0.1453940066592675
        },
        "3": {
            "TN": 12671,
            "FP": 25,
            "FN": 558,
            "TP": 261,
            "AP": 0.5786598389346927,
            "recall": 0.31868131868131866,
            "precision": 0.9125874125874126,
            "specificity": 0.9980308758664146,
            "accuracy": 0.9568627450980393,
            "expected AP": 0.060599334073251944
        }
    }
}
