{
    "TN": 114,
    "FP": 54,
    "FN": 108,
    "TP": 103,
    "AP": 0.6561738036475424,
    "recall": 0.4881516587677725,
    "precision": 0.6560509554140127,
    "specificity": 0.6785714285714286,
    "accuracy": 0.5725593667546174,
    "expected AP": 0.5567282321899736,
    "auroc": 0.6395283231776122,
    "balanced accuracy": 0.5833615436696006,
    "adjusted balanced accuracy": 0.16672308733920116
}
