{
    "overall": {
        "mAP": 0.280059310919207,
        "accuracy": 0.714867617107943,
        "expected mAP": 0.25,
        "balanced accuracy": 0.2933167701863354,
        "adjusted balanced accuracy": 0.05775569358178053
    },
    "classwise": {
        "0": {
            "TN": 69,
            "FP": 145,
            "FN": 387,
            "TP": 1363,
            "AP": 0.9167784085777813,
            "recall": 0.7788571428571428,
            "precision": 0.9038461538461539,
            "specificity": 0.32242990654205606,
            "accuracy": 0.7291242362525459,
            "expected AP": 0.8910386965376782
        },
        "1": {
            "TN": 1707,
            "FP": 96,
            "FN": 129,
            "TP": 32,
            "AP": 0.1570730882271525,
            "recall": 0.19875776397515527,
            "precision": 0.25,
            "specificity": 0.9467554076539102,
            "accuracy": 0.8854378818737271,
            "expected AP": 0.08197556008146639
        },
        "2": {
            "TN": 1706,
            "FP": 212,
            "FN": 37,
            "TP": 9,
            "AP": 0.043612362872801076,
            "recall": 0.1956521739130435,
            "precision": 0.04072398190045249,
            "specificity": 0.8894681960375391,
            "accuracy": 0.8732179226069247,
            "expected AP": 0.023421588594704685
        },
        "3": {
            "TN": 1850,
            "FP": 107,
            "FN": 7,
            "TP": 0,
            "AP": 0.0027733839990931957,
            "recall": 0.0,
            "precision": 0.0,
            "specificity": 0.9453244762391415,
            "accuracy": 0.9419551934826884,
            "expected AP": 0.003564154786150713
        }
    }
}
