{
    "TN": 377,
    "FP": 17,
    "FN": 31,
    "TP": 2,
    "AP": 0.1416408972299993,
    "recall": 0.06060606060606061,
    "precision": 0.10526315789473684,
    "specificity": 0.9568527918781726,
    "accuracy": 0.8875878220140515,
    "expected AP": 0.07728337236533958,
    "auroc": 0.6258267958775573,
    "balanced accuracy": 0.5087294262421166,
    "adjusted balanced accuracy": 0.017458852484233178
}
