{
    "overall": {
        "mAP": 0.5167256544756447,
        "accuracy": 0.5717592592592593,
        "expected mAP": 0.25,
        "balanced accuracy": 0.3807713963963964
    },
    "classwise": {
        "0": {
            "TN": 196,
            "FP": 88,
            "FN": 49,
            "TP": 99,
            "AP": 0.7301061304633801,
            "recall": 0.668918918918919,
            "precision": 0.5294117647058824,
            "specificity": 0.6901408450704225,
            "accuracy": 0.6828703703703703,
            "expected AP": 0.3425925925925926
        },
        "1": {
            "TN": 137,
            "FP": 82,
            "FN": 71,
            "TP": 142,
            "AP": 0.7145746103780768,
            "recall": 0.6666666666666666,
            "precision": 0.6339285714285714,
            "specificity": 0.6255707762557078,
            "accuracy": 0.6458333333333334,
            "expected AP": 0.4930555555555556
        },
        "2": {
            "TN": 380,
            "FP": 13,
            "FN": 39,
            "TP": 0,
            "AP": 0.15952321282026738,
            "recall": 0.0,
            "precision": 0.0,
            "specificity": 0.9669211195928753,
            "accuracy": 0.8796296296296297,
            "expected AP": 0.09027777777777778
        },
        "3": {
            "TN": 398,
            "FP": 2,
            "FN": 26,
            "TP": 6,
            "AP": 0.4626986642408544,
            "recall": 0.1875,
            "precision": 0.75,
            "specificity": 0.995,
            "accuracy": 0.9351851851851852,
            "expected AP": 0.07407407407407407
        }
    }
}
