{
    "overall": {
        "mAP": 0.5945149568835073,
        "accuracy": 0.6598114824335904,
        "expected mAP": 0.25,
        "balanced accuracy": 0.5047571520675236,
        "adjusted balanced accuracy": 0.33967620275669813
    },
    "classwise": {
        "0": {
            "TN": 628,
            "FP": 226,
            "FN": 287,
            "TP": 1193,
            "AP": 0.8945130578127207,
            "recall": 0.8060810810810811,
            "precision": 0.8407329105003524,
            "specificity": 0.7353629976580797,
            "accuracy": 0.7802056555269923,
            "expected AP": 0.6341045415595544
        },
        "1": {
            "TN": 1366,
            "FP": 526,
            "FN": 175,
            "TP": 267,
            "AP": 0.37710388484533025,
            "recall": 0.6040723981900452,
            "precision": 0.33669609079445145,
            "specificity": 0.7219873150105708,
            "accuracy": 0.6996572407883462,
            "expected AP": 0.1893744644387318
        },
        "2": {
            "TN": 1949,
            "FP": 24,
            "FN": 304,
            "TP": 57,
            "AP": 0.5059557922862634,
            "recall": 0.15789473684210525,
            "precision": 0.7037037037037037,
            "specificity": 0.9878357830714648,
            "accuracy": 0.8594687232219366,
            "expected AP": 0.1546700942587832
        },
        "3": {
            "TN": 2265,
            "FP": 18,
            "FN": 28,
            "TP": 23,
            "AP": 0.6004870925897146,
            "recall": 0.45098039215686275,
            "precision": 0.5609756097560976,
            "specificity": 0.9921156373193167,
            "accuracy": 0.9802913453299057,
            "expected AP": 0.021850899742930592
        }
    }
}
