{
    "TN": 98,
    "FP": 70,
    "FN": 95,
    "TP": 116,
    "AP": 0.6546319603882702,
    "recall": 0.5497630331753555,
    "precision": 0.6236559139784946,
    "specificity": 0.5833333333333334,
    "accuracy": 0.5646437994722955,
    "expected AP": 0.5567282321899736,
    "auroc": 0.6285403972015347,
    "balanced accuracy": 0.5665481832543444,
    "adjusted balanced accuracy": 0.13309636650868883
}
