{
    "overall": {
        "mAP": 0.3798263379169825,
        "accuracy": 0.48148148148148145,
        "expected mAP": 0.25,
        "balanced accuracy": 0.31565830795584315
    },
    "classwise": {
        "0": {
            "TN": 142,
            "FP": 142,
            "FN": 35,
            "TP": 113,
            "AP": 0.5308427521631179,
            "recall": 0.7635135135135135,
            "precision": 0.44313725490196076,
            "specificity": 0.5,
            "accuracy": 0.5902777777777778,
            "expected AP": 0.3425925925925926
        },
        "1": {
            "TN": 150,
            "FP": 69,
            "FN": 120,
            "TP": 93,
            "AP": 0.633551183480217,
            "recall": 0.43661971830985913,
            "precision": 0.5740740740740741,
            "specificity": 0.684931506849315,
            "accuracy": 0.5625,
            "expected AP": 0.4930555555555556
        },
        "2": {
            "TN": 381,
            "FP": 12,
            "FN": 39,
            "TP": 0,
            "AP": 0.14040548967402056,
            "recall": 0.0,
            "precision": 0.0,
            "specificity": 0.9694656488549618,
            "accuracy": 0.8819444444444444,
            "expected AP": 0.09027777777777778
        },
        "3": {
            "TN": 399,
            "FP": 1,
            "FN": 30,
            "TP": 2,
            "AP": 0.21450592635057458,
            "recall": 0.0625,
            "precision": 0.6666666666666666,
            "specificity": 0.9975,
            "accuracy": 0.9282407407407407,
            "expected AP": 0.07407407407407407
        }
    }
}
