{
    "overall": {
        "mAP": 0.49269833657463097,
        "accuracy": 0.5380688124306326,
        "expected mAP": 0.25
    },
    "classwise": {
        "0": {
            "TN": 5910,
            "FP": 3248,
            "FN": 1322,
            "TP": 3035,
            "AP": 0.5816701969458054,
            "recall": 0.6965802157447785,
            "precision": 0.4830494986471431,
            "specificity": 0.6453374099148286,
            "accuracy": 0.6618571957084721,
            "expected AP": 0.3223825379208287
        },
        "1": {
            "TN": 4477,
            "FP": 2664,
            "FN": 2636,
            "TP": 3738,
            "AP": 0.5521816177230385,
            "recall": 0.5864449325384374,
            "precision": 0.5838800374882849,
            "specificity": 0.6269430051813472,
            "accuracy": 0.6078431372549019,
            "expected AP": 0.4716241213466519
        },
        "2": {
            "TN": 11277,
            "FP": 273,
            "FN": 1775,
            "TP": 190,
            "AP": 0.23569885894934264,
            "recall": 0.09669211195928754,
            "precision": 0.4103671706263499,
            "specificity": 0.9763636363636363,
            "accuracy": 0.8484646688864225,
            "expected AP": 0.1453940066592675
        },
        "3": {
            "TN": 12638,
            "FP": 58,
            "FN": 510,
            "TP": 309,
            "AP": 0.6012426726803373,
            "recall": 0.3772893772893773,
            "precision": 0.8419618528610354,
            "specificity": 0.9954316320100819,
            "accuracy": 0.9579726230114688,
            "expected AP": 0.060599334073251944
        }
    }
}
