{
    "TN": 112,
    "FP": 56,
    "FN": 106,
    "TP": 105,
    "AP": 0.6477315250991205,
    "recall": 0.4976303317535545,
    "precision": 0.6521739130434783,
    "specificity": 0.6666666666666666,
    "accuracy": 0.5725593667546174,
    "expected AP": 0.5567282321899736,
    "auroc": 0.6392462198149402,
    "balanced accuracy": 0.5821484992101106,
    "adjusted balanced accuracy": 0.16429699842022116
}
