{
    "overall": {
        "mAP": 0.47190962180072926,
        "accuracy": 0.42857142857142855,
        "expected mAP": 0.25,
        "balanced accuracy": 0.34282496782496785,
        "adjusted balanced accuracy": 0.1237666237666238
    },
    "classwise": {
        "0": {
            "TN": 65,
            "FP": 214,
            "FN": 12,
            "TP": 136,
            "AP": 0.49079138043396764,
            "recall": 0.918918918918919,
            "precision": 0.38857142857142857,
            "specificity": 0.23297491039426524,
            "accuracy": 0.4707259953161593,
            "expected AP": 0.34660421545667447
        },
        "1": {
            "TN": 192,
            "FP": 25,
            "FN": 171,
            "TP": 39,
            "AP": 0.5770372270695577,
            "recall": 0.18571428571428572,
            "precision": 0.609375,
            "specificity": 0.8847926267281107,
            "accuracy": 0.5409836065573771,
            "expected AP": 0.4918032786885246
        },
        "2": {
            "TN": 383,
            "FP": 5,
            "FN": 39,
            "TP": 0,
            "AP": 0.12304634959950145,
            "recall": 0.0,
            "precision": 0.0,
            "specificity": 0.9871134020618557,
            "accuracy": 0.8969555035128806,
            "expected AP": 0.09133489461358314
        },
        "3": {
            "TN": 397,
            "FP": 0,
            "FN": 22,
            "TP": 8,
            "AP": 0.6967635300998903,
            "recall": 0.26666666666666666,
            "precision": 1.0,
            "specificity": 1.0,
            "accuracy": 0.9484777517564403,
            "expected AP": 0.0702576112412178
        }
    }
}
