{
    "overall": {
        "mAP": 0.4745106466781549,
        "accuracy": 0.46674065852756197,
        "expected mAP": 0.25
    },
    "classwise": {
        "0": {
            "TN": 3888,
            "FP": 5270,
            "FN": 561,
            "TP": 3796,
            "AP": 0.5611245595674887,
            "recall": 0.8712416800550837,
            "precision": 0.4187072578866093,
            "specificity": 0.4245468442891461,
            "accuracy": 0.5685534591194968,
            "expected AP": 0.3223825379208287
        },
        "1": {
            "TN": 5517,
            "FP": 1624,
            "FN": 4225,
            "TP": 2149,
            "AP": 0.5667998378597108,
            "recall": 0.3371509256353938,
            "precision": 0.5695732838589982,
            "specificity": 0.7725808710264669,
            "accuracy": 0.5672216056233814,
            "expected AP": 0.4716241213466519
        },
        "2": {
            "TN": 11247,
            "FP": 303,
            "FN": 1847,
            "TP": 118,
            "AP": 0.18548121482565288,
            "recall": 0.06005089058524173,
            "precision": 0.28028503562945367,
            "specificity": 0.9737662337662337,
            "accuracy": 0.8409174990751017,
            "expected AP": 0.1453940066592675
        },
        "3": {
            "TN": 12686,
            "FP": 10,
            "FN": 574,
            "TP": 245,
            "AP": 0.5846369744597673,
            "recall": 0.29914529914529914,
            "precision": 0.9607843137254902,
            "specificity": 0.9992123503465659,
            "accuracy": 0.956788753237144,
            "expected AP": 0.060599334073251944
        }
    }
}
