{
    "overall": {
        "mAP": 0.35093912099788205,
        "accuracy": 0.5625615763546798,
        "expected mAP": 0.25,
        "balanced accuracy": 0.40644138150910863,
        "adjusted balanced accuracy": 0.2085885086788115
    },
    "classwise": {
        "0": {
            "TN": 180,
            "FP": 127,
            "FN": 229,
            "TP": 479,
            "AP": 0.8491905811399647,
            "recall": 0.6765536723163842,
            "precision": 0.7904290429042904,
            "specificity": 0.5863192182410424,
            "accuracy": 0.6492610837438424,
            "expected AP": 0.6975369458128079
        },
        "1": {
            "TN": 585,
            "FP": 247,
            "FN": 111,
            "TP": 72,
            "AP": 0.21433312364685675,
            "recall": 0.39344262295081966,
            "precision": 0.22570532915360503,
            "specificity": 0.703125,
            "accuracy": 0.6472906403940887,
            "expected AP": 0.18029556650246306
        },
        "2": {
            "TN": 867,
            "FP": 44,
            "FN": 93,
            "TP": 11,
            "AP": 0.16546160790856776,
            "recall": 0.10576923076923077,
            "precision": 0.2,
            "specificity": 0.9517014270032931,
            "accuracy": 0.865024630541872,
            "expected AP": 0.10246305418719212
        },
        "3": {
            "TN": 969,
            "FP": 26,
            "FN": 11,
            "TP": 9,
            "AP": 0.174771171296139,
            "recall": 0.45,
            "precision": 0.2571428571428571,
            "specificity": 0.9738693467336683,
            "accuracy": 0.9635467980295567,
            "expected AP": 0.019704433497536946
        }
    }
}
