{
    "overall": {
        "mAP": 0.4659539436819951,
        "accuracy": 0.4262295081967213,
        "expected mAP": 0.25,
        "balanced accuracy": 0.36206563706563705,
        "adjusted balanced accuracy": 0.1494208494208494
    },
    "classwise": {
        "0": {
            "TN": 61,
            "FP": 218,
            "FN": 14,
            "TP": 134,
            "AP": 0.4562804920053528,
            "recall": 0.9054054054054054,
            "precision": 0.3806818181818182,
            "specificity": 0.21863799283154123,
            "accuracy": 0.4566744730679157,
            "expected AP": 0.34660421545667447
        },
        "1": {
            "TN": 196,
            "FP": 21,
            "FN": 173,
            "TP": 37,
            "AP": 0.6098177430317431,
            "recall": 0.1761904761904762,
            "precision": 0.6379310344827587,
            "specificity": 0.9032258064516129,
            "accuracy": 0.5456674473067916,
            "expected AP": 0.4918032786885246
        },
        "2": {
            "TN": 382,
            "FP": 6,
            "FN": 39,
            "TP": 0,
            "AP": 0.09610619576707291,
            "recall": 0.0,
            "precision": 0.0,
            "specificity": 0.9845360824742269,
            "accuracy": 0.8946135831381733,
            "expected AP": 0.09133489461358314
        },
        "3": {
            "TN": 397,
            "FP": 0,
            "FN": 19,
            "TP": 11,
            "AP": 0.7016113439238116,
            "recall": 0.36666666666666664,
            "precision": 1.0,
            "specificity": 1.0,
            "accuracy": 0.955503512880562,
            "expected AP": 0.0702576112412178
        }
    }
}
