{
    "TN": 115,
    "FP": 53,
    "FN": 107,
    "TP": 104,
    "AP": 0.6710175628905015,
    "recall": 0.4928909952606635,
    "precision": 0.6624203821656051,
    "specificity": 0.6845238095238095,
    "accuracy": 0.5778364116094987,
    "expected AP": 0.5567282321899736,
    "auroc": 0.6433649289099527,
    "balanced accuracy": 0.5887074023922365,
    "adjusted balanced accuracy": 0.17741480478447302
}
