{
    "overall": {
        "mAP": 0.45758637991269857,
        "accuracy": 0.4827968923418424,
        "expected mAP": 0.25
    },
    "classwise": {
        "0": {
            "TN": 4260,
            "FP": 4898,
            "FN": 809,
            "TP": 3548,
            "AP": 0.5554643769814082,
            "recall": 0.8143217810420014,
            "precision": 0.42008051148472647,
            "specificity": 0.4651670670452064,
            "accuracy": 0.5777284498705142,
            "expected AP": 0.3223825379208287
        },
        "1": {
            "TN": 5299,
            "FP": 1842,
            "FN": 3782,
            "TP": 2592,
            "AP": 0.5685179124295379,
            "recall": 0.40665202384687793,
            "precision": 0.584573748308525,
            "specificity": 0.7420529337627784,
            "accuracy": 0.5838697743248242,
            "expected AP": 0.4716241213466519
        },
        "2": {
            "TN": 11327,
            "FP": 223,
            "FN": 1858,
            "TP": 107,
            "AP": 0.1942340802014617,
            "recall": 0.0544529262086514,
            "precision": 0.3242424242424242,
            "specificity": 0.9806926406926407,
            "accuracy": 0.8460229374768775,
            "expected AP": 0.1453940066592675
        },
        "3": {
            "TN": 12669,
            "FP": 27,
            "FN": 541,
            "TP": 278,
            "AP": 0.5121291500383863,
            "recall": 0.33943833943833945,
            "precision": 0.9114754098360656,
            "specificity": 0.9978733459357277,
            "accuracy": 0.9579726230114688,
            "expected AP": 0.060599334073251944
        }
    }
}
