{
    "overall": {
        "mAP": 0.4826765113234801,
        "accuracy": 0.609735269000854,
        "expected mAP": 0.25,
        "balanced accuracy": 0.4605997676914565,
        "adjusted balanced accuracy": 0.28079969025527535
    },
    "classwise": {
        "0": {
            "TN": 338,
            "FP": 98,
            "FN": 187,
            "TP": 548,
            "AP": 0.8962003560733826,
            "recall": 0.745578231292517,
            "precision": 0.848297213622291,
            "specificity": 0.7752293577981652,
            "accuracy": 0.7566182749786508,
            "expected AP": 0.627668659265585
        },
        "1": {
            "TN": 625,
            "FP": 328,
            "FN": 89,
            "TP": 129,
            "AP": 0.2747467665663526,
            "recall": 0.591743119266055,
            "precision": 0.28227571115973743,
            "specificity": 0.6558237145855194,
            "accuracy": 0.6438941076003416,
            "expected AP": 0.18616567036720752
        },
        "2": {
            "TN": 951,
            "FP": 27,
            "FN": 165,
            "TP": 28,
            "AP": 0.336719680812958,
            "recall": 0.14507772020725387,
            "precision": 0.509090909090909,
            "specificity": 0.9723926380368099,
            "accuracy": 0.8360375747224594,
            "expected AP": 0.16481639624252775
        },
        "3": {
            "TN": 1142,
            "FP": 4,
            "FN": 16,
            "TP": 9,
            "AP": 0.4230392418412271,
            "recall": 0.36,
            "precision": 0.6923076923076923,
            "specificity": 0.9965095986038395,
            "accuracy": 0.9829205807002562,
            "expected AP": 0.02134927412467976
        }
    }
}
