{
    "overall": {
        "mAP": 0.4947502310023775,
        "accuracy": 0.615553121577218,
        "expected mAP": 0.24999999999999997,
        "balanced accuracy": 0.48003816020334356,
        "adjusted balanced accuracy": 0.3067175469377914
    },
    "classwise": {
        "0": {
            "TN": 260,
            "FP": 69,
            "FN": 157,
            "TP": 427,
            "AP": 0.8981235910480311,
            "recall": 0.7311643835616438,
            "precision": 0.8608870967741935,
            "specificity": 0.790273556231003,
            "accuracy": 0.7524644030668127,
            "expected AP": 0.6396495071193866
        },
        "1": {
            "TN": 490,
            "FP": 256,
            "FN": 63,
            "TP": 104,
            "AP": 0.2837504054755947,
            "recall": 0.6227544910179641,
            "precision": 0.28888888888888886,
            "specificity": 0.6568364611260054,
            "accuracy": 0.6506024096385542,
            "expected AP": 0.1829134720700986
        },
        "2": {
            "TN": 751,
            "FP": 22,
            "FN": 118,
            "TP": 22,
            "AP": 0.3238907610136287,
            "recall": 0.15714285714285714,
            "precision": 0.5,
            "specificity": 0.9715394566623544,
            "accuracy": 0.8466593647316539,
            "expected AP": 0.1533406352683461
        },
        "3": {
            "TN": 887,
            "FP": 4,
            "FN": 13,
            "TP": 9,
            "AP": 0.4732361664722558,
            "recall": 0.4090909090909091,
            "precision": 0.6923076923076923,
            "specificity": 0.9955106621773289,
            "accuracy": 0.9813800657174151,
            "expected AP": 0.024096385542168676
        }
    }
}
