{
    "overall": {
        "mAP": 0.5062714289986883,
        "accuracy": 0.5829078801331854,
        "expected mAP": 0.25
    },
    "classwise": {
        "0": {
            "TN": 7474,
            "FP": 1684,
            "FN": 1978,
            "TP": 2379,
            "AP": 0.5768144347906297,
            "recall": 0.5460179022263025,
            "precision": 0.5855279350233817,
            "specificity": 0.8161170561257917,
            "accuracy": 0.7290418054014058,
            "expected AP": 0.3223825379208287
        },
        "1": {
            "TN": 3470,
            "FP": 3671,
            "FN": 1317,
            "TP": 5057,
            "AP": 0.5763562460777785,
            "recall": 0.793379353624098,
            "precision": 0.5793996333638863,
            "specificity": 0.48592634084862063,
            "accuracy": 0.630928597854236,
            "expected AP": 0.4716241213466519
        },
        "2": {
            "TN": 11279,
            "FP": 271,
            "FN": 1703,
            "TP": 262,
            "AP": 0.2935970925672898,
            "recall": 0.13333333333333333,
            "precision": 0.4915572232645403,
            "specificity": 0.9765367965367966,
            "accuracy": 0.8539400665926749,
            "expected AP": 0.1453940066592675
        },
        "3": {
            "TN": 12685,
            "FP": 11,
            "FN": 639,
            "TP": 180,
            "AP": 0.5783179425590551,
            "recall": 0.21978021978021978,
            "precision": 0.9424083769633508,
            "specificity": 0.9991335853812224,
            "accuracy": 0.951905290418054,
            "expected AP": 0.060599334073251944
        }
    }
}
