{
    "overall": {
        "mAP": 0.4791346275564191,
        "accuracy": 0.4309133489461358,
        "expected mAP": 0.25,
        "balanced accuracy": 0.35065958815958814,
        "adjusted balanced accuracy": 0.13421278421278418
    },
    "classwise": {
        "0": {
            "TN": 65,
            "FP": 214,
            "FN": 13,
            "TP": 135,
            "AP": 0.4925937512704883,
            "recall": 0.9121621621621622,
            "precision": 0.3868194842406877,
            "specificity": 0.23297491039426524,
            "accuracy": 0.468384074941452,
            "expected AP": 0.34660421545667447
        },
        "1": {
            "TN": 194,
            "FP": 23,
            "FN": 170,
            "TP": 40,
            "AP": 0.5696552192187556,
            "recall": 0.19047619047619047,
            "precision": 0.6349206349206349,
            "specificity": 0.8940092165898618,
            "accuracy": 0.5480093676814989,
            "expected AP": 0.4918032786885246
        },
        "2": {
            "TN": 383,
            "FP": 5,
            "FN": 39,
            "TP": 0,
            "AP": 0.1364533425569802,
            "recall": 0.0,
            "precision": 0.0,
            "specificity": 0.9871134020618557,
            "accuracy": 0.8969555035128806,
            "expected AP": 0.09133489461358314
        },
        "3": {
            "TN": 396,
            "FP": 1,
            "FN": 21,
            "TP": 9,
            "AP": 0.7178361971794521,
            "recall": 0.3,
            "precision": 0.9,
            "specificity": 0.9974811083123426,
            "accuracy": 0.9484777517564403,
            "expected AP": 0.0702576112412178
        }
    }
}
