{
    "overall": {
        "mAP": 0.517330602140111,
        "accuracy": 0.5879629629629629,
        "expected mAP": 0.25,
        "balanced accuracy": 0.3798336188300977
    },
    "classwise": {
        "0": {
            "TN": 201,
            "FP": 83,
            "FN": 41,
            "TP": 107,
            "AP": 0.7173996169261785,
            "recall": 0.722972972972973,
            "precision": 0.5631578947368421,
            "specificity": 0.7077464788732394,
            "accuracy": 0.7129629629629629,
            "expected AP": 0.3425925925925926
        },
        "1": {
            "TN": 143,
            "FP": 76,
            "FN": 70,
            "TP": 143,
            "AP": 0.7367552149066405,
            "recall": 0.6713615023474179,
            "precision": 0.6529680365296804,
            "specificity": 0.6529680365296804,
            "accuracy": 0.6620370370370371,
            "expected AP": 0.4930555555555556
        },
        "2": {
            "TN": 375,
            "FP": 18,
            "FN": 39,
            "TP": 0,
            "AP": 0.1410805579943132,
            "recall": 0.0,
            "precision": 0.0,
            "specificity": 0.9541984732824428,
            "accuracy": 0.8680555555555556,
            "expected AP": 0.09027777777777778
        },
        "3": {
            "TN": 399,
            "FP": 1,
            "FN": 28,
            "TP": 4,
            "AP": 0.4740870187333116,
            "recall": 0.125,
            "precision": 0.8,
            "specificity": 0.9975,
            "accuracy": 0.9328703703703703,
            "expected AP": 0.07407407407407407
        }
    }
}
