{
    "overall": {
        "mAP": 0.36723819726652046,
        "accuracy": 0.46064814814814814,
        "expected mAP": 0.25,
        "balanced accuracy": 0.32255880440299456
    },
    "classwise": {
        "0": {
            "TN": 71,
            "FP": 213,
            "FN": 14,
            "TP": 134,
            "AP": 0.32858972033968065,
            "recall": 0.9054054054054054,
            "precision": 0.3861671469740634,
            "specificity": 0.25,
            "accuracy": 0.47453703703703703,
            "expected AP": 0.3425925925925926
        },
        "1": {
            "TN": 199,
            "FP": 20,
            "FN": 151,
            "TP": 62,
            "AP": 0.6975146871606326,
            "recall": 0.29107981220657275,
            "precision": 0.7560975609756098,
            "specificity": 0.908675799086758,
            "accuracy": 0.6041666666666666,
            "expected AP": 0.4930555555555556
        },
        "2": {
            "TN": 393,
            "FP": 0,
            "FN": 39,
            "TP": 0,
            "AP": 0.07865058079965712,
            "recall": 0.0,
            "precision": 0.0,
            "specificity": 1.0,
            "accuracy": 0.9097222222222222,
            "expected AP": 0.09027777777777778
        },
        "3": {
            "TN": 400,
            "FP": 0,
            "FN": 29,
            "TP": 3,
            "AP": 0.36419780076611147,
            "recall": 0.09375,
            "precision": 1.0,
            "specificity": 1.0,
            "accuracy": 0.9328703703703703,
            "expected AP": 0.07407407407407407
        }
    }
}
