{
    "overall": {
        "mAP": 0.4752951844024115,
        "accuracy": 0.4918978912319645,
        "expected mAP": 0.25
    },
    "classwise": {
        "0": {
            "TN": 4447,
            "FP": 4711,
            "FN": 772,
            "TP": 3585,
            "AP": 0.5459361686093436,
            "recall": 0.8228138627495983,
            "precision": 0.43213596914175506,
            "specificity": 0.48558637257043025,
            "accuracy": 0.5943026267110618,
            "expected AP": 0.3223825379208287
        },
        "1": {
            "TN": 5179,
            "FP": 1962,
            "FN": 3679,
            "TP": 2695,
            "AP": 0.5706183247701664,
            "recall": 0.4228114213994352,
            "precision": 0.5786987330899721,
            "specificity": 0.725248564626803,
            "accuracy": 0.5826119126896041,
            "expected AP": 0.4716241213466519
        },
        "2": {
            "TN": 11368,
            "FP": 182,
            "FN": 1858,
            "TP": 107,
            "AP": 0.19337806270041336,
            "recall": 0.0544529262086514,
            "precision": 0.370242214532872,
            "specificity": 0.9842424242424243,
            "accuracy": 0.8490566037735849,
            "expected AP": 0.1453940066592675
        },
        "3": {
            "TN": 12684,
            "FP": 12,
            "FN": 558,
            "TP": 261,
            "AP": 0.5912481815297227,
            "recall": 0.31868131868131866,
            "precision": 0.9560439560439561,
            "specificity": 0.999054820415879,
            "accuracy": 0.9578246392896781,
            "expected AP": 0.060599334073251944
        }
    }
}
