{
    "TN": 384,
    "FP": 10,
    "FN": 26,
    "TP": 7,
    "AP": 0.20939208761974437,
    "recall": 0.21212121212121213,
    "precision": 0.4117647058823529,
    "specificity": 0.9746192893401016,
    "accuracy": 0.9156908665105387,
    "expected AP": 0.07728337236533958,
    "auroc": 0.6067528072604214,
    "balanced accuracy": 0.5933702507306569,
    "adjusted balanced accuracy": 0.1867405014613137
}
