{
    "overall": {
        "mAP": 0.413981411275308,
        "accuracy": 0.6807881773399015,
        "expected mAP": 0.25,
        "balanced accuracy": 0.49848898554441756,
        "adjusted balanced accuracy": 0.33131864739255673
    },
    "classwise": {
        "0": {
            "TN": 199,
            "FP": 108,
            "FN": 111,
            "TP": 597,
            "AP": 0.8941432784554642,
            "recall": 0.8432203389830508,
            "precision": 0.8468085106382979,
            "specificity": 0.6482084690553745,
            "accuracy": 0.7842364532019704,
            "expected AP": 0.6975369458128079
        },
        "1": {
            "TN": 683,
            "FP": 149,
            "FN": 116,
            "TP": 67,
            "AP": 0.2746409942570187,
            "recall": 0.366120218579235,
            "precision": 0.3101851851851852,
            "specificity": 0.8209134615384616,
            "accuracy": 0.7389162561576355,
            "expected AP": 0.18029556650246306
        },
        "2": {
            "TN": 896,
            "FP": 15,
            "FN": 90,
            "TP": 14,
            "AP": 0.3277283422253381,
            "recall": 0.1346153846153846,
            "precision": 0.4827586206896552,
            "specificity": 0.9835345773874863,
            "accuracy": 0.896551724137931,
            "expected AP": 0.10246305418719212
        },
        "3": {
            "TN": 943,
            "FP": 52,
            "FN": 7,
            "TP": 13,
            "AP": 0.15941303016341116,
            "recall": 0.65,
            "precision": 0.2,
            "specificity": 0.9477386934673366,
            "accuracy": 0.941871921182266,
            "expected AP": 0.019704433497536946
        }
    }
}
