{
    "overall": {
        "mAP": 0.46840491878892454,
        "accuracy": 0.4215456674473068,
        "expected mAP": 0.25,
        "balanced accuracy": 0.33583432333432334,
        "adjusted balanced accuracy": 0.11444576444576444
    },
    "classwise": {
        "0": {
            "TN": 68,
            "FP": 211,
            "FN": 15,
            "TP": 133,
            "AP": 0.45860576693245864,
            "recall": 0.8986486486486487,
            "precision": 0.3866279069767442,
            "specificity": 0.24372759856630824,
            "accuracy": 0.4707259953161593,
            "expected AP": 0.34660421545667447
        },
        "1": {
            "TN": 187,
            "FP": 30,
            "FN": 171,
            "TP": 39,
            "AP": 0.545339230817963,
            "recall": 0.18571428571428572,
            "precision": 0.5652173913043478,
            "specificity": 0.8617511520737328,
            "accuracy": 0.5292740046838408,
            "expected AP": 0.4918032786885246
        },
        "2": {
            "TN": 382,
            "FP": 6,
            "FN": 38,
            "TP": 1,
            "AP": 0.12337137865417111,
            "recall": 0.02564102564102564,
            "precision": 0.14285714285714285,
            "specificity": 0.9845360824742269,
            "accuracy": 0.8969555035128806,
            "expected AP": 0.09133489461358314
        },
        "3": {
            "TN": 397,
            "FP": 0,
            "FN": 23,
            "TP": 7,
            "AP": 0.7463032987511057,
            "recall": 0.23333333333333334,
            "precision": 1.0,
            "specificity": 1.0,
            "accuracy": 0.9461358313817331,
            "expected AP": 0.0702576112412178
        }
    }
}
