{
    "overall": {
        "mAP": 0.2631612586430303,
        "accuracy": 0.6608961303462322,
        "expected mAP": 0.25,
        "balanced accuracy": 0.31511180124223603,
        "adjusted balanced accuracy": 0.08681573498964805
    },
    "classwise": {
        "0": {
            "TN": 56,
            "FP": 158,
            "FN": 479,
            "TP": 1271,
            "AP": 0.892675251337811,
            "recall": 0.7262857142857143,
            "precision": 0.8894331700489853,
            "specificity": 0.2616822429906542,
            "accuracy": 0.6756619144602851,
            "expected AP": 0.8910386965376782
        },
        "1": {
            "TN": 1697,
            "FP": 106,
            "FN": 142,
            "TP": 19,
            "AP": 0.11384688963164649,
            "recall": 0.11801242236024845,
            "precision": 0.152,
            "specificity": 0.9412090959511925,
            "accuracy": 0.8737270875763747,
            "expected AP": 0.08197556008146639
        },
        "2": {
            "TN": 1628,
            "FP": 290,
            "FN": 40,
            "TP": 6,
            "AP": 0.03239331126748851,
            "recall": 0.13043478260869565,
            "precision": 0.02027027027027027,
            "specificity": 0.848800834202294,
            "accuracy": 0.8319755600814664,
            "expected AP": 0.023421588594704685
        },
        "3": {
            "TN": 1845,
            "FP": 112,
            "FN": 5,
            "TP": 2,
            "AP": 0.013729582335175051,
            "recall": 0.2857142857142857,
            "precision": 0.017543859649122806,
            "specificity": 0.942769545222279,
            "accuracy": 0.9404276985743381,
            "expected AP": 0.003564154786150713
        }
    }
}
