{
    "overall": {
        "mAP": 0.43115588185153086,
        "accuracy": 0.4837962962962963,
        "expected mAP": 0.25,
        "balanced accuracy": 0.31477009580002535
    },
    "classwise": {
        "0": {
            "TN": 143,
            "FP": 141,
            "FN": 39,
            "TP": 109,
            "AP": 0.6766447211473321,
            "recall": 0.7364864864864865,
            "precision": 0.436,
            "specificity": 0.5035211267605634,
            "accuracy": 0.5833333333333334,
            "expected AP": 0.3425925925925926
        },
        "1": {
            "TN": 150,
            "FP": 69,
            "FN": 115,
            "TP": 98,
            "AP": 0.6634913985421882,
            "recall": 0.460093896713615,
            "precision": 0.5868263473053892,
            "specificity": 0.684931506849315,
            "accuracy": 0.5740740740740741,
            "expected AP": 0.4930555555555556
        },
        "2": {
            "TN": 381,
            "FP": 12,
            "FN": 39,
            "TP": 0,
            "AP": 0.14044848866849613,
            "recall": 0.0,
            "precision": 0.0,
            "specificity": 0.9694656488549618,
            "accuracy": 0.8819444444444444,
            "expected AP": 0.09027777777777778
        },
        "3": {
            "TN": 399,
            "FP": 1,
            "FN": 30,
            "TP": 2,
            "AP": 0.2440389190481071,
            "recall": 0.0625,
            "precision": 0.6666666666666666,
            "specificity": 0.9975,
            "accuracy": 0.9282407407407407,
            "expected AP": 0.07407407407407407
        }
    }
}
