{
    "overall": {
        "mAP": 0.42855349630784895,
        "accuracy": 0.6482758620689655,
        "expected mAP": 0.25,
        "balanced accuracy": 0.474973728457335,
        "adjusted balanced accuracy": 0.29996497127644667
    },
    "classwise": {
        "0": {
            "TN": 232,
            "FP": 75,
            "FN": 177,
            "TP": 531,
            "AP": 0.8876285106510539,
            "recall": 0.75,
            "precision": 0.8762376237623762,
            "specificity": 0.755700325732899,
            "accuracy": 0.7517241379310344,
            "expected AP": 0.6975369458128079
        },
        "1": {
            "TN": 596,
            "FP": 236,
            "FN": 88,
            "TP": 95,
            "AP": 0.25120798161418345,
            "recall": 0.5191256830601093,
            "precision": 0.28700906344410876,
            "specificity": 0.7163461538461539,
            "accuracy": 0.6807881773399015,
            "expected AP": 0.18029556650246306
        },
        "2": {
            "TN": 899,
            "FP": 12,
            "FN": 80,
            "TP": 24,
            "AP": 0.42861503957149544,
            "recall": 0.23076923076923078,
            "precision": 0.6666666666666666,
            "specificity": 0.986827661909989,
            "accuracy": 0.90935960591133,
            "expected AP": 0.10246305418719212
        },
        "3": {
            "TN": 961,
            "FP": 34,
            "FN": 12,
            "TP": 8,
            "AP": 0.14676245339466296,
            "recall": 0.4,
            "precision": 0.19047619047619047,
            "specificity": 0.9658291457286432,
            "accuracy": 0.954679802955665,
            "expected AP": 0.019704433497536946
        }
    }
}
