{
    "overall": {
        "mAP": 0.4847322972755129,
        "accuracy": 0.5115740740740741,
        "expected mAP": 0.25,
        "balanced accuracy": 0.3447095863469103
    },
    "classwise": {
        "0": {
            "TN": 150,
            "FP": 134,
            "FN": 34,
            "TP": 114,
            "AP": 0.7017934409417053,
            "recall": 0.7702702702702703,
            "precision": 0.4596774193548387,
            "specificity": 0.528169014084507,
            "accuracy": 0.6111111111111112,
            "expected AP": 0.3425925925925926
        },
        "1": {
            "TN": 157,
            "FP": 62,
            "FN": 110,
            "TP": 103,
            "AP": 0.6918091571398135,
            "recall": 0.4835680751173709,
            "precision": 0.6242424242424243,
            "specificity": 0.7168949771689498,
            "accuracy": 0.6018518518518519,
            "expected AP": 0.4930555555555556
        },
        "2": {
            "TN": 380,
            "FP": 13,
            "FN": 39,
            "TP": 0,
            "AP": 0.18388931495524508,
            "recall": 0.0,
            "precision": 0.0,
            "specificity": 0.9669211195928753,
            "accuracy": 0.8796296296296297,
            "expected AP": 0.09027777777777778
        },
        "3": {
            "TN": 398,
            "FP": 2,
            "FN": 28,
            "TP": 4,
            "AP": 0.36143727606528786,
            "recall": 0.125,
            "precision": 0.6666666666666666,
            "specificity": 0.995,
            "accuracy": 0.9305555555555556,
            "expected AP": 0.07407407407407407
        }
    }
}
