{
    "TN": 114,
    "FP": 54,
    "FN": 109,
    "TP": 102,
    "AP": 0.6457896606120561,
    "recall": 0.4834123222748815,
    "precision": 0.6538461538461539,
    "specificity": 0.6785714285714286,
    "accuracy": 0.5699208443271768,
    "expected AP": 0.5567282321899736,
    "auroc": 0.625070525840668,
    "balanced accuracy": 0.5809918754231551,
    "adjusted balanced accuracy": 0.16198375084631023
}
