{
    "overall": {
        "mAP": 0.5511867598982843,
        "accuracy": 0.5625,
        "expected mAP": 0.25,
        "balanced accuracy": 0.3939934652962822
    },
    "classwise": {
        "0": {
            "TN": 168,
            "FP": 116,
            "FN": 40,
            "TP": 108,
            "AP": 0.69195551960996,
            "recall": 0.7297297297297297,
            "precision": 0.48214285714285715,
            "specificity": 0.5915492957746479,
            "accuracy": 0.6388888888888888,
            "expected AP": 0.3425925925925926
        },
        "1": {
            "TN": 159,
            "FP": 60,
            "FN": 86,
            "TP": 127,
            "AP": 0.7252485889942328,
            "recall": 0.596244131455399,
            "precision": 0.679144385026738,
            "specificity": 0.726027397260274,
            "accuracy": 0.6620370370370371,
            "expected AP": 0.4930555555555556
        },
        "2": {
            "TN": 381,
            "FP": 12,
            "FN": 39,
            "TP": 0,
            "AP": 0.14874118703884925,
            "recall": 0.0,
            "precision": 0.0,
            "specificity": 0.9694656488549618,
            "accuracy": 0.8819444444444444,
            "expected AP": 0.09027777777777778
        },
        "3": {
            "TN": 399,
            "FP": 1,
            "FN": 24,
            "TP": 8,
            "AP": 0.638801743950095,
            "recall": 0.25,
            "precision": 0.8888888888888888,
            "specificity": 0.9975,
            "accuracy": 0.9421296296296297,
            "expected AP": 0.07407407407407407
        }
    }
}
