{
    "overall": {
        "mAP": 0.4521549116319219,
        "accuracy": 0.5115740740740741,
        "expected mAP": 0.25,
        "balanced accuracy": 0.3273081620352747
    },
    "classwise": {
        "0": {
            "TN": 165,
            "FP": 119,
            "FN": 42,
            "TP": 106,
            "AP": 0.6976308884881113,
            "recall": 0.7162162162162162,
            "precision": 0.4711111111111111,
            "specificity": 0.5809859154929577,
            "accuracy": 0.6273148148148148,
            "expected AP": 0.3425925925925926
        },
        "1": {
            "TN": 143,
            "FP": 76,
            "FN": 100,
            "TP": 113,
            "AP": 0.6857034335855798,
            "recall": 0.5305164319248826,
            "precision": 0.5978835978835979,
            "specificity": 0.6529680365296804,
            "accuracy": 0.5925925925925926,
            "expected AP": 0.4930555555555556
        },
        "2": {
            "TN": 378,
            "FP": 15,
            "FN": 39,
            "TP": 0,
            "AP": 0.14963930192874658,
            "recall": 0.0,
            "precision": 0.0,
            "specificity": 0.9618320610687023,
            "accuracy": 0.875,
            "expected AP": 0.09027777777777778
        },
        "3": {
            "TN": 399,
            "FP": 1,
            "FN": 30,
            "TP": 2,
            "AP": 0.27564602252524983,
            "recall": 0.0625,
            "precision": 0.6666666666666666,
            "specificity": 0.9975,
            "accuracy": 0.9282407407407407,
            "expected AP": 0.07407407407407407
        }
    }
}
