{
    "overall": {
        "mAP": 0.38556539697426045,
        "accuracy": 0.5980284775465499,
        "expected mAP": 0.24999999999999997,
        "balanced accuracy": 0.41403370540541407,
        "adjusted balanced accuracy": 0.21871160720721874
    },
    "classwise": {
        "0": {
            "TN": 195,
            "FP": 134,
            "FN": 144,
            "TP": 440,
            "AP": 0.7888425488314795,
            "recall": 0.7534246575342466,
            "precision": 0.7665505226480837,
            "specificity": 0.5927051671732523,
            "accuracy": 0.6955093099671413,
            "expected AP": 0.6396495071193866
        },
        "1": {
            "TN": 585,
            "FP": 161,
            "FN": 94,
            "TP": 73,
            "AP": 0.283756266277129,
            "recall": 0.437125748502994,
            "precision": 0.31196581196581197,
            "specificity": 0.7841823056300268,
            "accuracy": 0.7207009857612268,
            "expected AP": 0.1829134720700986
        },
        "2": {
            "TN": 710,
            "FP": 63,
            "FN": 113,
            "TP": 27,
            "AP": 0.23959617772985697,
            "recall": 0.19285714285714287,
            "precision": 0.3,
            "specificity": 0.9184993531694696,
            "accuracy": 0.8072289156626506,
            "expected AP": 0.1533406352683461
        },
        "3": {
            "TN": 882,
            "FP": 9,
            "FN": 16,
            "TP": 6,
            "AP": 0.23006659505857624,
            "recall": 0.2727272727272727,
            "precision": 0.4,
            "specificity": 0.98989898989899,
            "accuracy": 0.9726177437020811,
            "expected AP": 0.024096385542168676
        }
    }
}
