{
    "overall": {
        "mAP": 0.3695727257461515,
        "accuracy": 0.5610589239965841,
        "expected mAP": 0.25,
        "balanced accuracy": 0.391131616500762,
        "adjusted balanced accuracy": 0.18817548866768266
    },
    "classwise": {
        "0": {
            "TN": 257,
            "FP": 179,
            "FN": 213,
            "TP": 522,
            "AP": 0.7770439503018914,
            "recall": 0.710204081632653,
            "precision": 0.7446504992867332,
            "specificity": 0.5894495412844036,
            "accuracy": 0.6652433817250214,
            "expected AP": 0.627668659265585
        },
        "1": {
            "TN": 718,
            "FP": 235,
            "FN": 127,
            "TP": 91,
            "AP": 0.26235636227218306,
            "recall": 0.41743119266055045,
            "precision": 0.2791411042944785,
            "specificity": 0.7534102833158447,
            "accuracy": 0.6908625106746371,
            "expected AP": 0.18616567036720752
        },
        "2": {
            "TN": 886,
            "FP": 92,
            "FN": 155,
            "TP": 38,
            "AP": 0.23723500606326708,
            "recall": 0.19689119170984457,
            "precision": 0.2923076923076923,
            "specificity": 0.9059304703476483,
            "accuracy": 0.7890691716481639,
            "expected AP": 0.16481639624252775
        },
        "3": {
            "TN": 1138,
            "FP": 8,
            "FN": 19,
            "TP": 6,
            "AP": 0.20165558434726447,
            "recall": 0.24,
            "precision": 0.42857142857142855,
            "specificity": 0.9930191972076788,
            "accuracy": 0.9769427839453458,
            "expected AP": 0.02134927412467976
        }
    }
}
