{
    "TN": 115,
    "FP": 53,
    "FN": 109,
    "TP": 102,
    "AP": 0.6581118915502066,
    "recall": 0.4834123222748815,
    "precision": 0.6580645161290323,
    "specificity": 0.6845238095238095,
    "accuracy": 0.5725593667546174,
    "expected AP": 0.5567282321899736,
    "auroc": 0.6434072444143534,
    "balanced accuracy": 0.5839680658993456,
    "adjusted balanced accuracy": 0.16793613179869116
}
