{
    "overall": {
        "mAP": 0.4719081874592781,
        "accuracy": 0.4238875878220141,
        "expected mAP": 0.25,
        "balanced accuracy": 0.3460907335907336,
        "adjusted balanced accuracy": 0.12812097812097814
    },
    "classwise": {
        "0": {
            "TN": 63,
            "FP": 216,
            "FN": 15,
            "TP": 133,
            "AP": 0.48092121369482693,
            "recall": 0.8986486486486487,
            "precision": 0.38108882521489973,
            "specificity": 0.22580645161290322,
            "accuracy": 0.45901639344262296,
            "expected AP": 0.34660421545667447
        },
        "1": {
            "TN": 193,
            "FP": 24,
            "FN": 171,
            "TP": 39,
            "AP": 0.5732772575964842,
            "recall": 0.18571428571428572,
            "precision": 0.6190476190476191,
            "specificity": 0.8894009216589862,
            "accuracy": 0.5433255269320844,
            "expected AP": 0.4918032786885246
        },
        "2": {
            "TN": 383,
            "FP": 5,
            "FN": 39,
            "TP": 0,
            "AP": 0.1302906028637366,
            "recall": 0.0,
            "precision": 0.0,
            "specificity": 0.9871134020618557,
            "accuracy": 0.8969555035128806,
            "expected AP": 0.09133489461358314
        },
        "3": {
            "TN": 396,
            "FP": 1,
            "FN": 21,
            "TP": 9,
            "AP": 0.7031436756820649,
            "recall": 0.3,
            "precision": 0.9,
            "specificity": 0.9974811083123426,
            "accuracy": 0.9484777517564403,
            "expected AP": 0.0702576112412178
        }
    }
}
