{
    "overall": {
        "mAP": 0.4714001596392361,
        "accuracy": 0.4262295081967213,
        "expected mAP": 0.25,
        "balanced accuracy": 0.3411357786357786,
        "adjusted balanced accuracy": 0.12151437151437146
    },
    "classwise": {
        "0": {
            "TN": 64,
            "FP": 215,
            "FN": 13,
            "TP": 135,
            "AP": 0.48228798954379914,
            "recall": 0.9121621621621622,
            "precision": 0.38571428571428573,
            "specificity": 0.22939068100358423,
            "accuracy": 0.46604215456674475,
            "expected AP": 0.34660421545667447
        },
        "1": {
            "TN": 192,
            "FP": 25,
            "FN": 171,
            "TP": 39,
            "AP": 0.5717337348706086,
            "recall": 0.18571428571428572,
            "precision": 0.609375,
            "specificity": 0.8847926267281107,
            "accuracy": 0.5409836065573771,
            "expected AP": 0.4918032786885246
        },
        "2": {
            "TN": 383,
            "FP": 5,
            "FN": 39,
            "TP": 0,
            "AP": 0.12715622418271452,
            "recall": 0.0,
            "precision": 0.0,
            "specificity": 0.9871134020618557,
            "accuracy": 0.8969555035128806,
            "expected AP": 0.09133489461358314
        },
        "3": {
            "TN": 397,
            "FP": 0,
            "FN": 22,
            "TP": 8,
            "AP": 0.7044226899598223,
            "recall": 0.26666666666666666,
            "precision": 1.0,
            "specificity": 1.0,
            "accuracy": 0.9484777517564403,
            "expected AP": 0.0702576112412178
        }
    }
}
