{
    "overall": {
        "mAP": 0.4515454447356787,
        "accuracy": 0.675442795595979,
        "expected mAP": 0.25,
        "balanced accuracy": 0.4566036375055771,
        "adjusted balanced accuracy": 0.2754715166741028
    },
    "classwise": {
        "0": {
            "TN": 403,
            "FP": 221,
            "FN": 235,
            "TP": 1230,
            "AP": 0.9080629870705826,
            "recall": 0.8395904436860068,
            "precision": 0.8476912474155754,
            "specificity": 0.6458333333333334,
            "accuracy": 0.7817137386309239,
            "expected AP": 0.7012924844423168
        },
        "1": {
            "TN": 1349,
            "FP": 362,
            "FN": 241,
            "TP": 137,
            "AP": 0.23391432628164804,
            "recall": 0.36243386243386244,
            "precision": 0.2745490981963928,
            "specificity": 0.7884278199883109,
            "accuracy": 0.7113451412158928,
            "expected AP": 0.18094782192436573
        },
        "2": {
            "TN": 1857,
            "FP": 27,
            "FN": 182,
            "TP": 23,
            "AP": 0.35125248126414776,
            "recall": 0.11219512195121951,
            "precision": 0.46,
            "specificity": 0.9856687898089171,
            "accuracy": 0.8999521302058401,
            "expected AP": 0.09813307802776448
        },
        "3": {
            "TN": 1980,
            "FP": 68,
            "FN": 20,
            "TP": 21,
            "AP": 0.3129519843263363,
            "recall": 0.5121951219512195,
            "precision": 0.23595505617977527,
            "specificity": 0.966796875,
            "accuracy": 0.9578745811393011,
            "expected AP": 0.019626615605552896
        }
    }
}
