{
    "TN": 897,
    "FP": 49,
    "FN": 68,
    "TP": 4,
    "AP": 0.08543147474763976,
    "recall": 0.05555555555555555,
    "precision": 0.07547169811320754,
    "specificity": 0.9482029598308668,
    "accuracy": 0.8850687622789783,
    "expected AP": 0.07072691552062868,
    "auroc": 0.5581835799859056,
    "balanced accuracy": 0.5018792576932112,
    "adjusted balanced accuracy": 0.0037585153864223564
}
