{
    "overall": {
        "mAP": 0.47289061533441334,
        "accuracy": 0.5047724750277469,
        "expected mAP": 0.25
    },
    "classwise": {
        "0": {
            "TN": 4558,
            "FP": 4600,
            "FN": 789,
            "TP": 3568,
            "AP": 0.5717270440375744,
            "recall": 0.8189120954785403,
            "precision": 0.43682664054848186,
            "specificity": 0.4977069229089321,
            "accuracy": 0.6012578616352201,
            "expected AP": 0.3223825379208287
        },
        "1": {
            "TN": 5215,
            "FP": 1926,
            "FN": 3417,
            "TP": 2957,
            "AP": 0.5800629964923256,
            "recall": 0.46391590837778474,
            "precision": 0.6055703460987099,
            "specificity": 0.7302898753675956,
            "accuracy": 0.604661487236404,
            "expected AP": 0.4716241213466519
        },
        "2": {
            "TN": 11397,
            "FP": 153,
            "FN": 1904,
            "TP": 61,
            "AP": 0.19831172347779413,
            "recall": 0.03104325699745547,
            "precision": 0.2850467289719626,
            "specificity": 0.9867532467532467,
            "accuracy": 0.8477987421383648,
            "expected AP": 0.1453940066592675
        },
        "3": {
            "TN": 12682,
            "FP": 14,
            "FN": 583,
            "TP": 236,
            "AP": 0.5414606973299593,
            "recall": 0.28815628815628813,
            "precision": 0.944,
            "specificity": 0.9988972904851922,
            "accuracy": 0.955826859045505,
            "expected AP": 0.060599334073251944
        }
    }
}
