{
    "overall": {
        "mAP": 0.5539421567563341,
        "accuracy": 0.5462962962962963,
        "expected mAP": 0.25,
        "balanced accuracy": 0.38379732657901666
    },
    "classwise": {
        "0": {
            "TN": 173,
            "FP": 111,
            "FN": 54,
            "TP": 94,
            "AP": 0.6843676286811694,
            "recall": 0.6351351351351351,
            "precision": 0.4585365853658537,
            "specificity": 0.6091549295774648,
            "accuracy": 0.6180555555555556,
            "expected AP": 0.3425925925925926
        },
        "1": {
            "TN": 147,
            "FP": 72,
            "FN": 80,
            "TP": 133,
            "AP": 0.707101878716285,
            "recall": 0.6244131455399061,
            "precision": 0.6487804878048781,
            "specificity": 0.6712328767123288,
            "accuracy": 0.6481481481481481,
            "expected AP": 0.4930555555555556
        },
        "2": {
            "TN": 381,
            "FP": 12,
            "FN": 38,
            "TP": 1,
            "AP": 0.1793387475277284,
            "recall": 0.02564102564102564,
            "precision": 0.07692307692307693,
            "specificity": 0.9694656488549618,
            "accuracy": 0.8842592592592593,
            "expected AP": 0.09027777777777778
        },
        "3": {
            "TN": 399,
            "FP": 1,
            "FN": 24,
            "TP": 8,
            "AP": 0.6449603721001536,
            "recall": 0.25,
            "precision": 0.8888888888888888,
            "specificity": 0.9975,
            "accuracy": 0.9421296296296297,
            "expected AP": 0.07407407407407407
        }
    }
}
