{
    "overall": {
        "mAP": 0.5349086184688894,
        "accuracy": 0.6059365404298874,
        "expected mAP": 0.25,
        "balanced accuracy": 0.4923338262129537,
        "adjusted balanced accuracy": 0.3231117682839382
    },
    "classwise": {
        "0": {
            "TN": 560,
            "FP": 208,
            "FN": 316,
            "TP": 870,
            "AP": 0.8848426653411849,
            "recall": 0.7335581787521079,
            "precision": 0.8070500927643784,
            "specificity": 0.7291666666666666,
            "accuracy": 0.7318321392016377,
            "expected AP": 0.6069600818833163
        },
        "1": {
            "TN": 1075,
            "FP": 507,
            "FN": 140,
            "TP": 232,
            "AP": 0.3026122301655407,
            "recall": 0.6236559139784946,
            "precision": 0.31393775372124494,
            "specificity": 0.679519595448799,
            "accuracy": 0.6688843398157626,
            "expected AP": 0.19037871033776868
        },
        "2": {
            "TN": 1606,
            "FP": 18,
            "FN": 278,
            "TP": 52,
            "AP": 0.5227796880040226,
            "recall": 0.15757575757575756,
            "precision": 0.7428571428571429,
            "specificity": 0.9889162561576355,
            "accuracy": 0.8485158648925282,
            "expected AP": 0.16888433981576254
        },
        "3": {
            "TN": 1851,
            "FP": 37,
            "FN": 36,
            "TP": 30,
            "AP": 0.42939989036480886,
            "recall": 0.45454545454545453,
            "precision": 0.44776119402985076,
            "specificity": 0.9804025423728814,
            "accuracy": 0.9626407369498464,
            "expected AP": 0.033776867963152504
        }
    }
}
