{
    "overall": {
        "mAP": 0.48231486948995816,
        "accuracy": 0.42857142857142855,
        "expected mAP": 0.25,
        "balanced accuracy": 0.3351833976833977,
        "adjusted balanced accuracy": 0.11357786357786363
    },
    "classwise": {
        "0": {
            "TN": 69,
            "FP": 210,
            "FN": 13,
            "TP": 135,
            "AP": 0.494126947109857,
            "recall": 0.9121621621621622,
            "precision": 0.391304347826087,
            "specificity": 0.24731182795698925,
            "accuracy": 0.477751756440281,
            "expected AP": 0.34660421545667447
        },
        "1": {
            "TN": 188,
            "FP": 29,
            "FN": 169,
            "TP": 41,
            "AP": 0.5769478027675293,
            "recall": 0.19523809523809524,
            "precision": 0.5857142857142857,
            "specificity": 0.8663594470046083,
            "accuracy": 0.5362997658079626,
            "expected AP": 0.4918032786885246
        },
        "2": {
            "TN": 383,
            "FP": 5,
            "FN": 39,
            "TP": 0,
            "AP": 0.12337805939128973,
            "recall": 0.0,
            "precision": 0.0,
            "specificity": 0.9871134020618557,
            "accuracy": 0.8969555035128806,
            "expected AP": 0.09133489461358314
        },
        "3": {
            "TN": 397,
            "FP": 0,
            "FN": 23,
            "TP": 7,
            "AP": 0.7348066686911569,
            "recall": 0.23333333333333334,
            "precision": 1.0,
            "specificity": 1.0,
            "accuracy": 0.9461358313817331,
            "expected AP": 0.0702576112412178
        }
    }
}
