{
    "TN": 1130,
    "FP": 58,
    "FN": 71,
    "TP": 8,
    "AP": 0.10855265162619746,
    "recall": 0.10126582278481013,
    "precision": 0.12121212121212122,
    "specificity": 0.9511784511784511,
    "accuracy": 0.8981846882399369,
    "expected AP": 0.062352012628255724,
    "auroc": 0.6628201849720837,
    "balanced accuracy": 0.5262221369816307,
    "adjusted balanced accuracy": 0.052444273963261345
}
