{
    "overall": {
        "mAP": 0.4723253888800057,
        "accuracy": 0.5075841657417685,
        "expected mAP": 0.25
    },
    "classwise": {
        "0": {
            "TN": 4946,
            "FP": 4212,
            "FN": 979,
            "TP": 3378,
            "AP": 0.5818460073974199,
            "recall": 0.7753041083314207,
            "precision": 0.4450592885375494,
            "specificity": 0.5400742520200917,
            "accuracy": 0.6159082500924898,
            "expected AP": 0.3223825379208287
        },
        "1": {
            "TN": 4856,
            "FP": 2285,
            "FN": 3245,
            "TP": 3129,
            "AP": 0.5484817402084393,
            "recall": 0.49090053341700657,
            "precision": 0.5779460657554488,
            "specificity": 0.680016804369136,
            "accuracy": 0.5908250092489826,
            "expected AP": 0.4716241213466519
        },
        "2": {
            "TN": 11416,
            "FP": 134,
            "FN": 1886,
            "TP": 79,
            "AP": 0.19759043559601736,
            "recall": 0.04020356234096692,
            "precision": 0.37089201877934275,
            "specificity": 0.9883982683982684,
            "accuracy": 0.850536440991491,
            "expected AP": 0.1453940066592675
        },
        "3": {
            "TN": 12672,
            "FP": 24,
            "FN": 545,
            "TP": 274,
            "AP": 0.5613833723181461,
            "recall": 0.33455433455433453,
            "precision": 0.9194630872483222,
            "specificity": 0.998109640831758,
            "accuracy": 0.9578986311505734,
            "expected AP": 0.060599334073251944
        }
    }
}
