{
    "overall": {
        "mAP": 0.47059716376503347,
        "accuracy": 0.4238875878220141,
        "expected mAP": 0.25,
        "balanced accuracy": 0.3328024453024453,
        "adjusted balanced accuracy": 0.11040326040326039
    },
    "classwise": {
        "0": {
            "TN": 65,
            "FP": 214,
            "FN": 13,
            "TP": 135,
            "AP": 0.4735619479829904,
            "recall": 0.9121621621621622,
            "precision": 0.3868194842406877,
            "specificity": 0.23297491039426524,
            "accuracy": 0.468384074941452,
            "expected AP": 0.34660421545667447
        },
        "1": {
            "TN": 190,
            "FP": 27,
            "FN": 171,
            "TP": 39,
            "AP": 0.5765561676675803,
            "recall": 0.18571428571428572,
            "precision": 0.5909090909090909,
            "specificity": 0.8755760368663594,
            "accuracy": 0.5362997658079626,
            "expected AP": 0.4918032786885246
        },
        "2": {
            "TN": 383,
            "FP": 5,
            "FN": 39,
            "TP": 0,
            "AP": 0.12090727765314455,
            "recall": 0.0,
            "precision": 0.0,
            "specificity": 0.9871134020618557,
            "accuracy": 0.8969555035128806,
            "expected AP": 0.09133489461358314
        },
        "3": {
            "TN": 397,
            "FP": 0,
            "FN": 23,
            "TP": 7,
            "AP": 0.7113632617564184,
            "recall": 0.23333333333333334,
            "precision": 1.0,
            "specificity": 1.0,
            "accuracy": 0.9461358313817331,
            "expected AP": 0.0702576112412178
        }
    }
}
