{
    "TN": 109,
    "FP": 59,
    "FN": 96,
    "TP": 115,
    "AP": 0.656845415658212,
    "recall": 0.5450236966824644,
    "precision": 0.6609195402298851,
    "specificity": 0.6488095238095238,
    "accuracy": 0.5910290237467019,
    "expected AP": 0.5567282321899736,
    "auroc": 0.6407695779733694,
    "balanced accuracy": 0.5969166102459942,
    "adjusted balanced accuracy": 0.19383322049198837
}
