{
    "TN": 379,
    "FP": 15,
    "FN": 32,
    "TP": 1,
    "AP": 0.1436410770712666,
    "recall": 0.030303030303030304,
    "precision": 0.0625,
    "specificity": 0.9619289340101523,
    "accuracy": 0.8899297423887588,
    "expected AP": 0.07728337236533958,
    "auroc": 0.6422858021842794,
    "balanced accuracy": 0.4961159821565913,
    "adjusted balanced accuracy": -0.007768035686817387
}
