{
    "TN": 116,
    "FP": 52,
    "FN": 108,
    "TP": 103,
    "AP": 0.6672222418278257,
    "recall": 0.4881516587677725,
    "precision": 0.6645161290322581,
    "specificity": 0.6904761904761905,
    "accuracy": 0.5778364116094987,
    "expected AP": 0.5567282321899736,
    "auroc": 0.6509676145339652,
    "balanced accuracy": 0.5893139246219815,
    "adjusted balanced accuracy": 0.17862784924396302
}
