{
    "TN": 1528,
    "FP": 467,
    "FN": 280,
    "TP": 410,
    "AP": 0.4875741542310132,
    "recall": 0.5942028985507246,
    "precision": 0.467502850627138,
    "specificity": 0.7659147869674185,
    "accuracy": 0.7217877094972067,
    "expected AP": 0.2569832402234637,
    "auroc": 0.7558454106280192,
    "balanced accuracy": 0.6800588427590716,
    "adjusted balanced accuracy": 0.36011768551814316
}
