{
    "overall": {
        "mAP": 0.44301720713072845,
        "accuracy": 0.6165670367207515,
        "expected mAP": 0.25,
        "balanced accuracy": 0.40120708282362244,
        "adjusted balanced accuracy": 0.20160944376482992
    },
    "classwise": {
        "0": {
            "TN": 275,
            "FP": 161,
            "FN": 128,
            "TP": 607,
            "AP": 0.8635516612325725,
            "recall": 0.8258503401360544,
            "precision": 0.7903645833333334,
            "specificity": 0.6307339449541285,
            "accuracy": 0.753202391118702,
            "expected AP": 0.627668659265585
        },
        "1": {
            "TN": 694,
            "FP": 259,
            "FN": 116,
            "TP": 102,
            "AP": 0.2488104719875716,
            "recall": 0.46788990825688076,
            "precision": 0.28254847645429365,
            "specificity": 0.7282266526757608,
            "accuracy": 0.6797608881298036,
            "expected AP": 0.18616567036720752
        },
        "2": {
            "TN": 969,
            "FP": 9,
            "FN": 187,
            "TP": 6,
            "AP": 0.30959594394991086,
            "recall": 0.031088082901554404,
            "precision": 0.4,
            "specificity": 0.99079754601227,
            "accuracy": 0.8326216908625107,
            "expected AP": 0.16481639624252775
        },
        "3": {
            "TN": 1126,
            "FP": 20,
            "FN": 18,
            "TP": 7,
            "AP": 0.350110751352859,
            "recall": 0.28,
            "precision": 0.25925925925925924,
            "specificity": 0.9825479930191972,
            "accuracy": 0.9675491033304867,
            "expected AP": 0.02134927412467976
        }
    }
}
