{
    "overall": {
        "mAP": 0.4659302265815534,
        "accuracy": 0.6297918948521358,
        "expected mAP": 0.24999999999999997,
        "balanced accuracy": 0.41635583574001256,
        "adjusted balanced accuracy": 0.2218077809866834
    },
    "classwise": {
        "0": {
            "TN": 211,
            "FP": 118,
            "FN": 102,
            "TP": 482,
            "AP": 0.8914382439183717,
            "recall": 0.8253424657534246,
            "precision": 0.8033333333333333,
            "specificity": 0.6413373860182371,
            "accuracy": 0.7590361445783133,
            "expected AP": 0.6396495071193866
        },
        "1": {
            "TN": 553,
            "FP": 193,
            "FN": 87,
            "TP": 80,
            "AP": 0.2654160078365727,
            "recall": 0.47904191616766467,
            "precision": 0.29304029304029305,
            "specificity": 0.7412868632707775,
            "accuracy": 0.6933187294633077,
            "expected AP": 0.1829134720700986
        },
        "2": {
            "TN": 766,
            "FP": 7,
            "FN": 134,
            "TP": 6,
            "AP": 0.31936769322986963,
            "recall": 0.04285714285714286,
            "precision": 0.46153846153846156,
            "specificity": 0.9909443725743855,
            "accuracy": 0.8455640744797371,
            "expected AP": 0.1533406352683461
        },
        "3": {
            "TN": 871,
            "FP": 20,
            "FN": 15,
            "TP": 7,
            "AP": 0.3874989613413995,
            "recall": 0.3181818181818182,
            "precision": 0.25925925925925924,
            "specificity": 0.9775533108866442,
            "accuracy": 0.9616648411829135,
            "expected AP": 0.024096385542168676
        }
    }
}
