{
    "TN": 344,
    "FP": 50,
    "FN": 26,
    "TP": 7,
    "AP": 0.10294804665171381,
    "recall": 0.21212121212121213,
    "precision": 0.12280701754385964,
    "specificity": 0.8730964467005076,
    "accuracy": 0.8220140515222483,
    "expected AP": 0.07728337236533958,
    "auroc": 0.5862944162436549,
    "balanced accuracy": 0.5426088294108599,
    "adjusted balanced accuracy": 0.08521765882171972
}
