{
    "TN": 374,
    "FP": 20,
    "FN": 25,
    "TP": 8,
    "AP": 0.2600025201975671,
    "recall": 0.24242424242424243,
    "precision": 0.2857142857142857,
    "specificity": 0.949238578680203,
    "accuracy": 0.8946135831381733,
    "expected AP": 0.07728337236533958,
    "auroc": 0.6714736194431626,
    "balanced accuracy": 0.5958314105522227,
    "adjusted balanced accuracy": 0.19166282110444532
}
