{
    "overall": {
        "mAP": 0.32764079654884565,
        "accuracy": 0.44212962962962965,
        "expected mAP": 0.25,
        "balanced accuracy": 0.29479920060905973
    },
    "classwise": {
        "0": {
            "TN": 60,
            "FP": 224,
            "FN": 11,
            "TP": 137,
            "AP": 0.3331578406688547,
            "recall": 0.9256756756756757,
            "precision": 0.37950138504155123,
            "specificity": 0.2112676056338028,
            "accuracy": 0.45601851851851855,
            "expected AP": 0.3425925925925926
        },
        "1": {
            "TN": 202,
            "FP": 17,
            "FN": 159,
            "TP": 54,
            "AP": 0.6671214319712717,
            "recall": 0.2535211267605634,
            "precision": 0.7605633802816901,
            "specificity": 0.9223744292237442,
            "accuracy": 0.5925925925925926,
            "expected AP": 0.4930555555555556
        },
        "2": {
            "TN": 393,
            "FP": 0,
            "FN": 39,
            "TP": 0,
            "AP": 0.065881572581102,
            "recall": 0.0,
            "precision": 0.0,
            "specificity": 1.0,
            "accuracy": 0.9097222222222222,
            "expected AP": 0.09027777777777778
        },
        "3": {
            "TN": 400,
            "FP": 0,
            "FN": 32,
            "TP": 0,
            "AP": 0.24440234097415428,
            "recall": 0.0,
            "precision": 0.0,
            "specificity": 1.0,
            "accuracy": 0.9259259259259259,
            "expected AP": 0.07407407407407407
        }
    }
}
