{
    "overall": {
        "mAP": 0.45788467694782753,
        "accuracy": 0.4215456674473068,
        "expected mAP": 0.25,
        "balanced accuracy": 0.3316119691119691,
        "adjusted balanced accuracy": 0.1088159588159588
    },
    "classwise": {
        "0": {
            "TN": 64,
            "FP": 215,
            "FN": 13,
            "TP": 135,
            "AP": 0.45687886045067483,
            "recall": 0.9121621621621622,
            "precision": 0.38571428571428573,
            "specificity": 0.22939068100358423,
            "accuracy": 0.46604215456674475,
            "expected AP": 0.34660421545667447
        },
        "1": {
            "TN": 190,
            "FP": 27,
            "FN": 172,
            "TP": 38,
            "AP": 0.5775178708238597,
            "recall": 0.18095238095238095,
            "precision": 0.5846153846153846,
            "specificity": 0.8755760368663594,
            "accuracy": 0.5339578454332553,
            "expected AP": 0.4918032786885246
        },
        "2": {
            "TN": 383,
            "FP": 5,
            "FN": 39,
            "TP": 0,
            "AP": 0.10599829717297299,
            "recall": 0.0,
            "precision": 0.0,
            "specificity": 0.9871134020618557,
            "accuracy": 0.8969555035128806,
            "expected AP": 0.09133489461358314
        },
        "3": {
            "TN": 397,
            "FP": 0,
            "FN": 23,
            "TP": 7,
            "AP": 0.6911436793438027,
            "recall": 0.23333333333333334,
            "precision": 1.0,
            "specificity": 1.0,
            "accuracy": 0.9461358313817331,
            "expected AP": 0.0702576112412178
        }
    }
}
