{
    "overall": {
        "mAP": 0.4780886398031207,
        "accuracy": 0.4976851851851852,
        "expected mAP": 0.25,
        "balanced accuracy": 0.3243897506661591
    },
    "classwise": {
        "0": {
            "TN": 146,
            "FP": 138,
            "FN": 34,
            "TP": 114,
            "AP": 0.6917190867943421,
            "recall": 0.7702702702702703,
            "precision": 0.4523809523809524,
            "specificity": 0.5140845070422535,
            "accuracy": 0.6018518518518519,
            "expected AP": 0.3425925925925926
        },
        "1": {
            "TN": 156,
            "FP": 63,
            "FN": 114,
            "TP": 99,
            "AP": 0.6872826963716787,
            "recall": 0.4647887323943662,
            "precision": 0.6111111111111112,
            "specificity": 0.7123287671232876,
            "accuracy": 0.5902777777777778,
            "expected AP": 0.4930555555555556
        },
        "2": {
            "TN": 378,
            "FP": 15,
            "FN": 39,
            "TP": 0,
            "AP": 0.14961426781999976,
            "recall": 0.0,
            "precision": 0.0,
            "specificity": 0.9618320610687023,
            "accuracy": 0.875,
            "expected AP": 0.09027777777777778
        },
        "3": {
            "TN": 399,
            "FP": 1,
            "FN": 30,
            "TP": 2,
            "AP": 0.3837385082264621,
            "recall": 0.0625,
            "precision": 0.6666666666666666,
            "specificity": 0.9975,
            "accuracy": 0.9282407407407407,
            "expected AP": 0.07407407407407407
        }
    }
}
