{
    "TN": 119,
    "FP": 49,
    "FN": 107,
    "TP": 104,
    "AP": 0.6579056413313165,
    "recall": 0.4928909952606635,
    "precision": 0.6797385620915033,
    "specificity": 0.7083333333333334,
    "accuracy": 0.5883905013192612,
    "expected AP": 0.5567282321899736,
    "auroc": 0.6457628074926652,
    "balanced accuracy": 0.6006121642969984,
    "adjusted balanced accuracy": 0.20122432859399675
}
