{
    "overall": {
        "mAP": 0.4206737249239845,
        "accuracy": 0.36768149882903983,
        "expected mAP": 0.25,
        "balanced accuracy": 0.28064671814671815,
        "adjusted balanced accuracy": 0.04086229086229087
    },
    "classwise": {
        "0": {
            "TN": 24,
            "FP": 255,
            "FN": 3,
            "TP": 145,
            "AP": 0.4753419640029964,
            "recall": 0.9797297297297297,
            "precision": 0.3625,
            "specificity": 0.08602150537634409,
            "accuracy": 0.3957845433255269,
            "expected AP": 0.34660421545667447
        },
        "1": {
            "TN": 208,
            "FP": 9,
            "FN": 201,
            "TP": 9,
            "AP": 0.5317721444360998,
            "recall": 0.04285714285714286,
            "precision": 0.5,
            "specificity": 0.9585253456221198,
            "accuracy": 0.5081967213114754,
            "expected AP": 0.4918032786885246
        },
        "2": {
            "TN": 383,
            "FP": 5,
            "FN": 39,
            "TP": 0,
            "AP": 0.1235727012912709,
            "recall": 0.0,
            "precision": 0.0,
            "specificity": 0.9871134020618557,
            "accuracy": 0.8969555035128806,
            "expected AP": 0.09133489461358314
        },
        "3": {
            "TN": 396,
            "FP": 1,
            "FN": 27,
            "TP": 3,
            "AP": 0.552008089965571,
            "recall": 0.1,
            "precision": 0.75,
            "specificity": 0.9974811083123426,
            "accuracy": 0.9344262295081968,
            "expected AP": 0.0702576112412178
        }
    }
}
