{
    "overall": {
        "mAP": 0.4746572181936468,
        "accuracy": 0.5285238623751387,
        "expected mAP": 0.25
    },
    "classwise": {
        "0": {
            "TN": 5244,
            "FP": 3914,
            "FN": 949,
            "TP": 3408,
            "AP": 0.5773327631545879,
            "recall": 0.7821895799862291,
            "precision": 0.4654465992898115,
            "specificity": 0.5726141078838174,
            "accuracy": 0.6401775804661487,
            "expected AP": 0.3223825379208287
        },
        "1": {
            "TN": 4957,
            "FP": 2184,
            "FN": 3003,
            "TP": 3371,
            "AP": 0.5765781015226767,
            "recall": 0.5288672732977722,
            "precision": 0.6068406840684069,
            "specificity": 0.6941604817252486,
            "accuracy": 0.616204217536071,
            "expected AP": 0.4716241213466519
        },
        "2": {
            "TN": 11313,
            "FP": 237,
            "FN": 1855,
            "TP": 110,
            "AP": 0.2008663408848228,
            "recall": 0.05597964376590331,
            "precision": 0.3170028818443804,
            "specificity": 0.9794805194805195,
            "accuracy": 0.8452090270070293,
            "expected AP": 0.1453940066592675
        },
        "3": {
            "TN": 12659,
            "FP": 37,
            "FN": 565,
            "TP": 254,
            "AP": 0.5438516672124997,
            "recall": 0.31013431013431014,
            "precision": 0.872852233676976,
            "specificity": 0.9970856962822936,
            "accuracy": 0.9554568997410284,
            "expected AP": 0.060599334073251944
        }
    }
}
