{
    "overall": {
        "mAP": 0.4427882900862474,
        "accuracy": 0.5046296296296297,
        "expected mAP": 0.25,
        "balanced accuracy": 0.3237870352747113
    },
    "classwise": {
        "0": {
            "TN": 161,
            "FP": 123,
            "FN": 42,
            "TP": 106,
            "AP": 0.6648319627067703,
            "recall": 0.7162162162162162,
            "precision": 0.462882096069869,
            "specificity": 0.5669014084507042,
            "accuracy": 0.6180555555555556,
            "expected AP": 0.3425925925925926
        },
        "1": {
            "TN": 144,
            "FP": 75,
            "FN": 103,
            "TP": 110,
            "AP": 0.6762539371868708,
            "recall": 0.5164319248826291,
            "precision": 0.5945945945945946,
            "specificity": 0.6575342465753424,
            "accuracy": 0.5879629629629629,
            "expected AP": 0.4930555555555556
        },
        "2": {
            "TN": 378,
            "FP": 15,
            "FN": 39,
            "TP": 0,
            "AP": 0.144241135576087,
            "recall": 0.0,
            "precision": 0.0,
            "specificity": 0.9618320610687023,
            "accuracy": 0.875,
            "expected AP": 0.09027777777777778
        },
        "3": {
            "TN": 399,
            "FP": 1,
            "FN": 30,
            "TP": 2,
            "AP": 0.2858261248752616,
            "recall": 0.0625,
            "precision": 0.6666666666666666,
            "specificity": 0.9975,
            "accuracy": 0.9282407407407407,
            "expected AP": 0.07407407407407407
        }
    }
}
