{
    "TN": 438,
    "FP": 130,
    "FN": 69,
    "TP": 150,
    "AP": 0.5683648609353985,
    "recall": 0.684931506849315,
    "precision": 0.5357142857142857,
    "specificity": 0.7711267605633803,
    "accuracy": 0.747141041931385,
    "expected AP": 0.2782719186785261,
    "auroc": 0.7965383625956654,
    "balanced accuracy": 0.7280291337063476,
    "adjusted balanced accuracy": 0.4560582674126952
}
