{
    "overall": {
        "mAP": 0.4887490246247034,
        "accuracy": 0.4098360655737705,
        "expected mAP": 0.25,
        "balanced accuracy": 0.32665701415701415,
        "adjusted balanced accuracy": 0.10220935220935219
    },
    "classwise": {
        "0": {
            "TN": 53,
            "FP": 226,
            "FN": 11,
            "TP": 137,
            "AP": 0.5179293843757312,
            "recall": 0.9256756756756757,
            "precision": 0.3774104683195592,
            "specificity": 0.18996415770609318,
            "accuracy": 0.4449648711943794,
            "expected AP": 0.34660421545667447
        },
        "1": {
            "TN": 196,
            "FP": 21,
            "FN": 179,
            "TP": 31,
            "AP": 0.5887618380513511,
            "recall": 0.14761904761904762,
            "precision": 0.5961538461538461,
            "specificity": 0.9032258064516129,
            "accuracy": 0.531615925058548,
            "expected AP": 0.4918032786885246
        },
        "2": {
            "TN": 383,
            "FP": 5,
            "FN": 39,
            "TP": 0,
            "AP": 0.11248167528466932,
            "recall": 0.0,
            "precision": 0.0,
            "specificity": 0.9871134020618557,
            "accuracy": 0.8969555035128806,
            "expected AP": 0.09133489461358314
        },
        "3": {
            "TN": 397,
            "FP": 0,
            "FN": 23,
            "TP": 7,
            "AP": 0.7358232007870619,
            "recall": 0.23333333333333334,
            "precision": 1.0,
            "specificity": 1.0,
            "accuracy": 0.9461358313817331,
            "expected AP": 0.0702576112412178
        }
    }
}
