{
    "TN": 437,
    "FP": 98,
    "FN": 126,
    "TP": 77,
    "AP": 0.3807046939086544,
    "recall": 0.3793103448275862,
    "precision": 0.44,
    "specificity": 0.8168224299065421,
    "accuracy": 0.6964769647696477,
    "expected AP": 0.2750677506775068,
    "auroc": 0.6454583122324018,
    "balanced accuracy": 0.5980663873670642,
    "adjusted balanced accuracy": 0.19613277473412838
}
