{
    "TN": 583,
    "FP": 141,
    "FN": 158,
    "TP": 114,
    "AP": 0.3941904136260956,
    "recall": 0.41911764705882354,
    "precision": 0.4470588235294118,
    "specificity": 0.8052486187845304,
    "accuracy": 0.6997991967871486,
    "expected AP": 0.27309236947791166,
    "auroc": 0.6656899983750405,
    "balanced accuracy": 0.6121831329216769,
    "adjusted balanced accuracy": 0.22436626584335384
}
