{
    "overall": {
        "mAP": 0.4683046927238832,
        "accuracy": 0.4931557528671846,
        "expected mAP": 0.25
    },
    "classwise": {
        "0": {
            "TN": 4304,
            "FP": 4854,
            "FN": 875,
            "TP": 3482,
            "AP": 0.5486436582519568,
            "recall": 0.799173743401423,
            "precision": 0.4177063339731286,
            "specificity": 0.4699716095217296,
            "accuracy": 0.5761006289308176,
            "expected AP": 0.3223825379208287
        },
        "1": {
            "TN": 5317,
            "FP": 1824,
            "FN": 3513,
            "TP": 2861,
            "AP": 0.59086526420404,
            "recall": 0.44885472230938184,
            "precision": 0.6106723585912487,
            "specificity": 0.7445735891331746,
            "accuracy": 0.6051054384017758,
            "expected AP": 0.4716241213466519
        },
        "2": {
            "TN": 11419,
            "FP": 131,
            "FN": 1904,
            "TP": 61,
            "AP": 0.19227656593728493,
            "recall": 0.03104325699745547,
            "precision": 0.3177083333333333,
            "specificity": 0.9886580086580087,
            "accuracy": 0.8494265630780614,
            "expected AP": 0.1453940066592675
        },
        "3": {
            "TN": 12655,
            "FP": 41,
            "FN": 558,
            "TP": 261,
            "AP": 0.5414332825022512,
            "recall": 0.31868131868131866,
            "precision": 0.8642384105960265,
            "specificity": 0.99677063642092,
            "accuracy": 0.9556788753237144,
            "expected AP": 0.060599334073251944
        }
    }
}
