{
    "overall": {
        "mAP": 0.4194080442853658,
        "accuracy": 0.6975369458128079,
        "expected mAP": 0.25,
        "balanced accuracy": 0.4404958909526151,
        "adjusted balanced accuracy": 0.2539945212701535
    },
    "classwise": {
        "0": {
            "TN": 190,
            "FP": 117,
            "FN": 95,
            "TP": 613,
            "AP": 0.9324080780053323,
            "recall": 0.865819209039548,
            "precision": 0.8397260273972603,
            "specificity": 0.6188925081433225,
            "accuracy": 0.7911330049261084,
            "expected AP": 0.6975369458128079
        },
        "1": {
            "TN": 680,
            "FP": 152,
            "FN": 101,
            "TP": 82,
            "AP": 0.2905275650005965,
            "recall": 0.44808743169398907,
            "precision": 0.3504273504273504,
            "specificity": 0.8173076923076923,
            "accuracy": 0.7507389162561576,
            "expected AP": 0.18029556650246306
        },
        "2": {
            "TN": 909,
            "FP": 2,
            "FN": 99,
            "TP": 5,
            "AP": 0.32205848944807747,
            "recall": 0.04807692307692308,
            "precision": 0.7142857142857143,
            "specificity": 0.9978046103183315,
            "accuracy": 0.9004926108374385,
            "expected AP": 0.10246305418719212
        },
        "3": {
            "TN": 959,
            "FP": 36,
            "FN": 12,
            "TP": 8,
            "AP": 0.13263804468745682,
            "recall": 0.4,
            "precision": 0.18181818181818182,
            "specificity": 0.963819095477387,
            "accuracy": 0.9527093596059113,
            "expected AP": 0.019704433497536946
        }
    }
}
