{
    "TN": 884,
    "FP": 62,
    "FN": 59,
    "TP": 13,
    "AP": 0.10745975878285116,
    "recall": 0.18055555555555555,
    "precision": 0.17333333333333334,
    "specificity": 0.9344608879492601,
    "accuracy": 0.881139489194499,
    "expected AP": 0.07072691552062868,
    "auroc": 0.5844931876908621,
    "balanced accuracy": 0.5575082217524078,
    "adjusted balanced accuracy": 0.11501644350481555
}
