{
    "overall": {
        "mAP": 0.4546995057356191,
        "accuracy": 0.6319622964867181,
        "expected mAP": 0.25,
        "balanced accuracy": 0.44941919763799343,
        "adjusted balanced accuracy": 0.2658922635173246
    },
    "classwise": {
        "0": {
            "TN": 577,
            "FP": 277,
            "FN": 271,
            "TP": 1209,
            "AP": 0.8989361222587806,
            "recall": 0.8168918918918919,
            "precision": 0.8135935397039031,
            "specificity": 0.6756440281030445,
            "accuracy": 0.7652099400171379,
            "expected AP": 0.6341045415595544
        },
        "1": {
            "TN": 1401,
            "FP": 491,
            "FN": 226,
            "TP": 216,
            "AP": 0.3044180887827076,
            "recall": 0.48868778280542985,
            "precision": 0.3055162659123055,
            "specificity": 0.7404862579281184,
            "accuracy": 0.6928020565552699,
            "expected AP": 0.1893744644387318
        },
        "2": {
            "TN": 1933,
            "FP": 40,
            "FN": 332,
            "TP": 29,
            "AP": 0.3487448718274506,
            "recall": 0.08033240997229917,
            "precision": 0.42028985507246375,
            "specificity": 0.979726305119108,
            "accuracy": 0.8406169665809768,
            "expected AP": 0.1546700942587832
        },
        "3": {
            "TN": 2232,
            "FP": 51,
            "FN": 30,
            "TP": 21,
            "AP": 0.26669894007353756,
            "recall": 0.4117647058823529,
            "precision": 0.2916666666666667,
            "specificity": 0.9776609724047306,
            "accuracy": 0.9652956298200515,
            "expected AP": 0.021850899742930592
        }
    }
}
