{
    "overall": {
        "mAP": 0.42182201203475894,
        "accuracy": 0.5532407407407407,
        "expected mAP": 0.25,
        "balanced accuracy": 0.3443110804466438
    },
    "classwise": {
        "0": {
            "TN": 192,
            "FP": 92,
            "FN": 50,
            "TP": 98,
            "AP": 0.6035451921987632,
            "recall": 0.6621621621621622,
            "precision": 0.5157894736842106,
            "specificity": 0.676056338028169,
            "accuracy": 0.6712962962962963,
            "expected AP": 0.3425925925925926
        },
        "1": {
            "TN": 135,
            "FP": 84,
            "FN": 74,
            "TP": 139,
            "AP": 0.6762251129616049,
            "recall": 0.6525821596244131,
            "precision": 0.6233183856502242,
            "specificity": 0.6164383561643836,
            "accuracy": 0.6342592592592593,
            "expected AP": 0.4930555555555556
        },
        "2": {
            "TN": 378,
            "FP": 15,
            "FN": 39,
            "TP": 0,
            "AP": 0.14623156511988605,
            "recall": 0.0,
            "precision": 0.0,
            "specificity": 0.9618320610687023,
            "accuracy": 0.875,
            "expected AP": 0.09027777777777778
        },
        "3": {
            "TN": 398,
            "FP": 2,
            "FN": 30,
            "TP": 2,
            "AP": 0.2612861778587816,
            "recall": 0.0625,
            "precision": 0.5,
            "specificity": 0.995,
            "accuracy": 0.9259259259259259,
            "expected AP": 0.07407407407407407
        }
    }
}
