{
    "overall": {
        "mAP": 0.4756987872148004,
        "accuracy": 0.624315443592552,
        "expected mAP": 0.24999999999999997,
        "balanced accuracy": 0.4070216665050969,
        "adjusted balanced accuracy": 0.20936222200679588
    },
    "classwise": {
        "0": {
            "TN": 202,
            "FP": 127,
            "FN": 100,
            "TP": 484,
            "AP": 0.8887915713059114,
            "recall": 0.8287671232876712,
            "precision": 0.7921440261865794,
            "specificity": 0.6139817629179332,
            "accuracy": 0.7513691128148959,
            "expected AP": 0.6396495071193866
        },
        "1": {
            "TN": 553,
            "FP": 193,
            "FN": 95,
            "TP": 72,
            "AP": 0.2650408839455308,
            "recall": 0.4311377245508982,
            "precision": 0.27169811320754716,
            "specificity": 0.7412868632707775,
            "accuracy": 0.6845564074479737,
            "expected AP": 0.1829134720700986
        },
        "2": {
            "TN": 769,
            "FP": 4,
            "FN": 133,
            "TP": 7,
            "AP": 0.34469554124216883,
            "recall": 0.05,
            "precision": 0.6363636363636364,
            "specificity": 0.9948253557567918,
            "accuracy": 0.8499452354874042,
            "expected AP": 0.1533406352683461
        },
        "3": {
            "TN": 872,
            "FP": 19,
            "FN": 15,
            "TP": 7,
            "AP": 0.40426715236559047,
            "recall": 0.3181818181818182,
            "precision": 0.2692307692307692,
            "specificity": 0.978675645342312,
            "accuracy": 0.9627601314348302,
            "expected AP": 0.024096385542168676
        }
    }
}
