{
    "overall": {
        "mAP": 0.4542863748537125,
        "accuracy": 0.6020495303159693,
        "expected mAP": 0.25,
        "balanced accuracy": 0.38912009420396,
        "adjusted balanced accuracy": 0.18549345893861333
    },
    "classwise": {
        "0": {
            "TN": 263,
            "FP": 173,
            "FN": 137,
            "TP": 598,
            "AP": 0.8658870069255158,
            "recall": 0.8136054421768707,
            "precision": 0.7756160830090791,
            "specificity": 0.6032110091743119,
            "accuracy": 0.735269000853971,
            "expected AP": 0.627668659265585
        },
        "1": {
            "TN": 685,
            "FP": 268,
            "FN": 125,
            "TP": 93,
            "AP": 0.24933411215655815,
            "recall": 0.42660550458715596,
            "precision": 0.25761772853185594,
            "specificity": 0.7187827911857293,
            "accuracy": 0.6643894107600341,
            "expected AP": 0.18616567036720752
        },
        "2": {
            "TN": 972,
            "FP": 6,
            "FN": 186,
            "TP": 7,
            "AP": 0.33200267878028544,
            "recall": 0.03626943005181347,
            "precision": 0.5384615384615384,
            "specificity": 0.9938650306748467,
            "accuracy": 0.8360375747224594,
            "expected AP": 0.16481639624252775
        },
        "3": {
            "TN": 1127,
            "FP": 19,
            "FN": 18,
            "TP": 7,
            "AP": 0.3699217015524905,
            "recall": 0.28,
            "precision": 0.2692307692307692,
            "specificity": 0.9834205933682374,
            "accuracy": 0.968403074295474,
            "expected AP": 0.02134927412467976
        }
    }
}
