{
    "overall": {
        "mAP": 0.36509200328160024,
        "accuracy": 0.6315270935960591,
        "expected mAP": 0.25,
        "balanced accuracy": 0.43120832175604334,
        "adjusted balanced accuracy": 0.24161109567472447
    },
    "classwise": {
        "0": {
            "TN": 199,
            "FP": 108,
            "FN": 157,
            "TP": 551,
            "AP": 0.8867189788320765,
            "recall": 0.7782485875706214,
            "precision": 0.8361153262518968,
            "specificity": 0.6482084690553745,
            "accuracy": 0.7389162561576355,
            "expected AP": 0.6975369458128079
        },
        "1": {
            "TN": 640,
            "FP": 192,
            "FN": 115,
            "TP": 68,
            "AP": 0.23878903803234575,
            "recall": 0.37158469945355194,
            "precision": 0.26153846153846155,
            "specificity": 0.7692307692307693,
            "accuracy": 0.6975369458128079,
            "expected AP": 0.18029556650246306
        },
        "2": {
            "TN": 882,
            "FP": 29,
            "FN": 91,
            "TP": 13,
            "AP": 0.20736327854808667,
            "recall": 0.125,
            "precision": 0.30952380952380953,
            "specificity": 0.9681668496158068,
            "accuracy": 0.8817733990147784,
            "expected AP": 0.10246305418719212
        },
        "3": {
            "TN": 950,
            "FP": 45,
            "FN": 11,
            "TP": 9,
            "AP": 0.12749671771389198,
            "recall": 0.45,
            "precision": 0.16666666666666666,
            "specificity": 0.9547738693467337,
            "accuracy": 0.9448275862068966,
            "expected AP": 0.019704433497536946
        }
    }
}
