{
    "TN": 113,
    "FP": 55,
    "FN": 108,
    "TP": 103,
    "AP": 0.648961385487244,
    "recall": 0.4881516587677725,
    "precision": 0.6518987341772152,
    "specificity": 0.6726190476190477,
    "accuracy": 0.5699208443271768,
    "expected AP": 0.5567282321899736,
    "auroc": 0.6374407582938388,
    "balanced accuracy": 0.5803853531934101,
    "adjusted balanced accuracy": 0.16077070638682023
}
