{
    "overall": {
        "mAP": 0.4613295006545416,
        "accuracy": 0.4215456674473068,
        "expected mAP": 0.25,
        "balanced accuracy": 0.3387548262548262,
        "adjusted balanced accuracy": 0.1183397683397683
    },
    "classwise": {
        "0": {
            "TN": 61,
            "FP": 218,
            "FN": 13,
            "TP": 135,
            "AP": 0.4723249257179346,
            "recall": 0.9121621621621622,
            "precision": 0.38243626062322944,
            "specificity": 0.21863799283154123,
            "accuracy": 0.45901639344262296,
            "expected AP": 0.34660421545667447
        },
        "1": {
            "TN": 195,
            "FP": 22,
            "FN": 173,
            "TP": 37,
            "AP": 0.5721123967547943,
            "recall": 0.1761904761904762,
            "precision": 0.6271186440677966,
            "specificity": 0.8986175115207373,
            "accuracy": 0.5433255269320844,
            "expected AP": 0.4918032786885246
        },
        "2": {
            "TN": 382,
            "FP": 6,
            "FN": 39,
            "TP": 0,
            "AP": 0.12568376036440745,
            "recall": 0.0,
            "precision": 0.0,
            "specificity": 0.9845360824742269,
            "accuracy": 0.8946135831381733,
            "expected AP": 0.09133489461358314
        },
        "3": {
            "TN": 396,
            "FP": 1,
            "FN": 22,
            "TP": 8,
            "AP": 0.6751969197810302,
            "recall": 0.26666666666666666,
            "precision": 0.8888888888888888,
            "specificity": 0.9974811083123426,
            "accuracy": 0.9461358313817331,
            "expected AP": 0.0702576112412178
        }
    }
}
