{
    "TN": 158,
    "FP": 10,
    "FN": 197,
    "TP": 14,
    "AP": 0.6396064005926958,
    "recall": 0.06635071090047394,
    "precision": 0.5833333333333334,
    "specificity": 0.9404761904761905,
    "accuracy": 0.45382585751978893,
    "expected AP": 0.5567282321899736,
    "auroc": 0.620260663507109,
    "balanced accuracy": 0.5034134506883322,
    "adjusted balanced accuracy": 0.006826901376664418
}
