{
    "overall": {
        "mAP": 0.45832809277031417,
        "accuracy": 0.5162037037037037,
        "expected mAP": 0.25,
        "balanced accuracy": 0.3312020206826545
    },
    "classwise": {
        "0": {
            "TN": 161,
            "FP": 123,
            "FN": 39,
            "TP": 109,
            "AP": 0.7093884022581117,
            "recall": 0.7364864864864865,
            "precision": 0.4698275862068966,
            "specificity": 0.5669014084507042,
            "accuracy": 0.625,
            "expected AP": 0.3425925925925926
        },
        "1": {
            "TN": 149,
            "FP": 70,
            "FN": 101,
            "TP": 112,
            "AP": 0.6938642101063897,
            "recall": 0.5258215962441315,
            "precision": 0.6153846153846154,
            "specificity": 0.680365296803653,
            "accuracy": 0.6041666666666666,
            "expected AP": 0.4930555555555556
        },
        "2": {
            "TN": 378,
            "FP": 15,
            "FN": 39,
            "TP": 0,
            "AP": 0.14570871047505196,
            "recall": 0.0,
            "precision": 0.0,
            "specificity": 0.9618320610687023,
            "accuracy": 0.875,
            "expected AP": 0.09027777777777778
        },
        "3": {
            "TN": 399,
            "FP": 1,
            "FN": 30,
            "TP": 2,
            "AP": 0.2843510482417031,
            "recall": 0.0625,
            "precision": 0.6666666666666666,
            "specificity": 0.9975,
            "accuracy": 0.9282407407407407,
            "expected AP": 0.07407407407407407
        }
    }
}
