{
    "overall": {
        "mAP": 0.4358249900694098,
        "accuracy": 0.5092592592592593,
        "expected mAP": 0.25,
        "balanced accuracy": 0.32613445311508693
    },
    "classwise": {
        "0": {
            "TN": 166,
            "FP": 118,
            "FN": 42,
            "TP": 106,
            "AP": 0.6370989546544272,
            "recall": 0.7162162162162162,
            "precision": 0.4732142857142857,
            "specificity": 0.5845070422535211,
            "accuracy": 0.6296296296296297,
            "expected AP": 0.3425925925925926
        },
        "1": {
            "TN": 142,
            "FP": 77,
            "FN": 101,
            "TP": 112,
            "AP": 0.6825616554875518,
            "recall": 0.5258215962441315,
            "precision": 0.5925925925925926,
            "specificity": 0.6484018264840182,
            "accuracy": 0.5879629629629629,
            "expected AP": 0.4930555555555556
        },
        "2": {
            "TN": 377,
            "FP": 16,
            "FN": 39,
            "TP": 0,
            "AP": 0.15581179367027403,
            "recall": 0.0,
            "precision": 0.0,
            "specificity": 0.9592875318066157,
            "accuracy": 0.8726851851851852,
            "expected AP": 0.09027777777777778
        },
        "3": {
            "TN": 399,
            "FP": 1,
            "FN": 30,
            "TP": 2,
            "AP": 0.26782755646538603,
            "recall": 0.0625,
            "precision": 0.6666666666666666,
            "specificity": 0.9975,
            "accuracy": 0.9282407407407407,
            "expected AP": 0.07407407407407407
        }
    }
}
