{
    "overall": {
        "mAP": 0.4433310540755409,
        "accuracy": 0.48842592592592593,
        "expected mAP": 0.25,
        "balanced accuracy": 0.31763299390940236
    },
    "classwise": {
        "0": {
            "TN": 140,
            "FP": 144,
            "FN": 38,
            "TP": 110,
            "AP": 0.7131313441611647,
            "recall": 0.7432432432432432,
            "precision": 0.4330708661417323,
            "specificity": 0.49295774647887325,
            "accuracy": 0.5787037037037037,
            "expected AP": 0.3425925925925926
        },
        "1": {
            "TN": 153,
            "FP": 66,
            "FN": 114,
            "TP": 99,
            "AP": 0.6735297121286478,
            "recall": 0.4647887323943662,
            "precision": 0.6,
            "specificity": 0.6986301369863014,
            "accuracy": 0.5833333333333334,
            "expected AP": 0.4930555555555556
        },
        "2": {
            "TN": 383,
            "FP": 10,
            "FN": 39,
            "TP": 0,
            "AP": 0.1445686573027,
            "recall": 0.0,
            "precision": 0.0,
            "specificity": 0.9745547073791349,
            "accuracy": 0.8865740740740741,
            "expected AP": 0.09027777777777778
        },
        "3": {
            "TN": 399,
            "FP": 1,
            "FN": 30,
            "TP": 2,
            "AP": 0.242094502709651,
            "recall": 0.0625,
            "precision": 0.6666666666666666,
            "specificity": 0.9975,
            "accuracy": 0.9282407407407407,
            "expected AP": 0.07407407407407407
        }
    }
}
