{
    "TN": 881,
    "FP": 65,
    "FN": 65,
    "TP": 7,
    "AP": 0.08291812747649416,
    "recall": 0.09722222222222222,
    "precision": 0.09722222222222222,
    "specificity": 0.9312896405919662,
    "accuracy": 0.8722986247544204,
    "expected AP": 0.07072691552062868,
    "auroc": 0.5137420718816067,
    "balanced accuracy": 0.5142559314070942,
    "adjusted balanced accuracy": 0.028511862814188493
}
