{
    "overall": {
        "mAP": 0.3926011571647076,
        "accuracy": 0.5730145175064048,
        "expected mAP": 0.25,
        "balanced accuracy": 0.43147163290852303,
        "adjusted balanced accuracy": 0.24196217721136404
    },
    "classwise": {
        "0": {
            "TN": 309,
            "FP": 127,
            "FN": 229,
            "TP": 506,
            "AP": 0.822688123173495,
            "recall": 0.6884353741496598,
            "precision": 0.7993680884676145,
            "specificity": 0.7087155963302753,
            "accuracy": 0.6959863364645602,
            "expected AP": 0.627668659265585
        },
        "1": {
            "TN": 720,
            "FP": 233,
            "FN": 115,
            "TP": 103,
            "AP": 0.2792006241640789,
            "recall": 0.4724770642201835,
            "precision": 0.30654761904761907,
            "specificity": 0.7555089192025184,
            "accuracy": 0.7028181041844578,
            "expected AP": 0.18616567036720752
        },
        "2": {
            "TN": 857,
            "FP": 121,
            "FN": 138,
            "TP": 55,
            "AP": 0.2582378748459181,
            "recall": 0.2849740932642487,
            "precision": 0.3125,
            "specificity": 0.876278118609407,
            "accuracy": 0.7788215200683177,
            "expected AP": 0.16481639624252775
        },
        "3": {
            "TN": 1127,
            "FP": 19,
            "FN": 18,
            "TP": 7,
            "AP": 0.21027800647533845,
            "recall": 0.28,
            "precision": 0.2692307692307692,
            "specificity": 0.9834205933682374,
            "accuracy": 0.968403074295474,
            "expected AP": 0.02134927412467976
        }
    }
}
