{
    "overall": {
        "mAP": 0.39844764248813147,
        "accuracy": 0.583789704271632,
        "expected mAP": 0.24999999999999997,
        "balanced accuracy": 0.4369674989107357,
        "adjusted balanced accuracy": 0.24928999854764763
    },
    "classwise": {
        "0": {
            "TN": 232,
            "FP": 97,
            "FN": 172,
            "TP": 412,
            "AP": 0.8312431237899265,
            "recall": 0.7054794520547946,
            "precision": 0.8094302554027505,
            "specificity": 0.7051671732522796,
            "accuracy": 0.7053669222343921,
            "expected AP": 0.6396495071193866
        },
        "1": {
            "TN": 572,
            "FP": 174,
            "FN": 89,
            "TP": 78,
            "AP": 0.28654284108085226,
            "recall": 0.46706586826347307,
            "precision": 0.30952380952380953,
            "specificity": 0.7667560321715817,
            "accuracy": 0.7119386637458927,
            "expected AP": 0.1829134720700986
        },
        "2": {
            "TN": 680,
            "FP": 93,
            "FN": 104,
            "TP": 36,
            "AP": 0.2286706771322773,
            "recall": 0.2571428571428571,
            "precision": 0.27906976744186046,
            "specificity": 0.8796895213454075,
            "accuracy": 0.7842278203723987,
            "expected AP": 0.1533406352683461
        },
        "3": {
            "TN": 875,
            "FP": 16,
            "FN": 15,
            "TP": 7,
            "AP": 0.24733392794946973,
            "recall": 0.3181818181818182,
            "precision": 0.30434782608695654,
            "specificity": 0.9820426487093153,
            "accuracy": 0.9660460021905805,
            "expected AP": 0.024096385542168676
        }
    }
}
