{
    "overall": {
        "mAP": 0.48164487166175185,
        "accuracy": 0.47110617832038476,
        "expected mAP": 0.25
    },
    "classwise": {
        "0": {
            "TN": 3988,
            "FP": 5170,
            "FN": 608,
            "TP": 3749,
            "AP": 0.5519732416216989,
            "recall": 0.8604544411292173,
            "precision": 0.4203386029823971,
            "specificity": 0.43546625900851715,
            "accuracy": 0.5724750277469478,
            "expected AP": 0.3223825379208287
        },
        "1": {
            "TN": 5394,
            "FP": 1747,
            "FN": 4095,
            "TP": 2279,
            "AP": 0.564432531918334,
            "recall": 0.3575462817696894,
            "precision": 0.5660705414803775,
            "specificity": 0.7553563926620921,
            "accuracy": 0.5677395486496485,
            "expected AP": 0.4716241213466519
        },
        "2": {
            "TN": 11323,
            "FP": 227,
            "FN": 1871,
            "TP": 94,
            "AP": 0.18482648569422544,
            "recall": 0.04783715012722646,
            "precision": 0.29283489096573206,
            "specificity": 0.9803463203463203,
            "accuracy": 0.8447650758416574,
            "expected AP": 0.1453940066592675
        },
        "3": {
            "TN": 12692,
            "FP": 4,
            "FN": 574,
            "TP": 245,
            "AP": 0.6253472274127491,
            "recall": 0.29914529914529914,
            "precision": 0.9839357429718876,
            "specificity": 0.9996849401386263,
            "accuracy": 0.9572327044025157,
            "expected AP": 0.060599334073251944
        }
    }
}
