{
    "TN": 140,
    "FP": 28,
    "FN": 157,
    "TP": 54,
    "AP": 0.6874149365171226,
    "recall": 0.2559241706161137,
    "precision": 0.6585365853658537,
    "specificity": 0.8333333333333334,
    "accuracy": 0.5118733509234829,
    "expected AP": 0.5567282321899736,
    "auroc": 0.6774430151207402,
    "balanced accuracy": 0.5446287519747235,
    "adjusted balanced accuracy": 0.08925750394944698
}
