{
    "TN": 385,
    "FP": 9,
    "FN": 26,
    "TP": 7,
    "AP": 0.23281287290506683,
    "recall": 0.21212121212121213,
    "precision": 0.4375,
    "specificity": 0.9771573604060914,
    "accuracy": 0.9180327868852459,
    "expected AP": 0.07728337236533958,
    "auroc": 0.659283187201969,
    "balanced accuracy": 0.5946392862636517,
    "adjusted balanced accuracy": 0.1892785725273034
}
