{
    "TN": 446,
    "FP": 122,
    "FN": 68,
    "TP": 151,
    "AP": 0.560898352980714,
    "recall": 0.6894977168949772,
    "precision": 0.5531135531135531,
    "specificity": 0.7852112676056338,
    "accuracy": 0.758576874205845,
    "expected AP": 0.2782719186785261,
    "auroc": 0.7969563959097048,
    "balanced accuracy": 0.7373544922503055,
    "adjusted balanced accuracy": 0.47470898450061094
}
