{
    "TN": 791,
    "FP": 375,
    "FN": 729,
    "TP": 681,
    "AP": 0.6851466269877331,
    "recall": 0.4829787234042553,
    "precision": 0.6448863636363636,
    "specificity": 0.6783876500857633,
    "accuracy": 0.5714285714285714,
    "expected AP": 0.547360248447205,
    "auroc": 0.6212422296023259,
    "balanced accuracy": 0.5806831867450093,
    "adjusted balanced accuracy": 0.1613663734900186
}
