{
    "overall": {
        "mAP": 0.46126022372390274,
        "accuracy": 0.41920374707259955,
        "expected mAP": 0.25,
        "balanced accuracy": 0.33756435006435004,
        "adjusted balanced accuracy": 0.11675246675246671
    },
    "classwise": {
        "0": {
            "TN": 61,
            "FP": 218,
            "FN": 13,
            "TP": 135,
            "AP": 0.47575287416351575,
            "recall": 0.9121621621621622,
            "precision": 0.38243626062322944,
            "specificity": 0.21863799283154123,
            "accuracy": 0.45901639344262296,
            "expected AP": 0.34660421545667447
        },
        "1": {
            "TN": 194,
            "FP": 23,
            "FN": 174,
            "TP": 36,
            "AP": 0.5755429771100083,
            "recall": 0.17142857142857143,
            "precision": 0.6101694915254238,
            "specificity": 0.8940092165898618,
            "accuracy": 0.5386416861826698,
            "expected AP": 0.4918032786885246
        },
        "2": {
            "TN": 382,
            "FP": 6,
            "FN": 39,
            "TP": 0,
            "AP": 0.1251992198734349,
            "recall": 0.0,
            "precision": 0.0,
            "specificity": 0.9845360824742269,
            "accuracy": 0.8946135831381733,
            "expected AP": 0.09133489461358314
        },
        "3": {
            "TN": 396,
            "FP": 1,
            "FN": 22,
            "TP": 8,
            "AP": 0.6685458237486519,
            "recall": 0.26666666666666666,
            "precision": 0.8888888888888888,
            "specificity": 0.9974811083123426,
            "accuracy": 0.9461358313817331,
            "expected AP": 0.0702576112412178
        }
    }
}
