{
    "overall": {
        "mAP": 0.4814505529213532,
        "accuracy": 0.47702552719200886,
        "expected mAP": 0.25
    },
    "classwise": {
        "0": {
            "TN": 4100,
            "FP": 5058,
            "FN": 584,
            "TP": 3773,
            "AP": 0.5742321747725514,
            "recall": 0.865962818453064,
            "precision": 0.42724493262371194,
            "specificity": 0.44769600349421274,
            "accuracy": 0.5825379208287088,
            "expected AP": 0.3223825379208287
        },
        "1": {
            "TN": 5403,
            "FP": 1738,
            "FN": 4067,
            "TP": 2307,
            "AP": 0.5651588632789902,
            "recall": 0.3619391277063069,
            "precision": 0.5703337453646478,
            "specificity": 0.7566167203472903,
            "accuracy": 0.5704772475027747,
            "expected AP": 0.4716241213466519
        },
        "2": {
            "TN": 11290,
            "FP": 260,
            "FN": 1851,
            "TP": 114,
            "AP": 0.19294712475793374,
            "recall": 0.05801526717557252,
            "precision": 0.3048128342245989,
            "specificity": 0.9774891774891775,
            "accuracy": 0.8438031816500186,
            "expected AP": 0.1453940066592675
        },
        "3": {
            "TN": 12684,
            "FP": 12,
            "FN": 566,
            "TP": 253,
            "AP": 0.5934640488759374,
            "recall": 0.3089133089133089,
            "precision": 0.9547169811320755,
            "specificity": 0.999054820415879,
            "accuracy": 0.9572327044025157,
            "expected AP": 0.060599334073251944
        }
    }
}
