{
    "overall": {
        "mAP": 0.38321371384732217,
        "accuracy": 0.6304451890856869,
        "expected mAP": 0.25,
        "balanced accuracy": 0.3805430911045662,
        "adjusted balanced accuracy": 0.17405745480608825
    },
    "classwise": {
        "0": {
            "TN": 419,
            "FP": 205,
            "FN": 351,
            "TP": 1114,
            "AP": 0.8944732985273208,
            "recall": 0.7604095563139932,
            "precision": 0.844579226686884,
            "specificity": 0.6714743589743589,
            "accuracy": 0.7338439444710387,
            "expected AP": 0.7012924844423168
        },
        "1": {
            "TN": 1258,
            "FP": 453,
            "FN": 197,
            "TP": 181,
            "AP": 0.24511312155424322,
            "recall": 0.47883597883597884,
            "precision": 0.2854889589905363,
            "specificity": 0.7352425482174167,
            "accuracy": 0.6888463379607468,
            "expected AP": 0.18094782192436573
        },
        "2": {
            "TN": 1859,
            "FP": 25,
            "FN": 192,
            "TP": 13,
            "AP": 0.30820089863011546,
            "recall": 0.06341463414634146,
            "precision": 0.34210526315789475,
            "specificity": 0.9867303609341825,
            "accuracy": 0.8961225466730494,
            "expected AP": 0.09813307802776448
        },
        "3": {
            "TN": 1959,
            "FP": 89,
            "FN": 32,
            "TP": 9,
            "AP": 0.0850675366776092,
            "recall": 0.21951219512195122,
            "precision": 0.09183673469387756,
            "specificity": 0.95654296875,
            "accuracy": 0.9420775490665391,
            "expected AP": 0.019626615605552896
        }
    }
}
