{
    "TN": 930,
    "FP": 16,
    "FN": 64,
    "TP": 8,
    "AP": 0.2320278414802121,
    "recall": 0.1111111111111111,
    "precision": 0.3333333333333333,
    "specificity": 0.9830866807610994,
    "accuracy": 0.9214145383104125,
    "expected AP": 0.07072691552062868,
    "auroc": 0.7395759924829692,
    "balanced accuracy": 0.5470988959361053,
    "adjusted balanced accuracy": 0.09419779187221056
}
