{
    "TN": 411,
    "FP": 157,
    "FN": 51,
    "TP": 168,
    "AP": 0.6995268987342179,
    "recall": 0.7671232876712328,
    "precision": 0.5169230769230769,
    "specificity": 0.7235915492957746,
    "accuracy": 0.735705209656925,
    "expected AP": 0.2782719186785261,
    "auroc": 0.8433299569104121,
    "balanced accuracy": 0.7453574184835037,
    "adjusted balanced accuracy": 0.49071483696700735
}
