{
    "overall": {
        "mAP": 0.4305798943628518,
        "accuracy": 0.40749414519906324,
        "expected mAP": 0.25,
        "balanced accuracy": 0.3025418275418275,
        "adjusted balanced accuracy": 0.07005577005577002
    },
    "classwise": {
        "0": {
            "TN": 60,
            "FP": 219,
            "FN": 14,
            "TP": 134,
            "AP": 0.4417946346811707,
            "recall": 0.9054054054054054,
            "precision": 0.37960339943342775,
            "specificity": 0.21505376344086022,
            "accuracy": 0.45433255269320844,
            "expected AP": 0.34660421545667447
        },
        "1": {
            "TN": 190,
            "FP": 27,
            "FN": 174,
            "TP": 36,
            "AP": 0.563792951539773,
            "recall": 0.17142857142857143,
            "precision": 0.5714285714285714,
            "specificity": 0.8755760368663594,
            "accuracy": 0.5292740046838408,
            "expected AP": 0.4918032786885246
        },
        "2": {
            "TN": 382,
            "FP": 6,
            "FN": 39,
            "TP": 0,
            "AP": 0.10332991852732773,
            "recall": 0.0,
            "precision": 0.0,
            "specificity": 0.9845360824742269,
            "accuracy": 0.8946135831381733,
            "expected AP": 0.09133489461358314
        },
        "3": {
            "TN": 396,
            "FP": 1,
            "FN": 26,
            "TP": 4,
            "AP": 0.6134020727031357,
            "recall": 0.13333333333333333,
            "precision": 0.8,
            "specificity": 0.9974811083123426,
            "accuracy": 0.936768149882904,
            "expected AP": 0.0702576112412178
        }
    }
}
