{
    "overall": {
        "mAP": 0.47868733482817594,
        "accuracy": 0.4028103044496487,
        "expected mAP": 0.25,
        "balanced accuracy": 0.31544401544401546,
        "adjusted balanced accuracy": 0.08725868725868728
    },
    "classwise": {
        "0": {
            "TN": 59,
            "FP": 220,
            "FN": 12,
            "TP": 136,
            "AP": 0.5216617074079515,
            "recall": 0.918918918918919,
            "precision": 0.38202247191011235,
            "specificity": 0.2114695340501792,
            "accuracy": 0.4566744730679157,
            "expected AP": 0.34660421545667447
        },
        "1": {
            "TN": 189,
            "FP": 28,
            "FN": 180,
            "TP": 30,
            "AP": 0.5373685738419955,
            "recall": 0.14285714285714285,
            "precision": 0.5172413793103449,
            "specificity": 0.8709677419354839,
            "accuracy": 0.5128805620608899,
            "expected AP": 0.4918032786885246
        },
        "2": {
            "TN": 381,
            "FP": 7,
            "FN": 39,
            "TP": 0,
            "AP": 0.17306441428748254,
            "recall": 0.0,
            "precision": 0.0,
            "specificity": 0.9819587628865979,
            "accuracy": 0.892271662763466,
            "expected AP": 0.09133489461358314
        },
        "3": {
            "TN": 397,
            "FP": 0,
            "FN": 24,
            "TP": 6,
            "AP": 0.6826546437752742,
            "recall": 0.2,
            "precision": 1.0,
            "specificity": 1.0,
            "accuracy": 0.9437939110070258,
            "expected AP": 0.0702576112412178
        }
    }
}
