{
    "TN": 116,
    "FP": 52,
    "FN": 94,
    "TP": 117,
    "AP": 0.6911759711070629,
    "recall": 0.5545023696682464,
    "precision": 0.6923076923076923,
    "specificity": 0.6904761904761905,
    "accuracy": 0.6147757255936676,
    "expected AP": 0.5567282321899736,
    "auroc": 0.6773865944482058,
    "balanced accuracy": 0.6224892800722184,
    "adjusted balanced accuracy": 0.24497856014443675
}
