{
    "overall": {
        "mAP": 0.48608268295595536,
        "accuracy": 0.47685185185185186,
        "expected mAP": 0.25,
        "balanced accuracy": 0.3431848780660401
    },
    "classwise": {
        "0": {
            "TN": 126,
            "FP": 158,
            "FN": 36,
            "TP": 112,
            "AP": 0.6529723069161564,
            "recall": 0.7567567567567568,
            "precision": 0.4148148148148148,
            "specificity": 0.44366197183098594,
            "accuracy": 0.5509259259259259,
            "expected AP": 0.3425925925925926
        },
        "1": {
            "TN": 161,
            "FP": 58,
            "FN": 126,
            "TP": 87,
            "AP": 0.6624960810417623,
            "recall": 0.4084507042253521,
            "precision": 0.6,
            "specificity": 0.7351598173515982,
            "accuracy": 0.5740740740740741,
            "expected AP": 0.4930555555555556
        },
        "2": {
            "TN": 387,
            "FP": 6,
            "FN": 37,
            "TP": 2,
            "AP": 0.20992929360092544,
            "recall": 0.05128205128205128,
            "precision": 0.25,
            "specificity": 0.9847328244274809,
            "accuracy": 0.9004629629629629,
            "expected AP": 0.09027777777777778
        },
        "3": {
            "TN": 396,
            "FP": 4,
            "FN": 27,
            "TP": 5,
            "AP": 0.4189330502649773,
            "recall": 0.15625,
            "precision": 0.5555555555555556,
            "specificity": 0.99,
            "accuracy": 0.9282407407407407,
            "expected AP": 0.07407407407407407
        }
    }
}
