{
    "overall": {
        "mAP": 0.4313598394449868,
        "accuracy": 0.48842592592592593,
        "expected mAP": 0.25,
        "balanced accuracy": 0.31711751364040097
    },
    "classwise": {
        "0": {
            "TN": 145,
            "FP": 139,
            "FN": 39,
            "TP": 109,
            "AP": 0.6775418775288975,
            "recall": 0.7364864864864865,
            "precision": 0.43951612903225806,
            "specificity": 0.5105633802816901,
            "accuracy": 0.5879629629629629,
            "expected AP": 0.3425925925925926
        },
        "1": {
            "TN": 151,
            "FP": 68,
            "FN": 113,
            "TP": 100,
            "AP": 0.6696353026672424,
            "recall": 0.4694835680751174,
            "precision": 0.5952380952380952,
            "specificity": 0.6894977168949772,
            "accuracy": 0.5810185185185185,
            "expected AP": 0.4930555555555556
        },
        "2": {
            "TN": 380,
            "FP": 13,
            "FN": 39,
            "TP": 0,
            "AP": 0.14197910430526783,
            "recall": 0.0,
            "precision": 0.0,
            "specificity": 0.9669211195928753,
            "accuracy": 0.8796296296296297,
            "expected AP": 0.09027777777777778
        },
        "3": {
            "TN": 399,
            "FP": 1,
            "FN": 30,
            "TP": 2,
            "AP": 0.23628307327853953,
            "recall": 0.0625,
            "precision": 0.6666666666666666,
            "specificity": 0.9975,
            "accuracy": 0.9282407407407407,
            "expected AP": 0.07407407407407407
        }
    }
}
