{
    "overall": {
        "mAP": 0.4769666604957149,
        "accuracy": 0.4924158342582316,
        "expected mAP": 0.25
    },
    "classwise": {
        "0": {
            "TN": 4375,
            "FP": 4783,
            "FN": 672,
            "TP": 3685,
            "AP": 0.5670618666310105,
            "recall": 0.8457654349322928,
            "precision": 0.435167690127539,
            "specificity": 0.47772439397248306,
            "accuracy": 0.5963743988161302,
            "expected AP": 0.3223825379208287
        },
        "1": {
            "TN": 5333,
            "FP": 1808,
            "FN": 3804,
            "TP": 2570,
            "AP": 0.5710320445010342,
            "recall": 0.4032005020395356,
            "precision": 0.5870260392873459,
            "specificity": 0.746814171684638,
            "accuracy": 0.5847576766555679,
            "expected AP": 0.4716241213466519
        },
        "2": {
            "TN": 11288,
            "FP": 262,
            "FN": 1813,
            "TP": 152,
            "AP": 0.21327101349722324,
            "recall": 0.07735368956743002,
            "precision": 0.3671497584541063,
            "specificity": 0.9773160173160174,
            "accuracy": 0.8464668886422494,
            "expected AP": 0.1453940066592675
        },
        "3": {
            "TN": 12689,
            "FP": 7,
            "FN": 571,
            "TP": 248,
            "AP": 0.5565017173535916,
            "recall": 0.3028083028083028,
            "precision": 0.9725490196078431,
            "specificity": 0.9994486452425961,
            "accuracy": 0.9572327044025157,
            "expected AP": 0.060599334073251944
        }
    }
}
