{
    "TN": 400,
    "FP": 168,
    "FN": 70,
    "TP": 149,
    "AP": 0.5565586786869798,
    "recall": 0.680365296803653,
    "precision": 0.47003154574132494,
    "specificity": 0.704225352112676,
    "accuracy": 0.6975857687420585,
    "expected AP": 0.2782719186785261,
    "auroc": 0.7798733037494373,
    "balanced accuracy": 0.6922953244581644,
    "adjusted balanced accuracy": 0.3845906489163289
}
