{
    "overall": {
        "mAP": 0.4849209875910493,
        "accuracy": 0.4688864224935257,
        "expected mAP": 0.25
    },
    "classwise": {
        "0": {
            "TN": 3529,
            "FP": 5629,
            "FN": 626,
            "TP": 3731,
            "AP": 0.4969184920915661,
            "recall": 0.8563231581363323,
            "precision": 0.39861111111111114,
            "specificity": 0.38534614544660406,
            "accuracy": 0.537180910099889,
            "expected AP": 0.3223825379208287
        },
        "1": {
            "TN": 5949,
            "FP": 1192,
            "FN": 4315,
            "TP": 2059,
            "AP": 0.6090132718112965,
            "recall": 0.3230310636962661,
            "precision": 0.6333435865887419,
            "specificity": 0.8330765999159782,
            "accuracy": 0.5925268220495745,
            "expected AP": 0.4716241213466519
        },
        "2": {
            "TN": 11275,
            "FP": 275,
            "FN": 1720,
            "TP": 245,
            "AP": 0.23776601836173306,
            "recall": 0.12468193384223919,
            "precision": 0.47115384615384615,
            "specificity": 0.9761904761904762,
            "accuracy": 0.8523862375138734,
            "expected AP": 0.1453940066592675
        },
        "3": {
            "TN": 12614,
            "FP": 82,
            "FN": 517,
            "TP": 302,
            "AP": 0.5959861680996016,
            "recall": 0.36874236874236876,
            "precision": 0.7864583333333334,
            "specificity": 0.9935412728418399,
            "accuracy": 0.9556788753237144,
            "expected AP": 0.060599334073251944
        }
    }
}
