{
    "TN": 595,
    "FP": 129,
    "FN": 111,
    "TP": 161,
    "AP": 0.5765640276397549,
    "recall": 0.5919117647058824,
    "precision": 0.5551724137931034,
    "specificity": 0.8218232044198895,
    "accuracy": 0.7590361445783133,
    "expected AP": 0.27309236947791166,
    "auroc": 0.7606637959051024,
    "balanced accuracy": 0.706867484562886,
    "adjusted balanced accuracy": 0.4137349691257719
}
