{
    "TN": 444,
    "FP": 91,
    "FN": 92,
    "TP": 111,
    "AP": 0.5772268632619365,
    "recall": 0.5467980295566502,
    "precision": 0.5495049504950495,
    "specificity": 0.8299065420560747,
    "accuracy": 0.7520325203252033,
    "expected AP": 0.2750677506775068,
    "auroc": 0.7574190875189908,
    "balanced accuracy": 0.6883522858063624,
    "adjusted balanced accuracy": 0.37670457161272486
}
