{
    "overall": {
        "mAP": 0.3699650674959764,
        "accuracy": 0.646242221158449,
        "expected mAP": 0.25,
        "balanced accuracy": 0.35571121804993444,
        "adjusted balanced accuracy": 0.1409482907332459
    },
    "classwise": {
        "0": {
            "TN": 370,
            "FP": 254,
            "FN": 267,
            "TP": 1198,
            "AP": 0.8755823072167077,
            "recall": 0.8177474402730376,
            "precision": 0.8250688705234159,
            "specificity": 0.592948717948718,
            "accuracy": 0.7505983724269986,
            "expected AP": 0.7012924844423168
        },
        "1": {
            "TN": 1375,
            "FP": 336,
            "FN": 247,
            "TP": 131,
            "AP": 0.24639831192891448,
            "recall": 0.34656084656084657,
            "precision": 0.28051391862955033,
            "specificity": 0.8036236119228521,
            "accuracy": 0.7209191000478697,
            "expected AP": 0.18094782192436573
        },
        "2": {
            "TN": 1796,
            "FP": 88,
            "FN": 192,
            "TP": 13,
            "AP": 0.19521345039125731,
            "recall": 0.06341463414634146,
            "precision": 0.12871287128712872,
            "specificity": 0.9532908704883227,
            "accuracy": 0.8659645763523217,
            "expected AP": 0.09813307802776448
        },
        "3": {
            "TN": 1987,
            "FP": 61,
            "FN": 33,
            "TP": 8,
            "AP": 0.1626662004470263,
            "recall": 0.1951219512195122,
            "precision": 0.11594202898550725,
            "specificity": 0.97021484375,
            "accuracy": 0.955002393489708,
            "expected AP": 0.019626615605552896
        }
    }
}
