{
    "TN": 888,
    "FP": 58,
    "FN": 67,
    "TP": 5,
    "AP": 0.08199575586996058,
    "recall": 0.06944444444444445,
    "precision": 0.07936507936507936,
    "specificity": 0.9386892177589852,
    "accuracy": 0.8772102161100196,
    "expected AP": 0.07072691552062868,
    "auroc": 0.5540580220812779,
    "balanced accuracy": 0.5040668311017148,
    "adjusted balanced accuracy": 0.008133662203429592
}
