{
    "overall": {
        "mAP": 0.44660946512237665,
        "accuracy": 0.49537037037037035,
        "expected mAP": 0.25,
        "balanced accuracy": 0.3257934430909783
    },
    "classwise": {
        "0": {
            "TN": 138,
            "FP": 146,
            "FN": 29,
            "TP": 119,
            "AP": 0.6928720078311348,
            "recall": 0.8040540540540541,
            "precision": 0.4490566037735849,
            "specificity": 0.4859154929577465,
            "accuracy": 0.5949074074074074,
            "expected AP": 0.3425925925925926
        },
        "1": {
            "TN": 161,
            "FP": 58,
            "FN": 120,
            "TP": 93,
            "AP": 0.6741690743738318,
            "recall": 0.43661971830985913,
            "precision": 0.6158940397350994,
            "specificity": 0.7351598173515982,
            "accuracy": 0.5879629629629629,
            "expected AP": 0.4930555555555556
        },
        "2": {
            "TN": 380,
            "FP": 13,
            "FN": 39,
            "TP": 0,
            "AP": 0.15244169878696417,
            "recall": 0.0,
            "precision": 0.0,
            "specificity": 0.9669211195928753,
            "accuracy": 0.8796296296296297,
            "expected AP": 0.09027777777777778
        },
        "3": {
            "TN": 399,
            "FP": 1,
            "FN": 30,
            "TP": 2,
            "AP": 0.26695507949757585,
            "recall": 0.0625,
            "precision": 0.6666666666666666,
            "specificity": 0.9975,
            "accuracy": 0.9282407407407407,
            "expected AP": 0.07407407407407407
        }
    }
}
