{
    "overall": {
        "mAP": 0.44519072225287054,
        "accuracy": 0.49074074074074076,
        "expected mAP": 0.25,
        "balanced accuracy": 0.3188067028295901
    },
    "classwise": {
        "0": {
            "TN": 141,
            "FP": 143,
            "FN": 38,
            "TP": 110,
            "AP": 0.7197277890735089,
            "recall": 0.7432432432432432,
            "precision": 0.43478260869565216,
            "specificity": 0.4964788732394366,
            "accuracy": 0.5810185185185185,
            "expected AP": 0.3425925925925926
        },
        "1": {
            "TN": 152,
            "FP": 67,
            "FN": 113,
            "TP": 100,
            "AP": 0.6701083189482872,
            "recall": 0.4694835680751174,
            "precision": 0.5988023952095808,
            "specificity": 0.6940639269406392,
            "accuracy": 0.5833333333333334,
            "expected AP": 0.4930555555555556
        },
        "2": {
            "TN": 384,
            "FP": 9,
            "FN": 39,
            "TP": 0,
            "AP": 0.15262156458928544,
            "recall": 0.0,
            "precision": 0.0,
            "specificity": 0.9770992366412213,
            "accuracy": 0.8888888888888888,
            "expected AP": 0.09027777777777778
        },
        "3": {
            "TN": 399,
            "FP": 1,
            "FN": 30,
            "TP": 2,
            "AP": 0.2383052164004007,
            "recall": 0.0625,
            "precision": 0.6666666666666666,
            "specificity": 0.9975,
            "accuracy": 0.9282407407407407,
            "expected AP": 0.07407407407407407
        }
    }
}
