{
    "overall": {
        "mAP": 0.4726950766180341,
        "accuracy": 0.5555555555555556,
        "expected mAP": 0.25,
        "balanced accuracy": 0.3618552531404644
    },
    "classwise": {
        "0": {
            "TN": 182,
            "FP": 102,
            "FN": 44,
            "TP": 104,
            "AP": 0.6830177949847621,
            "recall": 0.7027027027027027,
            "precision": 0.5048543689320388,
            "specificity": 0.6408450704225352,
            "accuracy": 0.6620370370370371,
            "expected AP": 0.3425925925925926
        },
        "1": {
            "TN": 146,
            "FP": 73,
            "FN": 81,
            "TP": 132,
            "AP": 0.7121585584391621,
            "recall": 0.6197183098591549,
            "precision": 0.6439024390243903,
            "specificity": 0.6666666666666666,
            "accuracy": 0.6435185185185185,
            "expected AP": 0.4930555555555556
        },
        "2": {
            "TN": 378,
            "FP": 15,
            "FN": 39,
            "TP": 0,
            "AP": 0.12836304291117298,
            "recall": 0.0,
            "precision": 0.0,
            "specificity": 0.9618320610687023,
            "accuracy": 0.875,
            "expected AP": 0.09027777777777778
        },
        "3": {
            "TN": 398,
            "FP": 2,
            "FN": 28,
            "TP": 4,
            "AP": 0.3672409101370394,
            "recall": 0.125,
            "precision": 0.6666666666666666,
            "specificity": 0.995,
            "accuracy": 0.9305555555555556,
            "expected AP": 0.07407407407407407
        }
    }
}
