{
    "overall": {
        "mAP": 0.45052486247556006,
        "accuracy": 0.7054187192118226,
        "expected mAP": 0.25,
        "balanced accuracy": 0.46756510889777075,
        "adjusted balanced accuracy": 0.29008681186369434
    },
    "classwise": {
        "0": {
            "TN": 192,
            "FP": 115,
            "FN": 91,
            "TP": 617,
            "AP": 0.9296244689364819,
            "recall": 0.8714689265536724,
            "precision": 0.842896174863388,
            "specificity": 0.6254071661237784,
            "accuracy": 0.7970443349753694,
            "expected AP": 0.6975369458128079
        },
        "1": {
            "TN": 680,
            "FP": 152,
            "FN": 97,
            "TP": 86,
            "AP": 0.31441032995924806,
            "recall": 0.46994535519125685,
            "precision": 0.36134453781512604,
            "specificity": 0.8173076923076923,
            "accuracy": 0.7546798029556651,
            "expected AP": 0.18029556650246306
        },
        "2": {
            "TN": 911,
            "FP": 0,
            "FN": 101,
            "TP": 3,
            "AP": 0.39113528305756917,
            "recall": 0.028846153846153848,
            "precision": 1.0,
            "specificity": 1.0,
            "accuracy": 0.9004926108374385,
            "expected AP": 0.10246305418719212
        },
        "3": {
            "TN": 963,
            "FP": 32,
            "FN": 10,
            "TP": 10,
            "AP": 0.16692936794894125,
            "recall": 0.5,
            "precision": 0.23809523809523808,
            "specificity": 0.9678391959798995,
            "accuracy": 0.9586206896551724,
            "expected AP": 0.019704433497536946
        }
    }
}
