{
    "TN": 116,
    "FP": 52,
    "FN": 107,
    "TP": 104,
    "AP": 0.6562692867050496,
    "recall": 0.4928909952606635,
    "precision": 0.6666666666666666,
    "specificity": 0.6904761904761905,
    "accuracy": 0.5804749340369393,
    "expected AP": 0.5567282321899736,
    "auroc": 0.6390910629654706,
    "balanced accuracy": 0.591683592868427,
    "adjusted balanced accuracy": 0.18336718573685395
}
