{
    "overall": {
        "mAP": 0.47065496058141737,
        "accuracy": 0.4262295081967213,
        "expected mAP": 0.25,
        "balanced accuracy": 0.3401383526383526,
        "adjusted balanced accuracy": 0.12018447018447016
    },
    "classwise": {
        "0": {
            "TN": 68,
            "FP": 211,
            "FN": 15,
            "TP": 133,
            "AP": 0.49511002183680963,
            "recall": 0.8986486486486487,
            "precision": 0.3866279069767442,
            "specificity": 0.24372759856630824,
            "accuracy": 0.4707259953161593,
            "expected AP": 0.34660421545667447
        },
        "1": {
            "TN": 189,
            "FP": 28,
            "FN": 169,
            "TP": 41,
            "AP": 0.5765200058123992,
            "recall": 0.19523809523809524,
            "precision": 0.5942028985507246,
            "specificity": 0.8709677419354839,
            "accuracy": 0.5386416861826698,
            "expected AP": 0.4918032786885246
        },
        "2": {
            "TN": 383,
            "FP": 5,
            "FN": 39,
            "TP": 0,
            "AP": 0.12424753632964555,
            "recall": 0.0,
            "precision": 0.0,
            "specificity": 0.9871134020618557,
            "accuracy": 0.8969555035128806,
            "expected AP": 0.09133489461358314
        },
        "3": {
            "TN": 396,
            "FP": 1,
            "FN": 22,
            "TP": 8,
            "AP": 0.6867422783468151,
            "recall": 0.26666666666666666,
            "precision": 0.8888888888888888,
            "specificity": 0.9974811083123426,
            "accuracy": 0.9461358313817331,
            "expected AP": 0.0702576112412178
        }
    }
}
