{
    "TN": 362,
    "FP": 32,
    "FN": 23,
    "TP": 10,
    "AP": 0.2613729850347368,
    "recall": 0.30303030303030304,
    "precision": 0.23809523809523808,
    "specificity": 0.9187817258883249,
    "accuracy": 0.8711943793911007,
    "expected AP": 0.07728337236533958,
    "auroc": 0.7428472542685741,
    "balanced accuracy": 0.6109060144593139,
    "adjusted balanced accuracy": 0.22181202891862783
}
