{
    "TN": 995,
    "FP": 17,
    "FN": 68,
    "TP": 7,
    "AP": 0.15340376818031046,
    "recall": 0.09333333333333334,
    "precision": 0.2916666666666667,
    "specificity": 0.983201581027668,
    "accuracy": 0.921803127874885,
    "expected AP": 0.06899724011039558,
    "auroc": 0.6071805006587615,
    "balanced accuracy": 0.5382674571805006,
    "adjusted balanced accuracy": 0.07653491436100124
}
