{
    "overall": {
        "mAP": 0.4686430496231715,
        "accuracy": 0.4238875878220141,
        "expected mAP": 0.25,
        "balanced accuracy": 0.3542310167310167,
        "adjusted balanced accuracy": 0.13897468897468893
    },
    "classwise": {
        "0": {
            "TN": 63,
            "FP": 216,
            "FN": 13,
            "TP": 135,
            "AP": 0.48904070684505013,
            "recall": 0.9121621621621622,
            "precision": 0.38461538461538464,
            "specificity": 0.22580645161290322,
            "accuracy": 0.4637002341920375,
            "expected AP": 0.34660421545667447
        },
        "1": {
            "TN": 195,
            "FP": 22,
            "FN": 174,
            "TP": 36,
            "AP": 0.5712707110093201,
            "recall": 0.17142857142857143,
            "precision": 0.6206896551724138,
            "specificity": 0.8986175115207373,
            "accuracy": 0.5409836065573771,
            "expected AP": 0.4918032786885246
        },
        "2": {
            "TN": 383,
            "FP": 5,
            "FN": 39,
            "TP": 0,
            "AP": 0.12867894275486652,
            "recall": 0.0,
            "precision": 0.0,
            "specificity": 0.9871134020618557,
            "accuracy": 0.8969555035128806,
            "expected AP": 0.09133489461358314
        },
        "3": {
            "TN": 394,
            "FP": 3,
            "FN": 20,
            "TP": 10,
            "AP": 0.6855818378834493,
            "recall": 0.3333333333333333,
            "precision": 0.7692307692307693,
            "specificity": 0.9924433249370277,
            "accuracy": 0.9461358313817331,
            "expected AP": 0.0702576112412178
        }
    }
}
