{
    "overall": {
        "mAP": 0.45722142095402185,
        "accuracy": 0.5486111111111112,
        "expected mAP": 0.25,
        "balanced accuracy": 0.3471184652962822
    },
    "classwise": {
        "0": {
            "TN": 180,
            "FP": 104,
            "FN": 40,
            "TP": 108,
            "AP": 0.6971703202861326,
            "recall": 0.7297297297297297,
            "precision": 0.5094339622641509,
            "specificity": 0.6338028169014085,
            "accuracy": 0.6666666666666666,
            "expected AP": 0.3425925925925926
        },
        "1": {
            "TN": 144,
            "FP": 75,
            "FN": 86,
            "TP": 127,
            "AP": 0.7005081054127533,
            "recall": 0.596244131455399,
            "precision": 0.6287128712871287,
            "specificity": 0.6575342465753424,
            "accuracy": 0.6273148148148148,
            "expected AP": 0.4930555555555556
        },
        "2": {
            "TN": 378,
            "FP": 15,
            "FN": 39,
            "TP": 0,
            "AP": 0.15106413267668553,
            "recall": 0.0,
            "precision": 0.0,
            "specificity": 0.9618320610687023,
            "accuracy": 0.875,
            "expected AP": 0.09027777777777778
        },
        "3": {
            "TN": 399,
            "FP": 1,
            "FN": 30,
            "TP": 2,
            "AP": 0.2801431254405161,
            "recall": 0.0625,
            "precision": 0.6666666666666666,
            "specificity": 0.9975,
            "accuracy": 0.9282407407407407,
            "expected AP": 0.07407407407407407
        }
    }
}
