{
    "overall": {
        "mAP": 0.43719261625266,
        "accuracy": 0.4537037037037037,
        "expected mAP": 0.25,
        "balanced accuracy": 0.3204592136150235
    },
    "classwise": {
        "0": {
            "TN": 118,
            "FP": 166,
            "FN": 37,
            "TP": 111,
            "AP": 0.6444421634981733,
            "recall": 0.75,
            "precision": 0.4007220216606498,
            "specificity": 0.4154929577464789,
            "accuracy": 0.5300925925925926,
            "expected AP": 0.3425925925925926
        },
        "1": {
            "TN": 157,
            "FP": 62,
            "FN": 133,
            "TP": 80,
            "AP": 0.6298894346490875,
            "recall": 0.3755868544600939,
            "precision": 0.5633802816901409,
            "specificity": 0.7168949771689498,
            "accuracy": 0.5486111111111112,
            "expected AP": 0.4930555555555556
        },
        "2": {
            "TN": 387,
            "FP": 6,
            "FN": 39,
            "TP": 0,
            "AP": 0.12099250263361136,
            "recall": 0.0,
            "precision": 0.0,
            "specificity": 0.9847328244274809,
            "accuracy": 0.8958333333333334,
            "expected AP": 0.09027777777777778
        },
        "3": {
            "TN": 398,
            "FP": 2,
            "FN": 27,
            "TP": 5,
            "AP": 0.35344636422976783,
            "recall": 0.15625,
            "precision": 0.7142857142857143,
            "specificity": 0.995,
            "accuracy": 0.9328703703703703,
            "expected AP": 0.07407407407407407
        }
    }
}
