{
    "overall": {
        "mAP": 0.35305516363001593,
        "accuracy": 0.40273769885312616,
        "expected mAP": 0.25,
        "balanced accuracy": 0.32432801349984275,
        "adjusted balanced accuracy": 0.09910401799979034
    },
    "classwise": {
        "0": {
            "TN": 2244,
            "FP": 6914,
            "FN": 334,
            "TP": 4023,
            "AP": 0.4200243148991687,
            "recall": 0.9233417489098004,
            "precision": 0.36783395812379993,
            "specificity": 0.24503166630268616,
            "accuracy": 0.4637069922308546,
            "expected AP": 0.3223825379208287
        },
        "1": {
            "TN": 6282,
            "FP": 859,
            "FN": 5163,
            "TP": 1211,
            "AP": 0.5462120125293528,
            "recall": 0.18999058675870725,
            "precision": 0.585024154589372,
            "specificity": 0.8797087242683097,
            "accuracy": 0.5544210136884943,
            "expected AP": 0.4716241213466519
        },
        "2": {
            "TN": 11305,
            "FP": 245,
            "FN": 1865,
            "TP": 100,
            "AP": 0.20398337902637223,
            "recall": 0.05089058524173028,
            "precision": 0.2898550724637681,
            "specificity": 0.9787878787878788,
            "accuracy": 0.8438771735109138,
            "expected AP": 0.1453940066592675
        },
        "3": {
            "TN": 12642,
            "FP": 54,
            "FN": 710,
            "TP": 109,
            "AP": 0.24200094806516997,
            "recall": 0.1330891330891331,
            "precision": 0.6687116564417178,
            "specificity": 0.9957466918714556,
            "accuracy": 0.9434702182759896,
            "expected AP": 0.060599334073251944
        }
    }
}
