{
    "overall": {
        "mAP": 0.478747747232371,
        "accuracy": 0.4168618266978923,
        "expected mAP": 0.25,
        "balanced accuracy": 0.343018018018018,
        "adjusted balanced accuracy": 0.12402402402402402
    },
    "classwise": {
        "0": {
            "TN": 60,
            "FP": 219,
            "FN": 14,
            "TP": 134,
            "AP": 0.48989021061937704,
            "recall": 0.9054054054054054,
            "precision": 0.37960339943342775,
            "specificity": 0.21505376344086022,
            "accuracy": 0.45433255269320844,
            "expected AP": 0.34660421545667447
        },
        "1": {
            "TN": 193,
            "FP": 24,
            "FN": 175,
            "TP": 35,
            "AP": 0.5735763442869496,
            "recall": 0.16666666666666666,
            "precision": 0.5932203389830508,
            "specificity": 0.8894009216589862,
            "accuracy": 0.5339578454332553,
            "expected AP": 0.4918032786885246
        },
        "2": {
            "TN": 383,
            "FP": 5,
            "FN": 39,
            "TP": 0,
            "AP": 0.14497580327257253,
            "recall": 0.0,
            "precision": 0.0,
            "specificity": 0.9871134020618557,
            "accuracy": 0.8969555035128806,
            "expected AP": 0.09133489461358314
        },
        "3": {
            "TN": 396,
            "FP": 1,
            "FN": 21,
            "TP": 9,
            "AP": 0.7065486307505849,
            "recall": 0.3,
            "precision": 0.9,
            "specificity": 0.9974811083123426,
            "accuracy": 0.9484777517564403,
            "expected AP": 0.0702576112412178
        }
    }
}
