{
    "overall": {
        "mAP": 0.4770695748278383,
        "accuracy": 0.4945615982241953,
        "expected mAP": 0.25
    },
    "classwise": {
        "0": {
            "TN": 4215,
            "FP": 4943,
            "FN": 850,
            "TP": 3507,
            "AP": 0.5332924606889438,
            "recall": 0.8049116364470966,
            "precision": 0.41502958579881655,
            "specificity": 0.4602533304214894,
            "accuracy": 0.5713651498335183,
            "expected AP": 0.3223825379208287
        },
        "1": {
            "TN": 5435,
            "FP": 1706,
            "FN": 3522,
            "TP": 2852,
            "AP": 0.5975260400990868,
            "recall": 0.4474427361154691,
            "precision": 0.6257130320315928,
            "specificity": 0.7610978854502171,
            "accuracy": 0.6131705512393637,
            "expected AP": 0.4716241213466519
        },
        "2": {
            "TN": 11387,
            "FP": 163,
            "FN": 1880,
            "TP": 85,
            "AP": 0.20505920545424858,
            "recall": 0.043256997455470736,
            "precision": 0.34274193548387094,
            "specificity": 0.9858874458874459,
            "accuracy": 0.848834628190899,
            "expected AP": 0.1453940066592675
        },
        "3": {
            "TN": 12677,
            "FP": 19,
            "FN": 579,
            "TP": 240,
            "AP": 0.572400593069074,
            "recall": 0.29304029304029305,
            "precision": 0.9266409266409267,
            "specificity": 0.9985034656584751,
            "accuracy": 0.9557528671846097,
            "expected AP": 0.060599334073251944
        }
    }
}
