{
    "TN": 428,
    "FP": 140,
    "FN": 78,
    "TP": 141,
    "AP": 0.5702223255409312,
    "recall": 0.6438356164383562,
    "precision": 0.501779359430605,
    "specificity": 0.7535211267605634,
    "accuracy": 0.7229987293519695,
    "expected AP": 0.2782719186785261,
    "auroc": 0.7786393015628015,
    "balanced accuracy": 0.6986783715994598,
    "adjusted balanced accuracy": 0.39735674319891956
}
