{
    "overall": {
        "mAP": 0.5198799775817887,
        "accuracy": 0.5532407407407407,
        "expected mAP": 0.25,
        "balanced accuracy": 0.3842255717255717
    },
    "classwise": {
        "0": {
            "TN": 192,
            "FP": 92,
            "FN": 60,
            "TP": 88,
            "AP": 0.6016165713116455,
            "recall": 0.5945945945945946,
            "precision": 0.4888888888888889,
            "specificity": 0.676056338028169,
            "accuracy": 0.6481481481481481,
            "expected AP": 0.3425925925925926
        },
        "1": {
            "TN": 134,
            "FP": 85,
            "FN": 71,
            "TP": 142,
            "AP": 0.7220569582892435,
            "recall": 0.6666666666666666,
            "precision": 0.6255506607929515,
            "specificity": 0.6118721461187214,
            "accuracy": 0.6388888888888888,
            "expected AP": 0.4930555555555556
        },
        "2": {
            "TN": 379,
            "FP": 14,
            "FN": 38,
            "TP": 1,
            "AP": 0.13193318375653884,
            "recall": 0.02564102564102564,
            "precision": 0.06666666666666667,
            "specificity": 0.9643765903307888,
            "accuracy": 0.8796296296296297,
            "expected AP": 0.09027777777777778
        },
        "3": {
            "TN": 398,
            "FP": 2,
            "FN": 24,
            "TP": 8,
            "AP": 0.6239131969697271,
            "recall": 0.25,
            "precision": 0.8,
            "specificity": 0.995,
            "accuracy": 0.9398148148148148,
            "expected AP": 0.07407407407407407
        }
    }
}
