{
    "TN": 382,
    "FP": 12,
    "FN": 28,
    "TP": 5,
    "AP": 0.2047543135637518,
    "recall": 0.15151515151515152,
    "precision": 0.29411764705882354,
    "specificity": 0.9695431472081218,
    "accuracy": 0.9063231850117096,
    "expected AP": 0.07728337236533958,
    "auroc": 0.6536686663590218,
    "balanced accuracy": 0.5605291493616367,
    "adjusted balanced accuracy": 0.12105829872327334
}
