{
    "overall": {
        "mAP": 0.4479580374921288,
        "accuracy": 0.5277777777777778,
        "expected mAP": 0.25,
        "balanced accuracy": 0.33707056528359347
    },
    "classwise": {
        "0": {
            "TN": 170,
            "FP": 114,
            "FN": 39,
            "TP": 109,
            "AP": 0.6524128136587992,
            "recall": 0.7364864864864865,
            "precision": 0.48878923766816146,
            "specificity": 0.5985915492957746,
            "accuracy": 0.6458333333333334,
            "expected AP": 0.3425925925925926
        },
        "1": {
            "TN": 147,
            "FP": 72,
            "FN": 96,
            "TP": 117,
            "AP": 0.6967741585962446,
            "recall": 0.5492957746478874,
            "precision": 0.6190476190476191,
            "specificity": 0.6712328767123288,
            "accuracy": 0.6111111111111112,
            "expected AP": 0.4930555555555556
        },
        "2": {
            "TN": 376,
            "FP": 17,
            "FN": 39,
            "TP": 0,
            "AP": 0.15887008340003947,
            "recall": 0.0,
            "precision": 0.0,
            "specificity": 0.9567430025445293,
            "accuracy": 0.8703703703703703,
            "expected AP": 0.09027777777777778
        },
        "3": {
            "TN": 399,
            "FP": 1,
            "FN": 30,
            "TP": 2,
            "AP": 0.283775094313432,
            "recall": 0.0625,
            "precision": 0.6666666666666666,
            "specificity": 0.9975,
            "accuracy": 0.9282407407407407,
            "expected AP": 0.07407407407407407
        }
    }
}
