{
    "overall": {
        "mAP": 0.48036958943442754,
        "accuracy": 0.4262295081967213,
        "expected mAP": 0.25,
        "balanced accuracy": 0.3401383526383526,
        "adjusted balanced accuracy": 0.12018447018447016
    },
    "classwise": {
        "0": {
            "TN": 68,
            "FP": 211,
            "FN": 15,
            "TP": 133,
            "AP": 0.47619514761551285,
            "recall": 0.8986486486486487,
            "precision": 0.3866279069767442,
            "specificity": 0.24372759856630824,
            "accuracy": 0.4707259953161593,
            "expected AP": 0.34660421545667447
        },
        "1": {
            "TN": 188,
            "FP": 29,
            "FN": 169,
            "TP": 41,
            "AP": 0.5689812085709016,
            "recall": 0.19523809523809524,
            "precision": 0.5857142857142857,
            "specificity": 0.8663594470046083,
            "accuracy": 0.5362997658079626,
            "expected AP": 0.4918032786885246
        },
        "2": {
            "TN": 383,
            "FP": 5,
            "FN": 39,
            "TP": 0,
            "AP": 0.12192271788372447,
            "recall": 0.0,
            "precision": 0.0,
            "specificity": 0.9871134020618557,
            "accuracy": 0.8969555035128806,
            "expected AP": 0.09133489461358314
        },
        "3": {
            "TN": 397,
            "FP": 0,
            "FN": 22,
            "TP": 8,
            "AP": 0.7543792836675711,
            "recall": 0.26666666666666666,
            "precision": 1.0,
            "specificity": 1.0,
            "accuracy": 0.9484777517564403,
            "expected AP": 0.0702576112412178
        }
    }
}
