{
    "overall": {
        "mAP": 0.4855448385929456,
        "accuracy": 0.47184609692933777,
        "expected mAP": 0.25
    },
    "classwise": {
        "0": {
            "TN": 4007,
            "FP": 5151,
            "FN": 593,
            "TP": 3764,
            "AP": 0.5549273774087076,
            "recall": 0.8638971769566215,
            "precision": 0.4222097588334268,
            "specificity": 0.43754094780519764,
            "accuracy": 0.5749907510173881,
            "expected AP": 0.3223825379208287
        },
        "1": {
            "TN": 5389,
            "FP": 1752,
            "FN": 4114,
            "TP": 2260,
            "AP": 0.5621058603962414,
            "recall": 0.3545654220269846,
            "precision": 0.5633100697906281,
            "specificity": 0.7546562106147598,
            "accuracy": 0.5659637439881613,
            "expected AP": 0.4716241213466519
        },
        "2": {
            "TN": 11320,
            "FP": 230,
            "FN": 1860,
            "TP": 105,
            "AP": 0.1937520976080493,
            "recall": 0.05343511450381679,
            "precision": 0.31343283582089554,
            "specificity": 0.9800865800865801,
            "accuracy": 0.8453570107288199,
            "expected AP": 0.1453940066592675
        },
        "3": {
            "TN": 12691,
            "FP": 5,
            "FN": 571,
            "TP": 248,
            "AP": 0.6313940189587842,
            "recall": 0.3028083028083028,
            "precision": 0.9802371541501976,
            "specificity": 0.9996061751732829,
            "accuracy": 0.9573806881243063,
            "expected AP": 0.060599334073251944
        }
    }
}
