{
    "TN": 930,
    "FP": 170,
    "FN": 55,
    "TP": 21,
    "AP": 0.09264207054101618,
    "recall": 0.27631578947368424,
    "precision": 0.1099476439790576,
    "specificity": 0.8454545454545455,
    "accuracy": 0.8086734693877551,
    "expected AP": 0.06462585034013606,
    "auroc": 0.5956818181818182,
    "balanced accuracy": 0.5608851674641149,
    "adjusted balanced accuracy": 0.12177033492822975
}
