{
    "overall": {
        "mAP": 0.47760143861656423,
        "accuracy": 0.47687754347021827,
        "expected mAP": 0.25
    },
    "classwise": {
        "0": {
            "TN": 4075,
            "FP": 5083,
            "FN": 653,
            "TP": 3704,
            "AP": 0.5338169173531739,
            "recall": 0.8501262336470048,
            "precision": 0.4215318083532491,
            "specificity": 0.44496614981436994,
            "accuracy": 0.5755826859045505,
            "expected AP": 0.3223825379208287
        },
        "1": {
            "TN": 5380,
            "FP": 1761,
            "FN": 4008,
            "TP": 2366,
            "AP": 0.5709770061890259,
            "recall": 0.3711954816441795,
            "precision": 0.5732977950084808,
            "specificity": 0.7533958829295617,
            "accuracy": 0.5731409544950056,
            "expected AP": 0.4716241213466519
        },
        "2": {
            "TN": 11332,
            "FP": 218,
            "FN": 1847,
            "TP": 118,
            "AP": 0.2069595731924614,
            "recall": 0.06005089058524173,
            "precision": 0.35119047619047616,
            "specificity": 0.9811255411255412,
            "accuracy": 0.8472068072512023,
            "expected AP": 0.1453940066592675
        },
        "3": {
            "TN": 12688,
            "FP": 8,
            "FN": 562,
            "TP": 257,
            "AP": 0.5986522577315957,
            "recall": 0.3137973137973138,
            "precision": 0.969811320754717,
            "specificity": 0.9993698802772527,
            "accuracy": 0.9578246392896781,
            "expected AP": 0.060599334073251944
        }
    }
}
