{
    "TN": 775,
    "FP": 80,
    "FN": 53,
    "TP": 10,
    "AP": 0.1085850609559797,
    "recall": 0.15873015873015872,
    "precision": 0.1111111111111111,
    "specificity": 0.9064327485380117,
    "accuracy": 0.855119825708061,
    "expected AP": 0.06862745098039216,
    "auroc": 0.6550171725610321,
    "balanced accuracy": 0.5325814536340852,
    "adjusted balanced accuracy": 0.06516290726817031
}
