{
    "TN": 1005,
    "FP": 95,
    "FN": 66,
    "TP": 10,
    "AP": 0.09266822191876539,
    "recall": 0.13157894736842105,
    "precision": 0.09523809523809523,
    "specificity": 0.9136363636363637,
    "accuracy": 0.8630952380952381,
    "expected AP": 0.06462585034013606,
    "auroc": 0.6322607655502392,
    "balanced accuracy": 0.5226076555023924,
    "adjusted balanced accuracy": 0.04521531100478482
}
