{
    "overall": {
        "mAP": 0.4566686589082043,
        "accuracy": 0.40749414519906324,
        "expected mAP": 0.25,
        "balanced accuracy": 0.32147683397683396,
        "adjusted balanced accuracy": 0.09530244530244529
    },
    "classwise": {
        "0": {
            "TN": 66,
            "FP": 213,
            "FN": 19,
            "TP": 129,
            "AP": 0.4515260020403407,
            "recall": 0.8716216216216216,
            "precision": 0.37719298245614036,
            "specificity": 0.23655913978494625,
            "accuracy": 0.4566744730679157,
            "expected AP": 0.34660421545667447
        },
        "1": {
            "TN": 182,
            "FP": 35,
            "FN": 172,
            "TP": 38,
            "AP": 0.5341578038109714,
            "recall": 0.18095238095238095,
            "precision": 0.5205479452054794,
            "specificity": 0.8387096774193549,
            "accuracy": 0.5152224824355972,
            "expected AP": 0.4918032786885246
        },
        "2": {
            "TN": 383,
            "FP": 5,
            "FN": 39,
            "TP": 0,
            "AP": 0.12048768853613184,
            "recall": 0.0,
            "precision": 0.0,
            "specificity": 0.9871134020618557,
            "accuracy": 0.8969555035128806,
            "expected AP": 0.09133489461358314
        },
        "3": {
            "TN": 397,
            "FP": 0,
            "FN": 23,
            "TP": 7,
            "AP": 0.7205031412453731,
            "recall": 0.23333333333333334,
            "precision": 1.0,
            "specificity": 1.0,
            "accuracy": 0.9461358313817331,
            "expected AP": 0.0702576112412178
        }
    }
}
