{
    "TN": 380,
    "FP": 14,
    "FN": 28,
    "TP": 5,
    "AP": 0.23066931099708055,
    "recall": 0.15151515151515152,
    "precision": 0.2631578947368421,
    "specificity": 0.9644670050761421,
    "accuracy": 0.9016393442622951,
    "expected AP": 0.07728337236533958,
    "auroc": 0.6771265959083217,
    "balanced accuracy": 0.5579910782956469,
    "adjusted balanced accuracy": 0.11598215659129374
}
