{
    "overall": {
        "mAP": 0.4996309316484667,
        "accuracy": 0.4976851851851852,
        "expected mAP": 0.25,
        "balanced accuracy": 0.3299975812079685
    },
    "classwise": {
        "0": {
            "TN": 145,
            "FP": 139,
            "FN": 36,
            "TP": 112,
            "AP": 0.7147734241132476,
            "recall": 0.7567567567567568,
            "precision": 0.44621513944223107,
            "specificity": 0.5105633802816901,
            "accuracy": 0.5949074074074074,
            "expected AP": 0.3425925925925926
        },
        "1": {
            "TN": 155,
            "FP": 64,
            "FN": 113,
            "TP": 100,
            "AP": 0.6904130041142351,
            "recall": 0.4694835680751174,
            "precision": 0.6097560975609756,
            "specificity": 0.7077625570776256,
            "accuracy": 0.5902777777777778,
            "expected AP": 0.4930555555555556
        },
        "2": {
            "TN": 380,
            "FP": 13,
            "FN": 39,
            "TP": 0,
            "AP": 0.11746963201293732,
            "recall": 0.0,
            "precision": 0.0,
            "specificity": 0.9669211195928753,
            "accuracy": 0.8796296296296297,
            "expected AP": 0.09027777777777778
        },
        "3": {
            "TN": 399,
            "FP": 1,
            "FN": 29,
            "TP": 3,
            "AP": 0.47586766635344674,
            "recall": 0.09375,
            "precision": 0.75,
            "specificity": 0.9975,
            "accuracy": 0.9305555555555556,
            "expected AP": 0.07407407407407407
        }
    }
}
