{
    "overall": {
        "mAP": 0.4553572813496841,
        "accuracy": 0.4098360655737705,
        "expected mAP": 0.25,
        "balanced accuracy": 0.3593790218790218,
        "adjusted balanced accuracy": 0.14583869583869577
    },
    "classwise": {
        "0": {
            "TN": 63,
            "FP": 216,
            "FN": 17,
            "TP": 131,
            "AP": 0.46075074613736794,
            "recall": 0.8851351351351351,
            "precision": 0.37752161383285304,
            "specificity": 0.22580645161290322,
            "accuracy": 0.45433255269320844,
            "expected AP": 0.34660421545667447
        },
        "1": {
            "TN": 190,
            "FP": 27,
            "FN": 178,
            "TP": 32,
            "AP": 0.5749228760877588,
            "recall": 0.1523809523809524,
            "precision": 0.5423728813559322,
            "specificity": 0.8755760368663594,
            "accuracy": 0.5199063231850117,
            "expected AP": 0.4918032786885246
        },
        "2": {
            "TN": 380,
            "FP": 8,
            "FN": 39,
            "TP": 0,
            "AP": 0.09696651261076608,
            "recall": 0.0,
            "precision": 0.0,
            "specificity": 0.979381443298969,
            "accuracy": 0.8899297423887588,
            "expected AP": 0.09133489461358314
        },
        "3": {
            "TN": 396,
            "FP": 1,
            "FN": 18,
            "TP": 12,
            "AP": 0.6887889905628434,
            "recall": 0.4,
            "precision": 0.9230769230769231,
            "specificity": 0.9974811083123426,
            "accuracy": 0.955503512880562,
            "expected AP": 0.0702576112412178
        }
    }
}
