{
    "TN": 114,
    "FP": 54,
    "FN": 112,
    "TP": 99,
    "AP": 0.6500724651508858,
    "recall": 0.46919431279620855,
    "precision": 0.6470588235294118,
    "specificity": 0.6785714285714286,
    "accuracy": 0.5620052770448549,
    "expected AP": 0.5567282321899736,
    "auroc": 0.6244498984427894,
    "balanced accuracy": 0.5738828706838186,
    "adjusted balanced accuracy": 0.1477657413676372
}
