{
    "overall": {
        "mAP": 0.4562532092025058,
        "accuracy": 0.5162037037037037,
        "expected mAP": 0.25,
        "balanced accuracy": 0.33326394175866003
    },
    "classwise": {
        "0": {
            "TN": 157,
            "FP": 127,
            "FN": 35,
            "TP": 113,
            "AP": 0.7053620408021916,
            "recall": 0.7635135135135135,
            "precision": 0.4708333333333333,
            "specificity": 0.5528169014084507,
            "accuracy": 0.625,
            "expected AP": 0.3425925925925926
        },
        "1": {
            "TN": 152,
            "FP": 67,
            "FN": 105,
            "TP": 108,
            "AP": 0.690625941912274,
            "recall": 0.5070422535211268,
            "precision": 0.6171428571428571,
            "specificity": 0.6940639269406392,
            "accuracy": 0.6018518518518519,
            "expected AP": 0.4930555555555556
        },
        "2": {
            "TN": 379,
            "FP": 14,
            "FN": 39,
            "TP": 0,
            "AP": 0.14915282260692078,
            "recall": 0.0,
            "precision": 0.0,
            "specificity": 0.9643765903307888,
            "accuracy": 0.8773148148148148,
            "expected AP": 0.09027777777777778
        },
        "3": {
            "TN": 399,
            "FP": 1,
            "FN": 30,
            "TP": 2,
            "AP": 0.2798720314886368,
            "recall": 0.0625,
            "precision": 0.6666666666666666,
            "specificity": 0.9975,
            "accuracy": 0.9282407407407407,
            "expected AP": 0.07407407407407407
        }
    }
}
