{
    "overall": {
        "mAP": 0.5125210788970768,
        "accuracy": 0.5069444444444444,
        "expected mAP": 0.25,
        "balanced accuracy": 0.3593298573492235
    },
    "classwise": {
        "0": {
            "TN": 128,
            "FP": 156,
            "FN": 37,
            "TP": 111,
            "AP": 0.6561963454807815,
            "recall": 0.75,
            "precision": 0.4157303370786517,
            "specificity": 0.4507042253521127,
            "accuracy": 0.5532407407407407,
            "expected AP": 0.3425925925925926
        },
        "1": {
            "TN": 173,
            "FP": 46,
            "FN": 112,
            "TP": 101,
            "AP": 0.6784064777075054,
            "recall": 0.47417840375586856,
            "precision": 0.6870748299319728,
            "specificity": 0.7899543378995434,
            "accuracy": 0.6342592592592593,
            "expected AP": 0.4930555555555556
        },
        "2": {
            "TN": 385,
            "FP": 8,
            "FN": 38,
            "TP": 1,
            "AP": 0.2040146309443399,
            "recall": 0.02564102564102564,
            "precision": 0.1111111111111111,
            "specificity": 0.9796437659033079,
            "accuracy": 0.8935185185185185,
            "expected AP": 0.09027777777777778
        },
        "3": {
            "TN": 397,
            "FP": 3,
            "FN": 26,
            "TP": 6,
            "AP": 0.5114668614556802,
            "recall": 0.1875,
            "precision": 0.6666666666666666,
            "specificity": 0.9925,
            "accuracy": 0.9328703703703703,
            "expected AP": 0.07407407407407407
        }
    }
}
