{
    "TN": 1519,
    "FP": 476,
    "FN": 280,
    "TP": 410,
    "AP": 0.44438569616361234,
    "recall": 0.5942028985507246,
    "precision": 0.46275395033860045,
    "specificity": 0.7614035087719299,
    "accuracy": 0.7184357541899441,
    "expected AP": 0.2569832402234637,
    "auroc": 0.7432853873814973,
    "balanced accuracy": 0.6778032036613273,
    "adjusted balanced accuracy": 0.3556064073226546
}
