{
    "overall": {
        "mAP": 0.2725218818955945,
        "accuracy": 0.6695519348268839,
        "expected mAP": 0.25,
        "balanced accuracy": 0.28695652173913044,
        "adjusted balanced accuracy": 0.04927536231884059
    },
    "classwise": {
        "0": {
            "TN": 71,
            "FP": 143,
            "FN": 475,
            "TP": 1275,
            "AP": 0.874364959021253,
            "recall": 0.7285714285714285,
            "precision": 0.8991537376586742,
            "specificity": 0.3317757009345794,
            "accuracy": 0.685336048879837,
            "expected AP": 0.8910386965376782
        },
        "1": {
            "TN": 1718,
            "FP": 85,
            "FN": 132,
            "TP": 29,
            "AP": 0.16800099771455043,
            "recall": 0.18012422360248448,
            "precision": 0.2543859649122807,
            "specificity": 0.9528563505268997,
            "accuracy": 0.889511201629328,
            "expected AP": 0.08197556008146639
        },
        "2": {
            "TN": 1690,
            "FP": 228,
            "FN": 35,
            "TP": 11,
            "AP": 0.04215774209087507,
            "recall": 0.2391304347826087,
            "precision": 0.04602510460251046,
            "specificity": 0.881126173096976,
            "accuracy": 0.8660896130346232,
            "expected AP": 0.023421588594704685
        },
        "3": {
            "TN": 1764,
            "FP": 193,
            "FN": 7,
            "TP": 0,
            "AP": 0.005563828755699567,
            "recall": 0.0,
            "precision": 0.0,
            "specificity": 0.9013796627491057,
            "accuracy": 0.8981670061099797,
            "expected AP": 0.003564154786150713
        }
    }
}
