{
    "overall": {
        "mAP": 0.39391512027012154,
        "accuracy": 0.34953703703703703,
        "expected mAP": 0.25,
        "balanced accuracy": 0.2723440870447913
    },
    "classwise": {
        "0": {
            "TN": 23,
            "FP": 261,
            "FN": 15,
            "TP": 133,
            "AP": 0.4754038745687108,
            "recall": 0.8986486486486487,
            "precision": 0.33756345177664976,
            "specificity": 0.08098591549295775,
            "accuracy": 0.3611111111111111,
            "expected AP": 0.3425925925925926
        },
        "1": {
            "TN": 200,
            "FP": 19,
            "FN": 199,
            "TP": 14,
            "AP": 0.6453020493271084,
            "recall": 0.06572769953051644,
            "precision": 0.42424242424242425,
            "specificity": 0.91324200913242,
            "accuracy": 0.49537037037037035,
            "expected AP": 0.4930555555555556
        },
        "2": {
            "TN": 393,
            "FP": 0,
            "FN": 39,
            "TP": 0,
            "AP": 0.13950080454707714,
            "recall": 0.0,
            "precision": 0.0,
            "specificity": 1.0,
            "accuracy": 0.9097222222222222,
            "expected AP": 0.09027777777777778
        },
        "3": {
            "TN": 399,
            "FP": 1,
            "FN": 28,
            "TP": 4,
            "AP": 0.31545375263758973,
            "recall": 0.125,
            "precision": 0.8,
            "specificity": 0.9975,
            "accuracy": 0.9328703703703703,
            "expected AP": 0.07407407407407407
        }
    }
}
