{
    "TN": 1140,
    "FP": 48,
    "FN": 71,
    "TP": 8,
    "AP": 0.09510944977982826,
    "recall": 0.10126582278481013,
    "precision": 0.14285714285714285,
    "specificity": 0.9595959595959596,
    "accuracy": 0.9060773480662984,
    "expected AP": 0.062352012628255724,
    "auroc": 0.6163853727144866,
    "balanced accuracy": 0.5304308911903849,
    "adjusted balanced accuracy": 0.06086178238076978
}
