{
    "overall": {
        "mAP": 0.4553527467727916,
        "accuracy": 0.42857142857142855,
        "expected mAP": 0.25,
        "balanced accuracy": 0.30976512226512226,
        "adjusted balanced accuracy": 0.07968682968682968
    },
    "classwise": {
        "0": {
            "TN": 78,
            "FP": 201,
            "FN": 21,
            "TP": 127,
            "AP": 0.4480446577046196,
            "recall": 0.8581081081081081,
            "precision": 0.3871951219512195,
            "specificity": 0.27956989247311825,
            "accuracy": 0.48009367681498827,
            "expected AP": 0.34660421545667447
        },
        "1": {
            "TN": 178,
            "FP": 39,
            "FN": 158,
            "TP": 52,
            "AP": 0.5857403722663175,
            "recall": 0.24761904761904763,
            "precision": 0.5714285714285714,
            "specificity": 0.8202764976958525,
            "accuracy": 0.5386416861826698,
            "expected AP": 0.4918032786885246
        },
        "2": {
            "TN": 384,
            "FP": 4,
            "FN": 39,
            "TP": 0,
            "AP": 0.11056843455321025,
            "recall": 0.0,
            "precision": 0.0,
            "specificity": 0.9896907216494846,
            "accuracy": 0.8992974238875878,
            "expected AP": 0.09133489461358314
        },
        "3": {
            "TN": 397,
            "FP": 0,
            "FN": 26,
            "TP": 4,
            "AP": 0.6770575225670191,
            "recall": 0.13333333333333333,
            "precision": 1.0,
            "specificity": 1.0,
            "accuracy": 0.9391100702576113,
            "expected AP": 0.0702576112412178
        }
    }
}
