{
    "overall": {
        "mAP": 0.4734963270915825,
        "accuracy": 0.4599334073251942,
        "expected mAP": 0.25
    },
    "classwise": {
        "0": {
            "TN": 3574,
            "FP": 5584,
            "FN": 509,
            "TP": 3848,
            "AP": 0.5421188577888445,
            "recall": 0.8831764975900849,
            "precision": 0.4079728583545377,
            "specificity": 0.39025988207032103,
            "accuracy": 0.5491675915649279,
            "expected AP": 0.3223825379208287
        },
        "1": {
            "TN": 5654,
            "FP": 1487,
            "FN": 4363,
            "TP": 2011,
            "AP": 0.572649880406093,
            "recall": 0.31550047066206466,
            "precision": 0.5748999428244711,
            "specificity": 0.791765859123372,
            "accuracy": 0.5671476137624861,
            "expected AP": 0.4716241213466519
        },
        "2": {
            "TN": 11329,
            "FP": 221,
            "FN": 1860,
            "TP": 105,
            "AP": 0.19775039581630252,
            "recall": 0.05343511450381679,
            "precision": 0.3220858895705521,
            "specificity": 0.9808658008658009,
            "accuracy": 0.8460229374768775,
            "expected AP": 0.1453940066592675
        },
        "3": {
            "TN": 12689,
            "FP": 7,
            "FN": 567,
            "TP": 252,
            "AP": 0.5814661743550901,
            "recall": 0.3076923076923077,
            "precision": 0.972972972972973,
            "specificity": 0.9994486452425961,
            "accuracy": 0.9575286718460969,
            "expected AP": 0.060599334073251944
        }
    }
}
