{
    "overall": {
        "mAP": 0.4519963580838191,
        "accuracy": 0.49537037037037035,
        "expected mAP": 0.25,
        "balanced accuracy": 0.3273398838979825
    },
    "classwise": {
        "0": {
            "TN": 137,
            "FP": 147,
            "FN": 26,
            "TP": 122,
            "AP": 0.6898981077295154,
            "recall": 0.8243243243243243,
            "precision": 0.45353159851301117,
            "specificity": 0.4823943661971831,
            "accuracy": 0.5995370370370371,
            "expected AP": 0.3425925925925926
        },
        "1": {
            "TN": 163,
            "FP": 56,
            "FN": 123,
            "TP": 90,
            "AP": 0.6804358642271124,
            "recall": 0.4225352112676056,
            "precision": 0.6164383561643836,
            "specificity": 0.7442922374429224,
            "accuracy": 0.5856481481481481,
            "expected AP": 0.4930555555555556
        },
        "2": {
            "TN": 379,
            "FP": 14,
            "FN": 39,
            "TP": 0,
            "AP": 0.15489703972791014,
            "recall": 0.0,
            "precision": 0.0,
            "specificity": 0.9643765903307888,
            "accuracy": 0.8773148148148148,
            "expected AP": 0.09027777777777778
        },
        "3": {
            "TN": 399,
            "FP": 1,
            "FN": 30,
            "TP": 2,
            "AP": 0.2827544206507384,
            "recall": 0.0625,
            "precision": 0.6666666666666666,
            "specificity": 0.9975,
            "accuracy": 0.9282407407407407,
            "expected AP": 0.07407407407407407
        }
    }
}
