{
    "overall": {
        "mAP": 0.4651411962391845,
        "accuracy": 0.4519906323185012,
        "expected mAP": 0.25,
        "balanced accuracy": 0.3752326502326502,
        "adjusted balanced accuracy": 0.1669768669768669
    },
    "classwise": {
        "0": {
            "TN": 72,
            "FP": 207,
            "FN": 10,
            "TP": 138,
            "AP": 0.5056472351222472,
            "recall": 0.9324324324324325,
            "precision": 0.4,
            "specificity": 0.25806451612903225,
            "accuracy": 0.4918032786885246,
            "expected AP": 0.34660421545667447
        },
        "1": {
            "TN": 198,
            "FP": 19,
            "FN": 166,
            "TP": 44,
            "AP": 0.6075588217445955,
            "recall": 0.20952380952380953,
            "precision": 0.6984126984126984,
            "specificity": 0.9124423963133641,
            "accuracy": 0.5667447306791569,
            "expected AP": 0.4918032786885246
        },
        "2": {
            "TN": 382,
            "FP": 6,
            "FN": 38,
            "TP": 1,
            "AP": 0.13415075121413822,
            "recall": 0.02564102564102564,
            "precision": 0.14285714285714285,
            "specificity": 0.9845360824742269,
            "accuracy": 0.8969555035128806,
            "expected AP": 0.09133489461358314
        },
        "3": {
            "TN": 395,
            "FP": 2,
            "FN": 20,
            "TP": 10,
            "AP": 0.6132079768757569,
            "recall": 0.3333333333333333,
            "precision": 0.8333333333333334,
            "specificity": 0.9949622166246851,
            "accuracy": 0.9484777517564403,
            "expected AP": 0.0702576112412178
        }
    }
}
