{
    "TN": 614,
    "FP": 110,
    "FN": 162,
    "TP": 110,
    "AP": 0.5154384280939229,
    "recall": 0.40441176470588236,
    "precision": 0.5,
    "specificity": 0.8480662983425414,
    "accuracy": 0.7269076305220884,
    "expected AP": 0.27309236947791166,
    "auroc": 0.7406920295742606,
    "balanced accuracy": 0.6262390315242119,
    "adjusted balanced accuracy": 0.2524780630484238
}
