{
    "TN": 116,
    "FP": 52,
    "FN": 118,
    "TP": 93,
    "AP": 0.6554197971040188,
    "recall": 0.44075829383886256,
    "precision": 0.6413793103448275,
    "specificity": 0.6904761904761905,
    "accuracy": 0.5514511873350924,
    "expected AP": 0.5567282321899736,
    "auroc": 0.6355929812683367,
    "balanced accuracy": 0.5656172421575265,
    "adjusted balanced accuracy": 0.13123448431505302
}
