{
    "TN": 110,
    "FP": 58,
    "FN": 101,
    "TP": 110,
    "AP": 0.6469972257506286,
    "recall": 0.5213270142180095,
    "precision": 0.6547619047619048,
    "specificity": 0.6547619047619048,
    "accuracy": 0.5804749340369393,
    "expected AP": 0.5567282321899736,
    "auroc": 0.640783683141503,
    "balanced accuracy": 0.5880444594899572,
    "adjusted balanced accuracy": 0.1760889189799144
}
