{
    "TN": 604,
    "FP": 120,
    "FN": 163,
    "TP": 109,
    "AP": 0.4859899124886119,
    "recall": 0.4007352941176471,
    "precision": 0.4759825327510917,
    "specificity": 0.8342541436464088,
    "accuracy": 0.7158634538152611,
    "expected AP": 0.27309236947791166,
    "auroc": 0.7297489437764054,
    "balanced accuracy": 0.6174947188820279,
    "adjusted balanced accuracy": 0.2349894377640558
}
