{
    "TN": 120,
    "FP": 48,
    "FN": 120,
    "TP": 91,
    "AP": 0.6663252209894179,
    "recall": 0.4312796208530806,
    "precision": 0.6546762589928058,
    "specificity": 0.7142857142857143,
    "accuracy": 0.5567282321899736,
    "expected AP": 0.5567282321899736,
    "auroc": 0.6433790340780862,
    "balanced accuracy": 0.5727826675693974,
    "adjusted balanced accuracy": 0.14556533513879488
}
