{
    "overall": {
        "mAP": 0.4692058007557225,
        "accuracy": 0.4238875878220141,
        "expected mAP": 0.25,
        "balanced accuracy": 0.3379504504504504,
        "adjusted balanced accuracy": 0.11726726726726722
    },
    "classwise": {
        "0": {
            "TN": 68,
            "FP": 211,
            "FN": 17,
            "TP": 131,
            "AP": 0.4909991988670183,
            "recall": 0.8851351351351351,
            "precision": 0.3830409356725146,
            "specificity": 0.24372759856630824,
            "accuracy": 0.46604215456674475,
            "expected AP": 0.34660421545667447
        },
        "1": {
            "TN": 187,
            "FP": 30,
            "FN": 168,
            "TP": 42,
            "AP": 0.5842933986331136,
            "recall": 0.2,
            "precision": 0.5833333333333334,
            "specificity": 0.8617511520737328,
            "accuracy": 0.5362997658079626,
            "expected AP": 0.4918032786885246
        },
        "2": {
            "TN": 383,
            "FP": 5,
            "FN": 39,
            "TP": 0,
            "AP": 0.12793110362106064,
            "recall": 0.0,
            "precision": 0.0,
            "specificity": 0.9871134020618557,
            "accuracy": 0.8969555035128806,
            "expected AP": 0.09133489461358314
        },
        "3": {
            "TN": 397,
            "FP": 0,
            "FN": 22,
            "TP": 8,
            "AP": 0.6735995019016973,
            "recall": 0.26666666666666666,
            "precision": 1.0,
            "specificity": 1.0,
            "accuracy": 0.9484777517564403,
            "expected AP": 0.0702576112412178
        }
    }
}
