{
    "overall": {
        "mAP": 0.46628054679126774,
        "accuracy": 0.4238875878220141,
        "expected mAP": 0.25,
        "balanced accuracy": 0.33894787644787644,
        "adjusted balanced accuracy": 0.11859716859716858
    },
    "classwise": {
        "0": {
            "TN": 67,
            "FP": 212,
            "FN": 15,
            "TP": 133,
            "AP": 0.4646460968834336,
            "recall": 0.8986486486486487,
            "precision": 0.3855072463768116,
            "specificity": 0.24014336917562723,
            "accuracy": 0.468384074941452,
            "expected AP": 0.34660421545667447
        },
        "1": {
            "TN": 188,
            "FP": 29,
            "FN": 170,
            "TP": 40,
            "AP": 0.5677305221194731,
            "recall": 0.19047619047619047,
            "precision": 0.5797101449275363,
            "specificity": 0.8663594470046083,
            "accuracy": 0.5339578454332553,
            "expected AP": 0.4918032786885246
        },
        "2": {
            "TN": 383,
            "FP": 5,
            "FN": 39,
            "TP": 0,
            "AP": 0.11859136844740414,
            "recall": 0.0,
            "precision": 0.0,
            "specificity": 0.9871134020618557,
            "accuracy": 0.8969555035128806,
            "expected AP": 0.09133489461358314
        },
        "3": {
            "TN": 397,
            "FP": 0,
            "FN": 22,
            "TP": 8,
            "AP": 0.71415419971476,
            "recall": 0.26666666666666666,
            "precision": 1.0,
            "specificity": 1.0,
            "accuracy": 0.9484777517564403,
            "expected AP": 0.0702576112412178
        }
    }
}
