{
    "TN": 115,
    "FP": 53,
    "FN": 108,
    "TP": 103,
    "AP": 0.6682797003726999,
    "recall": 0.4881516587677725,
    "precision": 0.6602564102564102,
    "specificity": 0.6845238095238095,
    "accuracy": 0.575197889182058,
    "expected AP": 0.5567282321899736,
    "auroc": 0.6519972918077184,
    "balanced accuracy": 0.586337734145791,
    "adjusted balanced accuracy": 0.1726754682915821
}
