{
    "overall": {
        "mAP": 0.4671588272017763,
        "accuracy": 0.4835368109507954,
        "expected mAP": 0.25
    },
    "classwise": {
        "0": {
            "TN": 4219,
            "FP": 4939,
            "FN": 644,
            "TP": 3713,
            "AP": 0.5492961033768864,
            "recall": 0.8521918751434473,
            "precision": 0.42914932963476654,
            "specificity": 0.46069010701026425,
            "accuracy": 0.5869034406215317,
            "expected AP": 0.3223825379208287
        },
        "1": {
            "TN": 5313,
            "FP": 1828,
            "FN": 3913,
            "TP": 2461,
            "AP": 0.5573717460701085,
            "recall": 0.38609978035770315,
            "precision": 0.573793425040802,
            "specificity": 0.7440134434953087,
            "accuracy": 0.5752127266000739,
            "expected AP": 0.4716241213466519
        },
        "2": {
            "TN": 11348,
            "FP": 202,
            "FN": 1866,
            "TP": 99,
            "AP": 0.1766611747321985,
            "recall": 0.050381679389312976,
            "precision": 0.3289036544850498,
            "specificity": 0.9825108225108226,
            "accuracy": 0.8469848316685165,
            "expected AP": 0.1453940066592675
        },
        "3": {
            "TN": 12685,
            "FP": 11,
            "FN": 557,
            "TP": 262,
            "AP": 0.585306284627912,
            "recall": 0.3199023199023199,
            "precision": 0.9597069597069597,
            "specificity": 0.9991335853812224,
            "accuracy": 0.9579726230114688,
            "expected AP": 0.060599334073251944
        }
    }
}
