{
    "overall": {
        "mAP": 0.5015617557100057,
        "accuracy": 0.583789704271632,
        "expected mAP": 0.24999999999999997,
        "balanced accuracy": 0.495534935288647,
        "adjusted balanced accuracy": 0.327379913718196
    },
    "classwise": {
        "0": {
            "TN": 237,
            "FP": 92,
            "FN": 176,
            "TP": 408,
            "AP": 0.8595076627486773,
            "recall": 0.6986301369863014,
            "precision": 0.816,
            "specificity": 0.7203647416413373,
            "accuracy": 0.7064622124863089,
            "expected AP": 0.6396495071193866
        },
        "1": {
            "TN": 480,
            "FP": 266,
            "FN": 74,
            "TP": 93,
            "AP": 0.2576758727921987,
            "recall": 0.5568862275449101,
            "precision": 0.2590529247910863,
            "specificity": 0.6434316353887399,
            "accuracy": 0.6276013143483024,
            "expected AP": 0.1829134720700986
        },
        "2": {
            "TN": 766,
            "FP": 7,
            "FN": 121,
            "TP": 19,
            "AP": 0.3676065467766003,
            "recall": 0.1357142857142857,
            "precision": 0.7307692307692307,
            "specificity": 0.9909443725743855,
            "accuracy": 0.859802847754655,
            "expected AP": 0.1533406352683461
        },
        "3": {
            "TN": 876,
            "FP": 15,
            "FN": 9,
            "TP": 13,
            "AP": 0.5214569405225467,
            "recall": 0.5909090909090909,
            "precision": 0.4642857142857143,
            "specificity": 0.9831649831649831,
            "accuracy": 0.9737130339539978,
            "expected AP": 0.024096385542168676
        }
    }
}
