{
    "overall": {
        "mAP": 0.5150903467194676,
        "accuracy": 0.6003415883859948,
        "expected mAP": 0.25,
        "balanced accuracy": 0.5002537592495762,
        "adjusted balanced accuracy": 0.3336716789994349
    },
    "classwise": {
        "0": {
            "TN": 312,
            "FP": 124,
            "FN": 196,
            "TP": 539,
            "AP": 0.8615336428330922,
            "recall": 0.7333333333333333,
            "precision": 0.8129713423831071,
            "specificity": 0.7155963302752294,
            "accuracy": 0.726729291204099,
            "expected AP": 0.627668659265585
        },
        "1": {
            "TN": 635,
            "FP": 318,
            "FN": 101,
            "TP": 117,
            "AP": 0.26524233666845687,
            "recall": 0.536697247706422,
            "precision": 0.2689655172413793,
            "specificity": 0.6663168940188877,
            "accuracy": 0.6421861656703672,
            "expected AP": 0.18616567036720752
        },
        "2": {
            "TN": 967,
            "FP": 11,
            "FN": 160,
            "TP": 33,
            "AP": 0.4218258020127998,
            "recall": 0.17098445595854922,
            "precision": 0.75,
            "specificity": 0.9887525562372188,
            "accuracy": 0.8539709649871904,
            "expected AP": 0.16481639624252775
        },
        "3": {
            "TN": 1131,
            "FP": 15,
            "FN": 11,
            "TP": 14,
            "AP": 0.5117596053635217,
            "recall": 0.56,
            "precision": 0.4827586206896552,
            "specificity": 0.9869109947643979,
            "accuracy": 0.977796754910333,
            "expected AP": 0.02134927412467976
        }
    }
}
