{
    "overall": {
        "mAP": 0.4993413951827016,
        "accuracy": 0.47540983606557374,
        "expected mAP": 0.25,
        "balanced accuracy": 0.3875643500643501,
        "adjusted balanced accuracy": 0.18341913341913343
    },
    "classwise": {
        "0": {
            "TN": 86,
            "FP": 193,
            "FN": 13,
            "TP": 135,
            "AP": 0.45764516446115555,
            "recall": 0.9121621621621622,
            "precision": 0.4115853658536585,
            "specificity": 0.30824372759856633,
            "accuracy": 0.5175644028103045,
            "expected AP": 0.34660421545667447
        },
        "1": {
            "TN": 195,
            "FP": 22,
            "FN": 153,
            "TP": 57,
            "AP": 0.6038204727212568,
            "recall": 0.2714285714285714,
            "precision": 0.7215189873417721,
            "specificity": 0.8986175115207373,
            "accuracy": 0.5901639344262295,
            "expected AP": 0.4918032786885246
        },
        "2": {
            "TN": 380,
            "FP": 8,
            "FN": 39,
            "TP": 0,
            "AP": 0.12773425869324895,
            "recall": 0.0,
            "precision": 0.0,
            "specificity": 0.979381443298969,
            "accuracy": 0.8899297423887588,
            "expected AP": 0.09133489461358314
        },
        "3": {
            "TN": 396,
            "FP": 1,
            "FN": 19,
            "TP": 11,
            "AP": 0.8081656848551454,
            "recall": 0.36666666666666664,
            "precision": 0.9166666666666666,
            "specificity": 0.9974811083123426,
            "accuracy": 0.9531615925058547,
            "expected AP": 0.0702576112412178
        }
    }
}
