{
    "overall": {
        "mAP": 0.48989104157222463,
        "accuracy": 0.47998520162782093,
        "expected mAP": 0.25
    },
    "classwise": {
        "0": {
            "TN": 4212,
            "FP": 4946,
            "FN": 603,
            "TP": 3754,
            "AP": 0.5760022884245669,
            "recall": 0.861602019738352,
            "precision": 0.43149425287356324,
            "specificity": 0.45992574797990826,
            "accuracy": 0.5894191638919719,
            "expected AP": 0.3223825379208287
        },
        "1": {
            "TN": 5393,
            "FP": 1748,
            "FN": 4026,
            "TP": 2348,
            "AP": 0.566750679554161,
            "recall": 0.3683715092563539,
            "precision": 0.5732421875,
            "specificity": 0.7552163562526257,
            "accuracy": 0.572770995190529,
            "expected AP": 0.4716241213466519
        },
        "2": {
            "TN": 11229,
            "FP": 321,
            "FN": 1842,
            "TP": 123,
            "AP": 0.1915743032996782,
            "recall": 0.06259541984732825,
            "precision": 0.27702702702702703,
            "specificity": 0.9722077922077922,
            "accuracy": 0.8399556048834628,
            "expected AP": 0.1453940066592675
        },
        "3": {
            "TN": 12683,
            "FP": 13,
            "FN": 557,
            "TP": 262,
            "AP": 0.6252368950104922,
            "recall": 0.3199023199023199,
            "precision": 0.9527272727272728,
            "specificity": 0.9989760554505356,
            "accuracy": 0.9578246392896781,
            "expected AP": 0.060599334073251944
        }
    }
}
