{
    "overall": {
        "mAP": 0.48327368109419977,
        "accuracy": 0.4745837957824639,
        "expected mAP": 0.25
    },
    "classwise": {
        "0": {
            "TN": 4059,
            "FP": 5099,
            "FN": 601,
            "TP": 3756,
            "AP": 0.5588975505190905,
            "recall": 0.8620610511820059,
            "precision": 0.4241671372106155,
            "specificity": 0.4432190434592706,
            "accuracy": 0.5782463928967814,
            "expected AP": 0.3223825379208287
        },
        "1": {
            "TN": 5401,
            "FP": 1740,
            "FN": 4095,
            "TP": 2279,
            "AP": 0.5650566848559111,
            "recall": 0.3575462817696894,
            "precision": 0.5670564817118686,
            "specificity": 0.7563366475283574,
            "accuracy": 0.5682574916759157,
            "expected AP": 0.4716241213466519
        },
        "2": {
            "TN": 11301,
            "FP": 249,
            "FN": 1842,
            "TP": 123,
            "AP": 0.18537193688329986,
            "recall": 0.06259541984732825,
            "precision": 0.33064516129032256,
            "specificity": 0.9784415584415584,
            "accuracy": 0.8452830188679246,
            "expected AP": 0.1453940066592675
        },
        "3": {
            "TN": 12683,
            "FP": 13,
            "FN": 563,
            "TP": 256,
            "AP": 0.6237685521184977,
            "recall": 0.3125763125763126,
            "precision": 0.9516728624535316,
            "specificity": 0.9989760554505356,
            "accuracy": 0.9573806881243063,
            "expected AP": 0.060599334073251944
        }
    }
}
