{
    "overall": {
        "mAP": 0.4075330397395542,
        "accuracy": 0.5092592592592593,
        "expected mAP": 0.25,
        "balanced accuracy": 0.35932840851414793
    },
    "classwise": {
        "0": {
            "TN": 164,
            "FP": 120,
            "FN": 42,
            "TP": 106,
            "AP": 0.43794957722404093,
            "recall": 0.7162162162162162,
            "precision": 0.4690265486725664,
            "specificity": 0.5774647887323944,
            "accuracy": 0.625,
            "expected AP": 0.3425925925925926
        },
        "1": {
            "TN": 143,
            "FP": 76,
            "FN": 106,
            "TP": 107,
            "AP": 0.6387514479790588,
            "recall": 0.5023474178403756,
            "precision": 0.5846994535519126,
            "specificity": 0.6529680365296804,
            "accuracy": 0.5787037037037037,
            "expected AP": 0.4930555555555556
        },
        "2": {
            "TN": 378,
            "FP": 15,
            "FN": 39,
            "TP": 0,
            "AP": 0.13745234153453598,
            "recall": 0.0,
            "precision": 0.0,
            "specificity": 0.9618320610687023,
            "accuracy": 0.875,
            "expected AP": 0.09027777777777778
        },
        "3": {
            "TN": 399,
            "FP": 1,
            "FN": 25,
            "TP": 7,
            "AP": 0.41597879222058115,
            "recall": 0.21875,
            "precision": 0.875,
            "specificity": 0.9975,
            "accuracy": 0.9398148148148148,
            "expected AP": 0.07407407407407407
        }
    }
}
