{
    "overall": {
        "mAP": 0.469733930523654,
        "accuracy": 0.42857142857142855,
        "expected mAP": 0.25,
        "balanced accuracy": 0.3408301158301158,
        "adjusted balanced accuracy": 0.12110682110682107
    },
    "classwise": {
        "0": {
            "TN": 69,
            "FP": 210,
            "FN": 16,
            "TP": 132,
            "AP": 0.4945652913004354,
            "recall": 0.8918918918918919,
            "precision": 0.38596491228070173,
            "specificity": 0.24731182795698925,
            "accuracy": 0.4707259953161593,
            "expected AP": 0.34660421545667447
        },
        "1": {
            "TN": 189,
            "FP": 28,
            "FN": 167,
            "TP": 43,
            "AP": 0.5851179838810503,
            "recall": 0.20476190476190476,
            "precision": 0.6056338028169014,
            "specificity": 0.8709677419354839,
            "accuracy": 0.5433255269320844,
            "expected AP": 0.4918032786885246
        },
        "2": {
            "TN": 383,
            "FP": 5,
            "FN": 39,
            "TP": 0,
            "AP": 0.12520404520793474,
            "recall": 0.0,
            "precision": 0.0,
            "specificity": 0.9871134020618557,
            "accuracy": 0.8969555035128806,
            "expected AP": 0.09133489461358314
        },
        "3": {
            "TN": 396,
            "FP": 1,
            "FN": 22,
            "TP": 8,
            "AP": 0.6740484017051954,
            "recall": 0.26666666666666666,
            "precision": 0.8888888888888888,
            "specificity": 0.9974811083123426,
            "accuracy": 0.9461358313817331,
            "expected AP": 0.0702576112412178
        }
    }
}
