{
    "overall": {
        "mAP": 0.37254841414237233,
        "accuracy": 0.6660098522167488,
        "expected mAP": 0.25,
        "balanced accuracy": 0.4291532191990653,
        "adjusted balanced accuracy": 0.23887095893208707
    },
    "classwise": {
        "0": {
            "TN": 186,
            "FP": 121,
            "FN": 106,
            "TP": 602,
            "AP": 0.8838582586894916,
            "recall": 0.8502824858757062,
            "precision": 0.8326417704011065,
            "specificity": 0.6058631921824105,
            "accuracy": 0.7763546798029557,
            "expected AP": 0.6975369458128079
        },
        "1": {
            "TN": 675,
            "FP": 157,
            "FN": 123,
            "TP": 60,
            "AP": 0.23883767015128482,
            "recall": 0.32786885245901637,
            "precision": 0.2764976958525346,
            "specificity": 0.8112980769230769,
            "accuracy": 0.7241379310344828,
            "expected AP": 0.18029556650246306
        },
        "2": {
            "TN": 896,
            "FP": 15,
            "FN": 100,
            "TP": 4,
            "AP": 0.20880256483257564,
            "recall": 0.038461538461538464,
            "precision": 0.21052631578947367,
            "specificity": 0.9835345773874863,
            "accuracy": 0.8866995073891626,
            "expected AP": 0.10246305418719212
        },
        "3": {
            "TN": 949,
            "FP": 46,
            "FN": 10,
            "TP": 10,
            "AP": 0.15869516289613697,
            "recall": 0.5,
            "precision": 0.17857142857142858,
            "specificity": 0.9537688442211055,
            "accuracy": 0.9448275862068966,
            "expected AP": 0.019704433497536946
        }
    }
}
