{
    "overall": {
        "mAP": 0.4312242794223957,
        "accuracy": 0.722167487684729,
        "expected mAP": 0.25,
        "balanced accuracy": 0.4523965880835845,
        "adjusted balanced accuracy": 0.26986211744477934
    },
    "classwise": {
        "0": {
            "TN": 204,
            "FP": 103,
            "FN": 83,
            "TP": 625,
            "AP": 0.9309681294263463,
            "recall": 0.882768361581921,
            "precision": 0.8585164835164835,
            "specificity": 0.6644951140065146,
            "accuracy": 0.8167487684729065,
            "expected AP": 0.6975369458128079
        },
        "1": {
            "TN": 685,
            "FP": 147,
            "FN": 88,
            "TP": 95,
            "AP": 0.3048558720155632,
            "recall": 0.5191256830601093,
            "precision": 0.3925619834710744,
            "specificity": 0.8233173076923077,
            "accuracy": 0.7684729064039408,
            "expected AP": 0.18029556650246306
        },
        "2": {
            "TN": 910,
            "FP": 1,
            "FN": 98,
            "TP": 6,
            "AP": 0.35539047280080877,
            "recall": 0.057692307692307696,
            "precision": 0.8571428571428571,
            "specificity": 0.9989023051591658,
            "accuracy": 0.9024630541871921,
            "expected AP": 0.10246305418719212
        },
        "3": {
            "TN": 964,
            "FP": 31,
            "FN": 13,
            "TP": 7,
            "AP": 0.13368264344686462,
            "recall": 0.35,
            "precision": 0.18421052631578946,
            "specificity": 0.9688442211055276,
            "accuracy": 0.9566502463054187,
            "expected AP": 0.019704433497536946
        }
    }
}
