{
    "overall": {
        "mAP": 0.47280385910937317,
        "accuracy": 0.4729559748427673,
        "expected mAP": 0.25
    },
    "classwise": {
        "0": {
            "TN": 4008,
            "FP": 5150,
            "FN": 572,
            "TP": 3785,
            "AP": 0.565699923836773,
            "recall": 0.8687170071149873,
            "precision": 0.42361499720201456,
            "specificity": 0.4376501419523913,
            "accuracy": 0.5766185719570848,
            "expected AP": 0.3223825379208287
        },
        "1": {
            "TN": 5422,
            "FP": 1719,
            "FN": 4095,
            "TP": 2279,
            "AP": 0.5692941570711215,
            "recall": 0.3575462817696894,
            "precision": 0.5700350175087544,
            "specificity": 0.759277412127153,
            "accuracy": 0.569811320754717,
            "expected AP": 0.4716241213466519
        },
        "2": {
            "TN": 11305,
            "FP": 245,
            "FN": 1851,
            "TP": 114,
            "AP": 0.191751495058549,
            "recall": 0.05801526717557252,
            "precision": 0.31754874651810583,
            "specificity": 0.9787878787878788,
            "accuracy": 0.844913059563448,
            "expected AP": 0.1453940066592675
        },
        "3": {
            "TN": 12687,
            "FP": 9,
            "FN": 605,
            "TP": 214,
            "AP": 0.5644698604710492,
            "recall": 0.2612942612942613,
            "precision": 0.9596412556053812,
            "specificity": 0.9992911153119093,
            "accuracy": 0.9545689974102849,
            "expected AP": 0.060599334073251944
        }
    }
}
