{
    "overall": {
        "mAP": 0.3746812530276743,
        "accuracy": 0.5993298228817616,
        "expected mAP": 0.25,
        "balanced accuracy": 0.42155521994030276,
        "adjusted balanced accuracy": 0.22874029325373701
    },
    "classwise": {
        "0": {
            "TN": 478,
            "FP": 146,
            "FN": 475,
            "TP": 990,
            "AP": 0.8796697485641327,
            "recall": 0.6757679180887372,
            "precision": 0.8714788732394366,
            "specificity": 0.7660256410256411,
            "accuracy": 0.7027285782671134,
            "expected AP": 0.7012924844423168
        },
        "1": {
            "TN": 1200,
            "FP": 511,
            "FN": 162,
            "TP": 216,
            "AP": 0.2667236681066345,
            "recall": 0.5714285714285714,
            "precision": 0.297111416781293,
            "specificity": 0.701344243132671,
            "accuracy": 0.6778362853039732,
            "expected AP": 0.18094782192436573
        },
        "2": {
            "TN": 1783,
            "FP": 101,
            "FN": 170,
            "TP": 35,
            "AP": 0.23818849466262917,
            "recall": 0.17073170731707318,
            "precision": 0.25735294117647056,
            "specificity": 0.9463906581740976,
            "accuracy": 0.8702728578267114,
            "expected AP": 0.09813307802776448
        },
        "3": {
            "TN": 1969,
            "FP": 79,
            "FN": 30,
            "TP": 11,
            "AP": 0.11414310077730076,
            "recall": 0.2682926829268293,
            "precision": 0.12222222222222222,
            "specificity": 0.96142578125,
            "accuracy": 0.9478219243657252,
            "expected AP": 0.019626615605552896
        }
    }
}
