{
    "overall": {
        "mAP": 0.33694685786326606,
        "accuracy": 0.5625,
        "expected mAP": 0.25,
        "balanced accuracy": 0.3249032483187413
    },
    "classwise": {
        "0": {
            "TN": 192,
            "FP": 92,
            "FN": 71,
            "TP": 77,
            "AP": 0.37371013288378274,
            "recall": 0.5202702702702703,
            "precision": 0.4556213017751479,
            "specificity": 0.676056338028169,
            "accuracy": 0.6226851851851852,
            "expected AP": 0.3425925925925926
        },
        "1": {
            "TN": 134,
            "FP": 85,
            "FN": 47,
            "TP": 166,
            "AP": 0.6860292953029529,
            "recall": 0.7793427230046949,
            "precision": 0.6613545816733067,
            "specificity": 0.6118721461187214,
            "accuracy": 0.6944444444444444,
            "expected AP": 0.4930555555555556
        },
        "2": {
            "TN": 381,
            "FP": 12,
            "FN": 39,
            "TP": 0,
            "AP": 0.06886162659829062,
            "recall": 0.0,
            "precision": 0.0,
            "specificity": 0.9694656488549618,
            "accuracy": 0.8819444444444444,
            "expected AP": 0.09027777777777778
        },
        "3": {
            "TN": 400,
            "FP": 0,
            "FN": 32,
            "TP": 0,
            "AP": 0.2191863766680379,
            "recall": 0.0,
            "precision": 0.0,
            "specificity": 1.0,
            "accuracy": 0.9259259259259259,
            "expected AP": 0.07407407407407407
        }
    }
}
