{
    "overall": {
        "mAP": 0.4703891927632775,
        "accuracy": 0.4168618266978923,
        "expected mAP": 0.25,
        "balanced accuracy": 0.33437902187902185,
        "adjusted balanced accuracy": 0.11250536250536247
    },
    "classwise": {
        "0": {
            "TN": 63,
            "FP": 216,
            "FN": 17,
            "TP": 131,
            "AP": 0.48733268485483794,
            "recall": 0.8851351351351351,
            "precision": 0.37752161383285304,
            "specificity": 0.22580645161290322,
            "accuracy": 0.45433255269320844,
            "expected AP": 0.34660421545667447
        },
        "1": {
            "TN": 189,
            "FP": 28,
            "FN": 171,
            "TP": 39,
            "AP": 0.5760344743123542,
            "recall": 0.18571428571428572,
            "precision": 0.582089552238806,
            "specificity": 0.8709677419354839,
            "accuracy": 0.5339578454332553,
            "expected AP": 0.4918032786885246
        },
        "2": {
            "TN": 383,
            "FP": 5,
            "FN": 39,
            "TP": 0,
            "AP": 0.1303957568145619,
            "recall": 0.0,
            "precision": 0.0,
            "specificity": 0.9871134020618557,
            "accuracy": 0.8969555035128806,
            "expected AP": 0.09133489461358314
        },
        "3": {
            "TN": 397,
            "FP": 0,
            "FN": 22,
            "TP": 8,
            "AP": 0.6877938550713559,
            "recall": 0.26666666666666666,
            "precision": 1.0,
            "specificity": 1.0,
            "accuracy": 0.9484777517564403,
            "expected AP": 0.0702576112412178
        }
    }
}
