{
    "TN": 926,
    "FP": 174,
    "FN": 61,
    "TP": 15,
    "AP": 0.08723054184623934,
    "recall": 0.19736842105263158,
    "precision": 0.07936507936507936,
    "specificity": 0.8418181818181818,
    "accuracy": 0.8001700680272109,
    "expected AP": 0.06462585034013606,
    "auroc": 0.5955562200956938,
    "balanced accuracy": 0.5195933014354067,
    "adjusted balanced accuracy": 0.039186602870813436
}
