{
    "overall": {
        "mAP": 0.4841316306195972,
        "accuracy": 0.4966333703292638,
        "expected mAP": 0.25
    },
    "classwise": {
        "0": {
            "TN": 4608,
            "FP": 4550,
            "FN": 815,
            "TP": 3542,
            "AP": 0.5594487380695443,
            "recall": 0.8129446867110397,
            "precision": 0.43771626297577854,
            "specificity": 0.5031666302686176,
            "accuracy": 0.6030336662967074,
            "expected AP": 0.3223825379208287
        },
        "1": {
            "TN": 5119,
            "FP": 2022,
            "FN": 3578,
            "TP": 2796,
            "AP": 0.5610823333281122,
            "recall": 0.43865704424223406,
            "precision": 0.5803237858032378,
            "specificity": 0.7168463800588153,
            "accuracy": 0.5856455789863115,
            "expected AP": 0.4716241213466519
        },
        "2": {
            "TN": 11330,
            "FP": 220,
            "FN": 1855,
            "TP": 110,
            "AP": 0.19177752057328773,
            "recall": 0.05597964376590331,
            "precision": 0.3333333333333333,
            "specificity": 0.9809523809523809,
            "accuracy": 0.8464668886422494,
            "expected AP": 0.1453940066592675
        },
        "3": {
            "TN": 12685,
            "FP": 11,
            "FN": 555,
            "TP": 264,
            "AP": 0.6242179305074448,
            "recall": 0.32234432234432236,
            "precision": 0.96,
            "specificity": 0.9991335853812224,
            "accuracy": 0.9581206067332594,
            "expected AP": 0.060599334073251944
        }
    }
}
