{
    "TN": 117,
    "FP": 51,
    "FN": 116,
    "TP": 95,
    "AP": 0.6305336924778824,
    "recall": 0.45023696682464454,
    "precision": 0.6506849315068494,
    "specificity": 0.6964285714285714,
    "accuracy": 0.5593667546174143,
    "expected AP": 0.5567282321899736,
    "auroc": 0.6119386143082826,
    "balanced accuracy": 0.5733327691266079,
    "adjusted balanced accuracy": 0.14666553825321582
}
