{
    "overall": {
        "mAP": 0.3894351331265402,
        "accuracy": 0.4375,
        "expected mAP": 0.25,
        "balanced accuracy": 0.2938733187412765
    },
    "classwise": {
        "0": {
            "TN": 109,
            "FP": 175,
            "FN": 34,
            "TP": 114,
            "AP": 0.5966229423837957,
            "recall": 0.7702702702702703,
            "precision": 0.3944636678200692,
            "specificity": 0.38380281690140844,
            "accuracy": 0.5162037037037037,
            "expected AP": 0.3425925925925926
        },
        "1": {
            "TN": 161,
            "FP": 58,
            "FN": 140,
            "TP": 73,
            "AP": 0.6117334038021955,
            "recall": 0.3427230046948357,
            "precision": 0.5572519083969466,
            "specificity": 0.7351598173515982,
            "accuracy": 0.5416666666666666,
            "expected AP": 0.4930555555555556
        },
        "2": {
            "TN": 385,
            "FP": 8,
            "FN": 39,
            "TP": 0,
            "AP": 0.13632680319379636,
            "recall": 0.0,
            "precision": 0.0,
            "specificity": 0.9796437659033079,
            "accuracy": 0.8912037037037037,
            "expected AP": 0.09027777777777778
        },
        "3": {
            "TN": 398,
            "FP": 2,
            "FN": 30,
            "TP": 2,
            "AP": 0.2130573831263733,
            "recall": 0.0625,
            "precision": 0.5,
            "specificity": 0.995,
            "accuracy": 0.9259259259259259,
            "expected AP": 0.07407407407407407
        }
    }
}
