{
    "overall": {
        "mAP": 0.45279515802214343,
        "accuracy": 0.3793911007025761,
        "expected mAP": 0.25,
        "balanced accuracy": 0.32546653796653796,
        "adjusted balanced accuracy": 0.10062205062205061
    },
    "classwise": {
        "0": {
            "TN": 35,
            "FP": 244,
            "FN": 11,
            "TP": 137,
            "AP": 0.4432320910471542,
            "recall": 0.9256756756756757,
            "precision": 0.35958005249343833,
            "specificity": 0.12544802867383512,
            "accuracy": 0.4028103044496487,
            "expected AP": 0.34660421545667447
        },
        "1": {
            "TN": 202,
            "FP": 15,
            "FN": 194,
            "TP": 16,
            "AP": 0.5207332717344175,
            "recall": 0.0761904761904762,
            "precision": 0.5161290322580645,
            "specificity": 0.9308755760368663,
            "accuracy": 0.5105386416861827,
            "expected AP": 0.4918032786885246
        },
        "2": {
            "TN": 382,
            "FP": 6,
            "FN": 39,
            "TP": 0,
            "AP": 0.11870190364364795,
            "recall": 0.0,
            "precision": 0.0,
            "specificity": 0.9845360824742269,
            "accuracy": 0.8946135831381733,
            "expected AP": 0.09133489461358314
        },
        "3": {
            "TN": 397,
            "FP": 0,
            "FN": 21,
            "TP": 9,
            "AP": 0.728513365663354,
            "recall": 0.3,
            "precision": 1.0,
            "specificity": 1.0,
            "accuracy": 0.9508196721311475,
            "expected AP": 0.0702576112412178
        }
    }
}
