{
    "TN": 590,
    "FP": 134,
    "FN": 154,
    "TP": 118,
    "AP": 0.43275535558530814,
    "recall": 0.4338235294117647,
    "precision": 0.46825396825396826,
    "specificity": 0.8149171270718232,
    "accuracy": 0.7108433734939759,
    "expected AP": 0.27309236947791166,
    "auroc": 0.6851768158921027,
    "balanced accuracy": 0.624370328241794,
    "adjusted balanced accuracy": 0.2487406564835879
}
