{
    "TN": 443,
    "FP": 92,
    "FN": 122,
    "TP": 81,
    "AP": 0.42883224441080164,
    "recall": 0.39901477832512317,
    "precision": 0.4682080924855491,
    "specificity": 0.8280373831775701,
    "accuracy": 0.7100271002710027,
    "expected AP": 0.2750677506775068,
    "auroc": 0.668436075687123,
    "balanced accuracy": 0.6135260807513466,
    "adjusted balanced accuracy": 0.22705216150269325
}
