{
    "TN": 436,
    "FP": 132,
    "FN": 67,
    "TP": 152,
    "AP": 0.5815929087959708,
    "recall": 0.6940639269406392,
    "precision": 0.5352112676056338,
    "specificity": 0.7676056338028169,
    "accuracy": 0.747141041931385,
    "expected AP": 0.2782719186785261,
    "auroc": 0.8037655154672326,
    "balanced accuracy": 0.7308347803717281,
    "adjusted balanced accuracy": 0.4616695607434562
}
