{
    "TN": 109,
    "FP": 59,
    "FN": 110,
    "TP": 101,
    "AP": 0.6478493129327542,
    "recall": 0.4786729857819905,
    "precision": 0.63125,
    "specificity": 0.6488095238095238,
    "accuracy": 0.554089709762533,
    "expected AP": 0.5567282321899736,
    "auroc": 0.6261425186188219,
    "balanced accuracy": 0.5637412547957572,
    "adjusted balanced accuracy": 0.12748250959151441
}
