{
    "overall": {
        "mAP": 0.4793808375900293,
        "accuracy": 0.4976851851851852,
        "expected mAP": 0.25,
        "balanced accuracy": 0.3479144857886055
    },
    "classwise": {
        "0": {
            "TN": 131,
            "FP": 153,
            "FN": 27,
            "TP": 121,
            "AP": 0.6333731806914468,
            "recall": 0.8175675675675675,
            "precision": 0.4416058394160584,
            "specificity": 0.4612676056338028,
            "accuracy": 0.5833333333333334,
            "expected AP": 0.3425925925925926
        },
        "1": {
            "TN": 165,
            "FP": 54,
            "FN": 124,
            "TP": 89,
            "AP": 0.6601625233405745,
            "recall": 0.41784037558685444,
            "precision": 0.6223776223776224,
            "specificity": 0.7534246575342466,
            "accuracy": 0.5879629629629629,
            "expected AP": 0.4930555555555556
        },
        "2": {
            "TN": 384,
            "FP": 9,
            "FN": 39,
            "TP": 0,
            "AP": 0.1325288350394251,
            "recall": 0.0,
            "precision": 0.0,
            "specificity": 0.9770992366412213,
            "accuracy": 0.8888888888888888,
            "expected AP": 0.09027777777777778
        },
        "3": {
            "TN": 399,
            "FP": 1,
            "FN": 27,
            "TP": 5,
            "AP": 0.4914588112886709,
            "recall": 0.15625,
            "precision": 0.8333333333333334,
            "specificity": 0.9975,
            "accuracy": 0.9351851851851852,
            "expected AP": 0.07407407407407407
        }
    }
}
