{
    "TN": 431,
    "FP": 137,
    "FN": 67,
    "TP": 152,
    "AP": 0.6147757203926,
    "recall": 0.6940639269406392,
    "precision": 0.5259515570934256,
    "specificity": 0.7588028169014085,
    "accuracy": 0.7407878017789072,
    "expected AP": 0.2782719186785261,
    "auroc": 0.8039142388578043,
    "balanced accuracy": 0.7264333719210239,
    "adjusted balanced accuracy": 0.4528667438420477
}
