{
    "overall": {
        "mAP": 0.445096127817874,
        "accuracy": 0.5069444444444444,
        "expected mAP": 0.25,
        "balanced accuracy": 0.32547622446390057
    },
    "classwise": {
        "0": {
            "TN": 162,
            "FP": 122,
            "FN": 41,
            "TP": 107,
            "AP": 0.6687992007465581,
            "recall": 0.722972972972973,
            "precision": 0.4672489082969432,
            "specificity": 0.5704225352112676,
            "accuracy": 0.6226851851851852,
            "expected AP": 0.3425925925925926
        },
        "1": {
            "TN": 144,
            "FP": 75,
            "FN": 103,
            "TP": 110,
            "AP": 0.6869904567536431,
            "recall": 0.5164319248826291,
            "precision": 0.5945945945945946,
            "specificity": 0.6575342465753424,
            "accuracy": 0.5879629629629629,
            "expected AP": 0.4930555555555556
        },
        "2": {
            "TN": 378,
            "FP": 15,
            "FN": 39,
            "TP": 0,
            "AP": 0.14353797057075285,
            "recall": 0.0,
            "precision": 0.0,
            "specificity": 0.9618320610687023,
            "accuracy": 0.875,
            "expected AP": 0.09027777777777778
        },
        "3": {
            "TN": 399,
            "FP": 1,
            "FN": 30,
            "TP": 2,
            "AP": 0.2810568832005419,
            "recall": 0.0625,
            "precision": 0.6666666666666666,
            "specificity": 0.9975,
            "accuracy": 0.9282407407407407,
            "expected AP": 0.07407407407407407
        }
    }
}
