{
    "TN": 94,
    "FP": 74,
    "FN": 89,
    "TP": 122,
    "AP": 0.63084937146851,
    "recall": 0.5781990521327014,
    "precision": 0.6224489795918368,
    "specificity": 0.5595238095238095,
    "accuracy": 0.5699208443271768,
    "expected AP": 0.5567282321899736,
    "auroc": 0.6255077860528098,
    "balanced accuracy": 0.5688614308282555,
    "adjusted balanced accuracy": 0.13772286165651093
}
