{
    "TN": 1044,
    "FP": 56,
    "FN": 59,
    "TP": 17,
    "AP": 0.1505572189346588,
    "recall": 0.2236842105263158,
    "precision": 0.2328767123287671,
    "specificity": 0.9490909090909091,
    "accuracy": 0.9022108843537415,
    "expected AP": 0.06462585034013606,
    "auroc": 0.6810765550239233,
    "balanced accuracy": 0.5863875598086125,
    "adjusted balanced accuracy": 0.17277511961722491
}
