{
    "TN": 1049,
    "FP": 51,
    "FN": 64,
    "TP": 12,
    "AP": 0.14156840250048647,
    "recall": 0.15789473684210525,
    "precision": 0.19047619047619047,
    "specificity": 0.9536363636363636,
    "accuracy": 0.9022108843537415,
    "expected AP": 0.06462585034013606,
    "auroc": 0.6702631578947369,
    "balanced accuracy": 0.5557655502392345,
    "adjusted balanced accuracy": 0.11153110047846893
}
