{
    "TN": 118,
    "FP": 50,
    "FN": 112,
    "TP": 99,
    "AP": 0.6650220660689953,
    "recall": 0.46919431279620855,
    "precision": 0.6644295302013423,
    "specificity": 0.7023809523809523,
    "accuracy": 0.5725593667546174,
    "expected AP": 0.5567282321899736,
    "auroc": 0.6419120965921914,
    "balanced accuracy": 0.5857876325885805,
    "adjusted balanced accuracy": 0.17157526517716093
}
