{
    "overall": {
        "mAP": 0.4806916269657925,
        "accuracy": 0.47058823529411764,
        "expected mAP": 0.25
    },
    "classwise": {
        "0": {
            "TN": 3999,
            "FP": 5159,
            "FN": 577,
            "TP": 3780,
            "AP": 0.5526331404523737,
            "recall": 0.8675694285058526,
            "precision": 0.422866092404072,
            "specificity": 0.436667394627648,
            "accuracy": 0.5755826859045505,
            "expected AP": 0.3223825379208287
        },
        "1": {
            "TN": 5404,
            "FP": 1737,
            "FN": 4179,
            "TP": 2195,
            "AP": 0.5592182234925458,
            "recall": 0.3443677439598368,
            "precision": 0.5582400813835199,
            "specificity": 0.7567567567567568,
            "accuracy": 0.5622641509433962,
            "expected AP": 0.4716241213466519
        },
        "2": {
            "TN": 11304,
            "FP": 246,
            "FN": 1838,
            "TP": 127,
            "AP": 0.20685538255922556,
            "recall": 0.06463104325699745,
            "precision": 0.34048257372654156,
            "specificity": 0.9787012987012987,
            "accuracy": 0.8458009618941916,
            "expected AP": 0.1453940066592675
        },
        "3": {
            "TN": 12683,
            "FP": 13,
            "FN": 561,
            "TP": 258,
            "AP": 0.6040597613590248,
            "recall": 0.315018315018315,
            "precision": 0.9520295202952029,
            "specificity": 0.9989760554505356,
            "accuracy": 0.9575286718460969,
            "expected AP": 0.060599334073251944
        }
    }
}
