{
    "TN": 117,
    "FP": 51,
    "FN": 114,
    "TP": 97,
    "AP": 0.6637042964040325,
    "recall": 0.4597156398104265,
    "precision": 0.6554054054054054,
    "specificity": 0.6964285714285714,
    "accuracy": 0.5646437994722955,
    "expected AP": 0.5567282321899736,
    "auroc": 0.6475400586774994,
    "balanced accuracy": 0.578072105619499,
    "adjusted balanced accuracy": 0.1561442112389979
}
