{
    "overall": {
        "mAP": 0.48972907803295673,
        "accuracy": 0.4652777777777778,
        "expected mAP": 0.25,
        "balanced accuracy": 0.3304516003679736
    },
    "classwise": {
        "0": {
            "TN": 94,
            "FP": 190,
            "FN": 29,
            "TP": 119,
            "AP": 0.6343742535545098,
            "recall": 0.8040540540540541,
            "precision": 0.3851132686084142,
            "specificity": 0.33098591549295775,
            "accuracy": 0.4930555555555556,
            "expected AP": 0.3425925925925926
        },
        "1": {
            "TN": 185,
            "FP": 34,
            "FN": 136,
            "TP": 77,
            "AP": 0.6901246496722835,
            "recall": 0.3615023474178404,
            "precision": 0.6936936936936937,
            "specificity": 0.8447488584474886,
            "accuracy": 0.6064814814814815,
            "expected AP": 0.4930555555555556
        },
        "2": {
            "TN": 388,
            "FP": 5,
            "FN": 39,
            "TP": 0,
            "AP": 0.20378455968962683,
            "recall": 0.0,
            "precision": 0.0,
            "specificity": 0.9872773536895675,
            "accuracy": 0.8981481481481481,
            "expected AP": 0.09027777777777778
        },
        "3": {
            "TN": 398,
            "FP": 2,
            "FN": 27,
            "TP": 5,
            "AP": 0.43063284921540673,
            "recall": 0.15625,
            "precision": 0.7142857142857143,
            "specificity": 0.995,
            "accuracy": 0.9328703703703703,
            "expected AP": 0.07407407407407407
        }
    }
}
