{
    "overall": {
        "mAP": 0.4940570080400025,
        "accuracy": 0.5049204587495375,
        "expected mAP": 0.25
    },
    "classwise": {
        "0": {
            "TN": 4755,
            "FP": 4403,
            "FN": 756,
            "TP": 3601,
            "AP": 0.5822826576919171,
            "recall": 0.8264861142988295,
            "precision": 0.4499000499750125,
            "specificity": 0.519218169906093,
            "accuracy": 0.6182759896411395,
            "expected AP": 0.3223825379208287
        },
        "1": {
            "TN": 5102,
            "FP": 2039,
            "FN": 3524,
            "TP": 2850,
            "AP": 0.5623101173382743,
            "recall": 0.4471289614057107,
            "precision": 0.5829412967887093,
            "specificity": 0.7144657610978854,
            "accuracy": 0.5883832778394377,
            "expected AP": 0.4716241213466519
        },
        "2": {
            "TN": 11311,
            "FP": 239,
            "FN": 1857,
            "TP": 108,
            "AP": 0.19399704556710068,
            "recall": 0.0549618320610687,
            "precision": 0.3112391930835735,
            "specificity": 0.9793073593073593,
            "accuracy": 0.844913059563448,
            "expected AP": 0.1453940066592675
        },
        "3": {
            "TN": 12686,
            "FP": 10,
            "FN": 554,
            "TP": 265,
            "AP": 0.637638211562718,
            "recall": 0.3235653235653236,
            "precision": 0.9636363636363636,
            "specificity": 0.9992123503465659,
            "accuracy": 0.95826859045505,
            "expected AP": 0.060599334073251944
        }
    }
}
