{
    "TN": 980,
    "FP": 32,
    "FN": 66,
    "TP": 9,
    "AP": 0.15874018195824602,
    "recall": 0.12,
    "precision": 0.21951219512195122,
    "specificity": 0.9683794466403162,
    "accuracy": 0.9098436062557498,
    "expected AP": 0.06899724011039558,
    "auroc": 0.5773122529644268,
    "balanced accuracy": 0.544189723320158,
    "adjusted balanced accuracy": 0.08837944664031605
}
