{
    "TN": 116,
    "FP": 52,
    "FN": 111,
    "TP": 100,
    "AP": 0.656588099252861,
    "recall": 0.47393364928909953,
    "precision": 0.6578947368421053,
    "specificity": 0.6904761904761905,
    "accuracy": 0.5699208443271768,
    "expected AP": 0.5567282321899736,
    "auroc": 0.6347184608440533,
    "balanced accuracy": 0.582204919882645,
    "adjusted balanced accuracy": 0.16440983976529
}
