{
    "TN": 131,
    "FP": 37,
    "FN": 145,
    "TP": 66,
    "AP": 0.6560182679556583,
    "recall": 0.3127962085308057,
    "precision": 0.6407766990291263,
    "specificity": 0.7797619047619048,
    "accuracy": 0.5197889182058048,
    "expected AP": 0.5567282321899736,
    "auroc": 0.6368483412322274,
    "balanced accuracy": 0.5462790566463552,
    "adjusted balanced accuracy": 0.09255811329271046
}
