{
    "overall": {
        "mAP": 0.47085566549163327,
        "accuracy": 0.4332552693208431,
        "expected mAP": 0.25,
        "balanced accuracy": 0.3387226512226512,
        "adjusted balanced accuracy": 0.1182968682968683
    },
    "classwise": {
        "0": {
            "TN": 84,
            "FP": 195,
            "FN": 25,
            "TP": 123,
            "AP": 0.4894617877190287,
            "recall": 0.831081081081081,
            "precision": 0.3867924528301887,
            "specificity": 0.3010752688172043,
            "accuracy": 0.4847775175644028,
            "expected AP": 0.34660421545667447
        },
        "1": {
            "TN": 179,
            "FP": 38,
            "FN": 156,
            "TP": 54,
            "AP": 0.5787395830025301,
            "recall": 0.2571428571428571,
            "precision": 0.5869565217391305,
            "specificity": 0.8248847926267281,
            "accuracy": 0.5456674473067916,
            "expected AP": 0.4918032786885246
        },
        "2": {
            "TN": 380,
            "FP": 8,
            "FN": 39,
            "TP": 0,
            "AP": 0.09994552609782881,
            "recall": 0.0,
            "precision": 0.0,
            "specificity": 0.979381443298969,
            "accuracy": 0.8899297423887588,
            "expected AP": 0.09133489461358314
        },
        "3": {
            "TN": 396,
            "FP": 1,
            "FN": 22,
            "TP": 8,
            "AP": 0.7152757651471452,
            "recall": 0.26666666666666666,
            "precision": 0.8888888888888888,
            "specificity": 0.9974811083123426,
            "accuracy": 0.9461358313817331,
            "expected AP": 0.0702576112412178
        }
    }
}
