{
    "overall": {
        "mAP": 0.4525681391226577,
        "accuracy": 0.41920374707259955,
        "expected mAP": 0.25,
        "balanced accuracy": 0.33407335907335906,
        "adjusted balanced accuracy": 0.11209781209781207
    },
    "classwise": {
        "0": {
            "TN": 70,
            "FP": 209,
            "FN": 20,
            "TP": 128,
            "AP": 0.462819368958456,
            "recall": 0.8648648648648649,
            "precision": 0.3798219584569733,
            "specificity": 0.25089605734767023,
            "accuracy": 0.4637002341920375,
            "expected AP": 0.34660421545667447
        },
        "1": {
            "TN": 183,
            "FP": 34,
            "FN": 167,
            "TP": 43,
            "AP": 0.5627707575671834,
            "recall": 0.20476190476190476,
            "precision": 0.5584415584415584,
            "specificity": 0.8433179723502304,
            "accuracy": 0.5292740046838408,
            "expected AP": 0.4918032786885246
        },
        "2": {
            "TN": 383,
            "FP": 5,
            "FN": 39,
            "TP": 0,
            "AP": 0.1212472069832588,
            "recall": 0.0,
            "precision": 0.0,
            "specificity": 0.9871134020618557,
            "accuracy": 0.8969555035128806,
            "expected AP": 0.09133489461358314
        },
        "3": {
            "TN": 397,
            "FP": 0,
            "FN": 22,
            "TP": 8,
            "AP": 0.6634352229817325,
            "recall": 0.26666666666666666,
            "precision": 1.0,
            "specificity": 1.0,
            "accuracy": 0.9484777517564403,
            "expected AP": 0.0702576112412178
        }
    }
}
