{
    "overall": {
        "mAP": 0.48011407266920303,
        "accuracy": 0.5127635960044395,
        "expected mAP": 0.25
    },
    "classwise": {
        "0": {
            "TN": 4934,
            "FP": 4224,
            "FN": 968,
            "TP": 3389,
            "AP": 0.5788770461276378,
            "recall": 0.7778287812715171,
            "precision": 0.4451595954288717,
            "specificity": 0.5387639222537672,
            "accuracy": 0.6158342582315945,
            "expected AP": 0.3223825379208287
        },
        "1": {
            "TN": 5004,
            "FP": 2137,
            "FN": 3177,
            "TP": 3197,
            "AP": 0.5717166933802249,
            "recall": 0.501568873548792,
            "precision": 0.5993625796775403,
            "specificity": 0.7007421929701723,
            "accuracy": 0.6068072512023678,
            "expected AP": 0.4716241213466519
        },
        "2": {
            "TN": 11341,
            "FP": 209,
            "FN": 1890,
            "TP": 75,
            "AP": 0.1712526931565788,
            "recall": 0.03816793893129771,
            "precision": 0.2640845070422535,
            "specificity": 0.981904761904762,
            "accuracy": 0.8446910839807621,
            "expected AP": 0.1453940066592675
        },
        "3": {
            "TN": 12681,
            "FP": 15,
            "FN": 550,
            "TP": 269,
            "AP": 0.5986098580123708,
            "recall": 0.32844932844932845,
            "precision": 0.9471830985915493,
            "specificity": 0.9988185255198487,
            "accuracy": 0.9581945985941547,
            "expected AP": 0.060599334073251944
        }
    }
}
