{
    "overall": {
        "mAP": 0.42346968552827996,
        "accuracy": 0.6031594064145525,
        "expected mAP": 0.25,
        "balanced accuracy": 0.4299603339768161,
        "adjusted balanced accuracy": 0.23994711196908813
    },
    "classwise": {
        "0": {
            "TN": 479,
            "FP": 145,
            "FN": 449,
            "TP": 1016,
            "AP": 0.9083314205531747,
            "recall": 0.6935153583617747,
            "precision": 0.8751076658053403,
            "specificity": 0.7676282051282052,
            "accuracy": 0.7156534226902824,
            "expected AP": 0.7012924844423168
        },
        "1": {
            "TN": 1142,
            "FP": 569,
            "FN": 156,
            "TP": 222,
            "AP": 0.26908942356651505,
            "recall": 0.5873015873015873,
            "precision": 0.2806573957016435,
            "specificity": 0.6674459380479252,
            "accuracy": 0.6529439923408329,
            "expected AP": 0.18094782192436573
        },
        "2": {
            "TN": 1869,
            "FP": 15,
            "FN": 200,
            "TP": 5,
            "AP": 0.3055785629712493,
            "recall": 0.024390243902439025,
            "precision": 0.25,
            "specificity": 0.9920382165605095,
            "accuracy": 0.897079942556247,
            "expected AP": 0.09813307802776448
        },
        "3": {
            "TN": 1948,
            "FP": 100,
            "FN": 24,
            "TP": 17,
            "AP": 0.21087933502218065,
            "recall": 0.4146341463414634,
            "precision": 0.1452991452991453,
            "specificity": 0.951171875,
            "accuracy": 0.9406414552417425,
            "expected AP": 0.019626615605552896
        }
    }
}
