{
    "overall": {
        "mAP": 0.4811345733225785,
        "accuracy": 0.42857142857142855,
        "expected mAP": 0.25,
        "balanced accuracy": 0.34946911196911196,
        "adjusted balanced accuracy": 0.1326254826254826
    },
    "classwise": {
        "0": {
            "TN": 64,
            "FP": 215,
            "FN": 13,
            "TP": 135,
            "AP": 0.48671399009620264,
            "recall": 0.9121621621621622,
            "precision": 0.38571428571428573,
            "specificity": 0.22939068100358423,
            "accuracy": 0.46604215456674475,
            "expected AP": 0.34660421545667447
        },
        "1": {
            "TN": 194,
            "FP": 23,
            "FN": 171,
            "TP": 39,
            "AP": 0.5757321879080723,
            "recall": 0.18571428571428572,
            "precision": 0.6290322580645161,
            "specificity": 0.8940092165898618,
            "accuracy": 0.5456674473067916,
            "expected AP": 0.4918032786885246
        },
        "2": {
            "TN": 383,
            "FP": 5,
            "FN": 39,
            "TP": 0,
            "AP": 0.13389356160221363,
            "recall": 0.0,
            "precision": 0.0,
            "specificity": 0.9871134020618557,
            "accuracy": 0.8969555035128806,
            "expected AP": 0.09133489461358314
        },
        "3": {
            "TN": 396,
            "FP": 1,
            "FN": 21,
            "TP": 9,
            "AP": 0.7281985536838255,
            "recall": 0.3,
            "precision": 0.9,
            "specificity": 0.9974811083123426,
            "accuracy": 0.9484777517564403,
            "expected AP": 0.0702576112412178
        }
    }
}
