{
    "overall": {
        "mAP": 0.4939323273815531,
        "accuracy": 0.5149093599704032,
        "expected mAP": 0.25
    },
    "classwise": {
        "0": {
            "TN": 4895,
            "FP": 4263,
            "FN": 849,
            "TP": 3508,
            "AP": 0.579273791656731,
            "recall": 0.8051411521689236,
            "precision": 0.4514219534165487,
            "specificity": 0.5345053505132125,
            "accuracy": 0.6217536071032187,
            "expected AP": 0.3223825379208287
        },
        "1": {
            "TN": 5022,
            "FP": 2119,
            "FN": 3321,
            "TP": 3053,
            "AP": 0.5726200861527064,
            "recall": 0.47897709444618763,
            "precision": 0.5902938901778809,
            "specificity": 0.7032628483405685,
            "accuracy": 0.5974842767295597,
            "expected AP": 0.4716241213466519
        },
        "2": {
            "TN": 11397,
            "FP": 153,
            "FN": 1879,
            "TP": 86,
            "AP": 0.20487493710922455,
            "recall": 0.04376590330788804,
            "precision": 0.3598326359832636,
            "specificity": 0.9867532467532467,
            "accuracy": 0.8496485386607473,
            "expected AP": 0.1453940066592675
        },
        "3": {
            "TN": 12675,
            "FP": 21,
            "FN": 507,
            "TP": 312,
            "AP": 0.6189604946075505,
            "recall": 0.38095238095238093,
            "precision": 0.9369369369369369,
            "specificity": 0.9983459357277883,
            "accuracy": 0.9609322974472808,
            "expected AP": 0.060599334073251944
        }
    }
}
