{
    "overall": {
        "mAP": 0.4800730408482977,
        "accuracy": 0.4238875878220141,
        "expected mAP": 0.25,
        "balanced accuracy": 0.33230373230373234,
        "adjusted balanced accuracy": 0.10973830973830978
    },
    "classwise": {
        "0": {
            "TN": 65,
            "FP": 214,
            "FN": 14,
            "TP": 134,
            "AP": 0.5000316955599948,
            "recall": 0.9054054054054054,
            "precision": 0.3850574712643678,
            "specificity": 0.23297491039426524,
            "accuracy": 0.46604215456674475,
            "expected AP": 0.34660421545667447
        },
        "1": {
            "TN": 190,
            "FP": 27,
            "FN": 170,
            "TP": 40,
            "AP": 0.5815420011973368,
            "recall": 0.19047619047619047,
            "precision": 0.5970149253731343,
            "specificity": 0.8755760368663594,
            "accuracy": 0.5386416861826698,
            "expected AP": 0.4918032786885246
        },
        "2": {
            "TN": 383,
            "FP": 5,
            "FN": 39,
            "TP": 0,
            "AP": 0.13010314888890667,
            "recall": 0.0,
            "precision": 0.0,
            "specificity": 0.9871134020618557,
            "accuracy": 0.8969555035128806,
            "expected AP": 0.09133489461358314
        },
        "3": {
            "TN": 397,
            "FP": 0,
            "FN": 23,
            "TP": 7,
            "AP": 0.7086153177469527,
            "recall": 0.23333333333333334,
            "precision": 1.0,
            "specificity": 1.0,
            "accuracy": 0.9461358313817331,
            "expected AP": 0.0702576112412178
        }
    }
}
