{
    "TN": 381,
    "FP": 13,
    "FN": 32,
    "TP": 1,
    "AP": 0.11055662969230227,
    "recall": 0.030303030303030304,
    "precision": 0.07142857142857142,
    "specificity": 0.9670050761421319,
    "accuracy": 0.8946135831381733,
    "expected AP": 0.07728337236533958,
    "auroc": 0.594370096908168,
    "balanced accuracy": 0.4986540532225811,
    "adjusted balanced accuracy": -0.0026918935548377876
}
