{
    "TN": 379,
    "FP": 15,
    "FN": 28,
    "TP": 5,
    "AP": 0.20160922648446272,
    "recall": 0.15151515151515152,
    "precision": 0.25,
    "specificity": 0.9619289340101523,
    "accuracy": 0.8992974238875878,
    "expected AP": 0.07728337236533958,
    "auroc": 0.6865866789724658,
    "balanced accuracy": 0.5567220427626519,
    "adjusted balanced accuracy": 0.11344408552530383
}
