{
    "overall": {
        "mAP": 0.4929695237783396,
        "accuracy": 0.42857142857142855,
        "expected mAP": 0.25,
        "balanced accuracy": 0.3346846846846847,
        "adjusted balanced accuracy": 0.11291291291291294
    },
    "classwise": {
        "0": {
            "TN": 65,
            "FP": 214,
            "FN": 14,
            "TP": 134,
            "AP": 0.5069564077150954,
            "recall": 0.9054054054054054,
            "precision": 0.3850574712643678,
            "specificity": 0.23297491039426524,
            "accuracy": 0.46604215456674475,
            "expected AP": 0.34660421545667447
        },
        "1": {
            "TN": 194,
            "FP": 23,
            "FN": 168,
            "TP": 42,
            "AP": 0.5814934613718331,
            "recall": 0.2,
            "precision": 0.6461538461538462,
            "specificity": 0.8940092165898618,
            "accuracy": 0.5526932084309133,
            "expected AP": 0.4918032786885246
        },
        "2": {
            "TN": 382,
            "FP": 6,
            "FN": 39,
            "TP": 0,
            "AP": 0.1269502003471677,
            "recall": 0.0,
            "precision": 0.0,
            "specificity": 0.9845360824742269,
            "accuracy": 0.8946135831381733,
            "expected AP": 0.09133489461358314
        },
        "3": {
            "TN": 396,
            "FP": 1,
            "FN": 23,
            "TP": 7,
            "AP": 0.7564780256792621,
            "recall": 0.23333333333333334,
            "precision": 0.875,
            "specificity": 0.9974811083123426,
            "accuracy": 0.9437939110070258,
            "expected AP": 0.0702576112412178
        }
    }
}
