{
    "overall": {
        "mAP": 0.4743008927471382,
        "accuracy": 0.41920374707259955,
        "expected mAP": 0.25,
        "balanced accuracy": 0.3356412731412731,
        "adjusted balanced accuracy": 0.11418836418836416
    },
    "classwise": {
        "0": {
            "TN": 60,
            "FP": 219,
            "FN": 13,
            "TP": 135,
            "AP": 0.4927915374788207,
            "recall": 0.9121621621621622,
            "precision": 0.3813559322033898,
            "specificity": 0.21505376344086022,
            "accuracy": 0.4566744730679157,
            "expected AP": 0.34660421545667447
        },
        "1": {
            "TN": 194,
            "FP": 23,
            "FN": 174,
            "TP": 36,
            "AP": 0.5714675666149011,
            "recall": 0.17142857142857143,
            "precision": 0.6101694915254238,
            "specificity": 0.8940092165898618,
            "accuracy": 0.5386416861826698,
            "expected AP": 0.4918032786885246
        },
        "2": {
            "TN": 383,
            "FP": 5,
            "FN": 38,
            "TP": 1,
            "AP": 0.13731218830231973,
            "recall": 0.02564102564102564,
            "precision": 0.16666666666666666,
            "specificity": 0.9871134020618557,
            "accuracy": 0.8992974238875878,
            "expected AP": 0.09133489461358314
        },
        "3": {
            "TN": 396,
            "FP": 1,
            "FN": 23,
            "TP": 7,
            "AP": 0.6956322785925113,
            "recall": 0.23333333333333334,
            "precision": 0.875,
            "specificity": 0.9974811083123426,
            "accuracy": 0.9437939110070258,
            "expected AP": 0.0702576112412178
        }
    }
}
