{
    "overall": {
        "mAP": 0.49618889378962217,
        "accuracy": 0.4722222222222222,
        "expected mAP": 0.25,
        "balanced accuracy": 0.32939585712473035
    },
    "classwise": {
        "0": {
            "TN": 87,
            "FP": 197,
            "FN": 25,
            "TP": 123,
            "AP": 0.6195575126782481,
            "recall": 0.831081081081081,
            "precision": 0.384375,
            "specificity": 0.30633802816901406,
            "accuracy": 0.4861111111111111,
            "expected AP": 0.3425925925925926
        },
        "1": {
            "TN": 188,
            "FP": 31,
            "FN": 136,
            "TP": 77,
            "AP": 0.6883834896571724,
            "recall": 0.3615023474178404,
            "precision": 0.7129629629629629,
            "specificity": 0.8584474885844748,
            "accuracy": 0.6134259259259259,
            "expected AP": 0.4930555555555556
        },
        "2": {
            "TN": 393,
            "FP": 0,
            "FN": 39,
            "TP": 0,
            "AP": 0.09057096374237114,
            "recall": 0.0,
            "precision": 0.0,
            "specificity": 1.0,
            "accuracy": 0.9097222222222222,
            "expected AP": 0.09027777777777778
        },
        "3": {
            "TN": 400,
            "FP": 0,
            "FN": 28,
            "TP": 4,
            "AP": 0.5862436090806972,
            "recall": 0.125,
            "precision": 1.0,
            "specificity": 1.0,
            "accuracy": 0.9351851851851852,
            "expected AP": 0.07407407407407407
        }
    }
}
