{
    "TN": 913,
    "FP": 33,
    "FN": 65,
    "TP": 7,
    "AP": 0.11499522396358779,
    "recall": 0.09722222222222222,
    "precision": 0.175,
    "specificity": 0.9651162790697675,
    "accuracy": 0.9037328094302554,
    "expected AP": 0.07072691552062868,
    "auroc": 0.6372665609584214,
    "balanced accuracy": 0.5311692506459949,
    "adjusted balanced accuracy": 0.0623385012919897
}
