{
    "TN": 114,
    "FP": 54,
    "FN": 114,
    "TP": 97,
    "AP": 0.6442405941459365,
    "recall": 0.4597156398104265,
    "precision": 0.6423841059602649,
    "specificity": 0.6785714285714286,
    "accuracy": 0.5567282321899736,
    "expected AP": 0.5567282321899736,
    "auroc": 0.6268900925299029,
    "balanced accuracy": 0.5691435341909276,
    "adjusted balanced accuracy": 0.13828706838185512
}
