{
    "TN": 123,
    "FP": 45,
    "FN": 118,
    "TP": 93,
    "AP": 0.6680866331281452,
    "recall": 0.44075829383886256,
    "precision": 0.6739130434782609,
    "specificity": 0.7321428571428571,
    "accuracy": 0.5699208443271768,
    "expected AP": 0.5567282321899736,
    "auroc": 0.6400078988941549,
    "balanced accuracy": 0.5864505754908598,
    "adjusted balanced accuracy": 0.17290115098171954
}
