{
    "overall": {
        "mAP": 0.45655153859052056,
        "accuracy": 0.5231481481481481,
        "expected mAP": 0.25,
        "balanced accuracy": 0.3331767066362137
    },
    "classwise": {
        "0": {
            "TN": 171,
            "FP": 113,
            "FN": 42,
            "TP": 106,
            "AP": 0.6913174650009812,
            "recall": 0.7162162162162162,
            "precision": 0.4840182648401826,
            "specificity": 0.602112676056338,
            "accuracy": 0.6412037037037037,
            "expected AP": 0.3425925925925926
        },
        "1": {
            "TN": 142,
            "FP": 77,
            "FN": 95,
            "TP": 118,
            "AP": 0.6970439222977505,
            "recall": 0.5539906103286385,
            "precision": 0.6051282051282051,
            "specificity": 0.6484018264840182,
            "accuracy": 0.6018518518518519,
            "expected AP": 0.4930555555555556
        },
        "2": {
            "TN": 378,
            "FP": 15,
            "FN": 39,
            "TP": 0,
            "AP": 0.15904720565408229,
            "recall": 0.0,
            "precision": 0.0,
            "specificity": 0.9618320610687023,
            "accuracy": 0.875,
            "expected AP": 0.09027777777777778
        },
        "3": {
            "TN": 399,
            "FP": 1,
            "FN": 30,
            "TP": 2,
            "AP": 0.27879756140926815,
            "recall": 0.0625,
            "precision": 0.6666666666666666,
            "specificity": 0.9975,
            "accuracy": 0.9282407407407407,
            "expected AP": 0.07407407407407407
        }
    }
}
