{
    "overall": {
        "mAP": 0.4819624228830073,
        "accuracy": 0.47266000739918607,
        "expected mAP": 0.25
    },
    "classwise": {
        "0": {
            "TN": 3980,
            "FP": 5178,
            "FN": 682,
            "TP": 3675,
            "AP": 0.57818586019358,
            "recall": 0.8434702777140234,
            "precision": 0.4151135208403931,
            "specificity": 0.4345927058309675,
            "accuracy": 0.5664076951535331,
            "expected AP": 0.3223825379208287
        },
        "1": {
            "TN": 5572,
            "FP": 1569,
            "FN": 4021,
            "TP": 2353,
            "AP": 0.5787586206614266,
            "recall": 0.3691559460307499,
            "precision": 0.5999490056093829,
            "specificity": 0.7802828735471222,
            "accuracy": 0.5863854975952645,
            "expected AP": 0.4716241213466519
        },
        "2": {
            "TN": 11228,
            "FP": 322,
            "FN": 1852,
            "TP": 113,
            "AP": 0.2168646665273939,
            "recall": 0.05750636132315522,
            "precision": 0.2597701149425287,
            "specificity": 0.9721212121212122,
            "accuracy": 0.8391416944136145,
            "expected AP": 0.1453940066592675
        },
        "3": {
            "TN": 12638,
            "FP": 58,
            "FN": 572,
            "TP": 247,
            "AP": 0.5540405441496287,
            "recall": 0.30158730158730157,
            "precision": 0.8098360655737705,
            "specificity": 0.9954316320100819,
            "accuracy": 0.9533851276359601,
            "expected AP": 0.060599334073251944
        }
    }
}
