{
    "overall": {
        "mAP": 0.4688094327685626,
        "accuracy": 0.41920374707259955,
        "expected mAP": 0.25,
        "balanced accuracy": 0.3422136422136422,
        "adjusted balanced accuracy": 0.12295152295152294
    },
    "classwise": {
        "0": {
            "TN": 65,
            "FP": 214,
            "FN": 18,
            "TP": 130,
            "AP": 0.48433770655164565,
            "recall": 0.8783783783783784,
            "precision": 0.37790697674418605,
            "specificity": 0.23297491039426524,
            "accuracy": 0.4566744730679157,
            "expected AP": 0.34660421545667447
        },
        "1": {
            "TN": 188,
            "FP": 29,
            "FN": 170,
            "TP": 40,
            "AP": 0.57383195117342,
            "recall": 0.19047619047619047,
            "precision": 0.5797101449275363,
            "specificity": 0.8663594470046083,
            "accuracy": 0.5339578454332553,
            "expected AP": 0.4918032786885246
        },
        "2": {
            "TN": 383,
            "FP": 5,
            "FN": 39,
            "TP": 0,
            "AP": 0.13301833172770175,
            "recall": 0.0,
            "precision": 0.0,
            "specificity": 0.9871134020618557,
            "accuracy": 0.8969555035128806,
            "expected AP": 0.09133489461358314
        },
        "3": {
            "TN": 397,
            "FP": 0,
            "FN": 21,
            "TP": 9,
            "AP": 0.6840497416214828,
            "recall": 0.3,
            "precision": 1.0,
            "specificity": 1.0,
            "accuracy": 0.9508196721311475,
            "expected AP": 0.0702576112412178
        }
    }
}
