{
    "overall": {
        "mAP": 0.45637605257485747,
        "accuracy": 0.5162037037037037,
        "expected mAP": 0.25,
        "balanced accuracy": 0.33171750095165586
    },
    "classwise": {
        "0": {
            "TN": 162,
            "FP": 122,
            "FN": 38,
            "TP": 110,
            "AP": 0.6563714165611381,
            "recall": 0.7432432432432432,
            "precision": 0.47413793103448276,
            "specificity": 0.5704225352112676,
            "accuracy": 0.6296296296296297,
            "expected AP": 0.3425925925925926
        },
        "1": {
            "TN": 149,
            "FP": 70,
            "FN": 102,
            "TP": 111,
            "AP": 0.685271133876359,
            "recall": 0.5211267605633803,
            "precision": 0.6132596685082873,
            "specificity": 0.680365296803653,
            "accuracy": 0.6018518518518519,
            "expected AP": 0.4930555555555556
        },
        "2": {
            "TN": 377,
            "FP": 16,
            "FN": 39,
            "TP": 0,
            "AP": 0.16275627756886882,
            "recall": 0.0,
            "precision": 0.0,
            "specificity": 0.9592875318066157,
            "accuracy": 0.8726851851851852,
            "expected AP": 0.09027777777777778
        },
        "3": {
            "TN": 399,
            "FP": 1,
            "FN": 30,
            "TP": 2,
            "AP": 0.32110538229306373,
            "recall": 0.0625,
            "precision": 0.6666666666666666,
            "specificity": 0.9975,
            "accuracy": 0.9282407407407407,
            "expected AP": 0.07407407407407407
        }
    }
}
