{
    "TN": 387,
    "FP": 7,
    "FN": 27,
    "TP": 6,
    "AP": 0.21816095599573218,
    "recall": 0.18181818181818182,
    "precision": 0.46153846153846156,
    "specificity": 0.9822335025380711,
    "accuracy": 0.9203747072599532,
    "expected AP": 0.07728337236533958,
    "auroc": 0.6724734656206738,
    "balanced accuracy": 0.5820258421781265,
    "adjusted balanced accuracy": 0.16405168435625295
}
