{
    "TN": 113,
    "FP": 55,
    "FN": 118,
    "TP": 93,
    "AP": 0.643185148134614,
    "recall": 0.44075829383886256,
    "precision": 0.6283783783783784,
    "specificity": 0.6726190476190477,
    "accuracy": 0.5435356200527705,
    "expected AP": 0.5567282321899736,
    "auroc": 0.6201478221620401,
    "balanced accuracy": 0.5566886707289551,
    "adjusted balanced accuracy": 0.11337734145791023
}
