{
    "overall": {
        "mAP": 0.45905332637546703,
        "accuracy": 0.5992835209825998,
        "expected mAP": 0.25,
        "balanced accuracy": 0.4310260097026402,
        "adjusted balanced accuracy": 0.24136801293685362
    },
    "classwise": {
        "0": {
            "TN": 523,
            "FP": 245,
            "FN": 262,
            "TP": 924,
            "AP": 0.8806347300769541,
            "recall": 0.7790893760539629,
            "precision": 0.7904191616766467,
            "specificity": 0.6809895833333334,
            "accuracy": 0.740532241555783,
            "expected AP": 0.6069600818833163
        },
        "1": {
            "TN": 1139,
            "FP": 443,
            "FN": 167,
            "TP": 205,
            "AP": 0.32267611749065667,
            "recall": 0.5510752688172043,
            "precision": 0.31635802469135804,
            "specificity": 0.7199747155499368,
            "accuracy": 0.6878198567041965,
            "expected AP": 0.19037871033776868
        },
        "2": {
            "TN": 1598,
            "FP": 26,
            "FN": 310,
            "TP": 20,
            "AP": 0.36158974883448436,
            "recall": 0.06060606060606061,
            "precision": 0.43478260869565216,
            "specificity": 0.9839901477832512,
            "accuracy": 0.8280450358239508,
            "expected AP": 0.16888433981576254
        },
        "3": {
            "TN": 1819,
            "FP": 69,
            "FN": 44,
            "TP": 22,
            "AP": 0.271312709099773,
            "recall": 0.3333333333333333,
            "precision": 0.24175824175824176,
            "specificity": 0.9634533898305084,
            "accuracy": 0.9421699078812692,
            "expected AP": 0.033776867963152504
        }
    }
}
