{
    "overall": {
        "mAP": 0.4629286099765483,
        "accuracy": 0.41920374707259955,
        "expected mAP": 0.25,
        "balanced accuracy": 0.337065637065637,
        "adjusted balanced accuracy": 0.11608751608751604
    },
    "classwise": {
        "0": {
            "TN": 62,
            "FP": 217,
            "FN": 14,
            "TP": 134,
            "AP": 0.46379704184246673,
            "recall": 0.9054054054054054,
            "precision": 0.3817663817663818,
            "specificity": 0.2222222222222222,
            "accuracy": 0.45901639344262296,
            "expected AP": 0.34660421545667447
        },
        "1": {
            "TN": 191,
            "FP": 26,
            "FN": 173,
            "TP": 37,
            "AP": 0.5782251423119599,
            "recall": 0.1761904761904762,
            "precision": 0.5873015873015873,
            "specificity": 0.880184331797235,
            "accuracy": 0.5339578454332553,
            "expected AP": 0.4918032786885246
        },
        "2": {
            "TN": 383,
            "FP": 5,
            "FN": 39,
            "TP": 0,
            "AP": 0.11462107705738,
            "recall": 0.0,
            "precision": 0.0,
            "specificity": 0.9871134020618557,
            "accuracy": 0.8969555035128806,
            "expected AP": 0.09133489461358314
        },
        "3": {
            "TN": 397,
            "FP": 0,
            "FN": 22,
            "TP": 8,
            "AP": 0.6950711786943865,
            "recall": 0.26666666666666666,
            "precision": 1.0,
            "specificity": 1.0,
            "accuracy": 0.9484777517564403,
            "expected AP": 0.0702576112412178
        }
    }
}
