{
    "TN": 130,
    "FP": 38,
    "FN": 146,
    "TP": 65,
    "AP": 0.7063557776178843,
    "recall": 0.3080568720379147,
    "precision": 0.6310679611650486,
    "specificity": 0.7738095238095238,
    "accuracy": 0.5145118733509235,
    "expected AP": 0.5567282321899736,
    "auroc": 0.649119837508463,
    "balanced accuracy": 0.5409331979237193,
    "adjusted balanced accuracy": 0.0818663958474386
}
