{
    "TN": 115,
    "FP": 53,
    "FN": 111,
    "TP": 100,
    "AP": 0.6543112394243411,
    "recall": 0.47393364928909953,
    "precision": 0.6535947712418301,
    "specificity": 0.6845238095238095,
    "accuracy": 0.5672823218997362,
    "expected AP": 0.5567282321899736,
    "auroc": 0.624252426088919,
    "balanced accuracy": 0.5792287294064545,
    "adjusted balanced accuracy": 0.15845745881290907
}
