{
    "overall": {
        "mAP": 0.46734691224040226,
        "accuracy": 0.4262295081967213,
        "expected mAP": 0.25,
        "balanced accuracy": 0.3472812097812098,
        "adjusted balanced accuracy": 0.12970827970827972
    },
    "classwise": {
        "0": {
            "TN": 64,
            "FP": 215,
            "FN": 15,
            "TP": 133,
            "AP": 0.48697556027117794,
            "recall": 0.8986486486486487,
            "precision": 0.382183908045977,
            "specificity": 0.22939068100358423,
            "accuracy": 0.4613583138173302,
            "expected AP": 0.34660421545667447
        },
        "1": {
            "TN": 194,
            "FP": 23,
            "FN": 170,
            "TP": 40,
            "AP": 0.5851086892022008,
            "recall": 0.19047619047619047,
            "precision": 0.6349206349206349,
            "specificity": 0.8940092165898618,
            "accuracy": 0.5480093676814989,
            "expected AP": 0.4918032786885246
        },
        "2": {
            "TN": 383,
            "FP": 5,
            "FN": 39,
            "TP": 0,
            "AP": 0.12565449174337678,
            "recall": 0.0,
            "precision": 0.0,
            "specificity": 0.9871134020618557,
            "accuracy": 0.8969555035128806,
            "expected AP": 0.09133489461358314
        },
        "3": {
            "TN": 395,
            "FP": 2,
            "FN": 21,
            "TP": 9,
            "AP": 0.6716489077448536,
            "recall": 0.3,
            "precision": 0.8181818181818182,
            "specificity": 0.9949622166246851,
            "accuracy": 0.9461358313817331,
            "expected AP": 0.0702576112412178
        }
    }
}
