{
    "overall": {
        "mAP": 0.4830847171999686,
        "accuracy": 0.49004809470958194,
        "expected mAP": 0.25
    },
    "classwise": {
        "0": {
            "TN": 4482,
            "FP": 4676,
            "FN": 802,
            "TP": 3555,
            "AP": 0.5569454874002482,
            "recall": 0.81592839109479,
            "precision": 0.4319037783987365,
            "specificity": 0.4894081677222101,
            "accuracy": 0.5946725860155383,
            "expected AP": 0.3223825379208287
        },
        "1": {
            "TN": 5189,
            "FP": 1952,
            "FN": 3679,
            "TP": 2695,
            "AP": 0.5613029999494817,
            "recall": 0.4228114213994352,
            "precision": 0.5799440499246826,
            "specificity": 0.7266489287214676,
            "accuracy": 0.5833518312985572,
            "expected AP": 0.4716241213466519
        },
        "2": {
            "TN": 11297,
            "FP": 253,
            "FN": 1840,
            "TP": 125,
            "AP": 0.18709667518768563,
            "recall": 0.06361323155216285,
            "precision": 0.3306878306878307,
            "specificity": 0.9780952380952381,
            "accuracy": 0.845135035146134,
            "expected AP": 0.1453940066592675
        },
        "3": {
            "TN": 12685,
            "FP": 11,
            "FN": 571,
            "TP": 248,
            "AP": 0.6269937062624589,
            "recall": 0.3028083028083028,
            "precision": 0.9575289575289575,
            "specificity": 0.9991335853812224,
            "accuracy": 0.9569367369589346,
            "expected AP": 0.060599334073251944
        }
    }
}
