{
    "overall": {
        "mAP": 0.4602084389240019,
        "accuracy": 0.5208333333333334,
        "expected mAP": 0.25,
        "balanced accuracy": 0.3335494385230301
    },
    "classwise": {
        "0": {
            "TN": 165,
            "FP": 119,
            "FN": 39,
            "TP": 109,
            "AP": 0.7039499289576354,
            "recall": 0.7364864864864865,
            "precision": 0.4780701754385965,
            "specificity": 0.5809859154929577,
            "accuracy": 0.6342592592592593,
            "expected AP": 0.3425925925925926
        },
        "1": {
            "TN": 149,
            "FP": 70,
            "FN": 99,
            "TP": 114,
            "AP": 0.6922640247761622,
            "recall": 0.5352112676056338,
            "precision": 0.6195652173913043,
            "specificity": 0.680365296803653,
            "accuracy": 0.6087962962962963,
            "expected AP": 0.4930555555555556
        },
        "2": {
            "TN": 376,
            "FP": 17,
            "FN": 39,
            "TP": 0,
            "AP": 0.16262513652493987,
            "recall": 0.0,
            "precision": 0.0,
            "specificity": 0.9567430025445293,
            "accuracy": 0.8703703703703703,
            "expected AP": 0.09027777777777778
        },
        "3": {
            "TN": 399,
            "FP": 1,
            "FN": 30,
            "TP": 2,
            "AP": 0.28199466543727003,
            "recall": 0.0625,
            "precision": 0.6666666666666666,
            "specificity": 0.9975,
            "accuracy": 0.9282407407407407,
            "expected AP": 0.07407407407407407
        }
    }
}
