{
    "overall": {
        "mAP": 0.47988721573045967,
        "accuracy": 0.42857142857142855,
        "expected mAP": 0.25,
        "balanced accuracy": 0.3403314028314028,
        "adjusted balanced accuracy": 0.12044187044187038
    },
    "classwise": {
        "0": {
            "TN": 67,
            "FP": 212,
            "FN": 17,
            "TP": 131,
            "AP": 0.48770796053054605,
            "recall": 0.8851351351351351,
            "precision": 0.3819241982507289,
            "specificity": 0.24014336917562723,
            "accuracy": 0.4637002341920375,
            "expected AP": 0.34660421545667447
        },
        "1": {
            "TN": 190,
            "FP": 27,
            "FN": 166,
            "TP": 44,
            "AP": 0.5701117266416676,
            "recall": 0.20952380952380953,
            "precision": 0.6197183098591549,
            "specificity": 0.8755760368663594,
            "accuracy": 0.5480093676814989,
            "expected AP": 0.4918032786885246
        },
        "2": {
            "TN": 384,
            "FP": 4,
            "FN": 39,
            "TP": 0,
            "AP": 0.1415101948020413,
            "recall": 0.0,
            "precision": 0.0,
            "specificity": 0.9896907216494846,
            "accuracy": 0.8992974238875878,
            "expected AP": 0.09133489461358314
        },
        "3": {
            "TN": 396,
            "FP": 1,
            "FN": 22,
            "TP": 8,
            "AP": 0.7202189809475835,
            "recall": 0.26666666666666666,
            "precision": 0.8888888888888888,
            "specificity": 0.9974811083123426,
            "accuracy": 0.9461358313817331,
            "expected AP": 0.0702576112412178
        }
    }
}
