{
    "TN": 377,
    "FP": 17,
    "FN": 25,
    "TP": 8,
    "AP": 0.27374450895601593,
    "recall": 0.24242424242424243,
    "precision": 0.32,
    "specificity": 0.9568527918781726,
    "accuracy": 0.9016393442622951,
    "expected AP": 0.07728337236533958,
    "auroc": 0.6790878326411323,
    "balanced accuracy": 0.5996385171512075,
    "adjusted balanced accuracy": 0.19927703430241506
}
