{
    "overall": {
        "mAP": 0.4723533351670748,
        "accuracy": 0.5439814814814815,
        "expected mAP": 0.25,
        "balanced accuracy": 0.3442555671869052
    },
    "classwise": {
        "0": {
            "TN": 176,
            "FP": 108,
            "FN": 41,
            "TP": 107,
            "AP": 0.6848051343955373,
            "recall": 0.722972972972973,
            "precision": 0.49767441860465117,
            "specificity": 0.6197183098591549,
            "accuracy": 0.6550925925925926,
            "expected AP": 0.3425925925925926
        },
        "1": {
            "TN": 148,
            "FP": 71,
            "FN": 87,
            "TP": 126,
            "AP": 0.7049279244573463,
            "recall": 0.5915492957746479,
            "precision": 0.6395939086294417,
            "specificity": 0.6757990867579908,
            "accuracy": 0.6342592592592593,
            "expected AP": 0.4930555555555556
        },
        "2": {
            "TN": 376,
            "FP": 17,
            "FN": 39,
            "TP": 0,
            "AP": 0.15561106412818082,
            "recall": 0.0,
            "precision": 0.0,
            "specificity": 0.9567430025445293,
            "accuracy": 0.8703703703703703,
            "expected AP": 0.09027777777777778
        },
        "3": {
            "TN": 399,
            "FP": 1,
            "FN": 30,
            "TP": 2,
            "AP": 0.3440692176872347,
            "recall": 0.0625,
            "precision": 0.6666666666666666,
            "specificity": 0.9975,
            "accuracy": 0.9282407407407407,
            "expected AP": 0.07407407407407407
        }
    }
}
