{
    "overall": {
        "mAP": 0.4179158899969665,
        "accuracy": 0.3911007025761124,
        "expected mAP": 0.25,
        "balanced accuracy": 0.2952059202059202,
        "adjusted balanced accuracy": 0.06027456027456024
    },
    "classwise": {
        "0": {
            "TN": 62,
            "FP": 217,
            "FN": 12,
            "TP": 136,
            "AP": 0.37683306827175017,
            "recall": 0.918918918918919,
            "precision": 0.38526912181303113,
            "specificity": 0.2222222222222222,
            "accuracy": 0.4637002341920375,
            "expected AP": 0.34660421545667447
        },
        "1": {
            "TN": 194,
            "FP": 23,
            "FN": 183,
            "TP": 27,
            "AP": 0.5049834056534975,
            "recall": 0.12857142857142856,
            "precision": 0.54,
            "specificity": 0.8940092165898618,
            "accuracy": 0.5175644028103045,
            "expected AP": 0.4918032786885246
        },
        "2": {
            "TN": 369,
            "FP": 19,
            "FN": 39,
            "TP": 0,
            "AP": 0.08392007088762658,
            "recall": 0.0,
            "precision": 0.0,
            "specificity": 0.9510309278350515,
            "accuracy": 0.8641686182669789,
            "expected AP": 0.09133489461358314
        },
        "3": {
            "TN": 396,
            "FP": 1,
            "FN": 26,
            "TP": 4,
            "AP": 0.7059270151749919,
            "recall": 0.13333333333333333,
            "precision": 0.8,
            "specificity": 0.9974811083123426,
            "accuracy": 0.936768149882904,
            "expected AP": 0.0702576112412178
        }
    }
}
