{
    "overall": {
        "mAP": 0.46966193291066893,
        "accuracy": 0.5115740740740741,
        "expected mAP": 0.25,
        "balanced accuracy": 0.3365868068772998
    },
    "classwise": {
        "0": {
            "TN": 143,
            "FP": 141,
            "FN": 24,
            "TP": 124,
            "AP": 0.6613355899447493,
            "recall": 0.8378378378378378,
            "precision": 0.4679245283018868,
            "specificity": 0.5035211267605634,
            "accuracy": 0.6180555555555556,
            "expected AP": 0.3425925925925926
        },
        "1": {
            "TN": 168,
            "FP": 51,
            "FN": 118,
            "TP": 95,
            "AP": 0.6997196254473705,
            "recall": 0.4460093896713615,
            "precision": 0.6506849315068494,
            "specificity": 0.7671232876712328,
            "accuracy": 0.6087962962962963,
            "expected AP": 0.4930555555555556
        },
        "2": {
            "TN": 375,
            "FP": 18,
            "FN": 39,
            "TP": 0,
            "AP": 0.14638453709666127,
            "recall": 0.0,
            "precision": 0.0,
            "specificity": 0.9541984732824428,
            "accuracy": 0.8680555555555556,
            "expected AP": 0.09027777777777778
        },
        "3": {
            "TN": 399,
            "FP": 1,
            "FN": 30,
            "TP": 2,
            "AP": 0.37120797915389464,
            "recall": 0.0625,
            "precision": 0.6666666666666666,
            "specificity": 0.9975,
            "accuracy": 0.9282407407407407,
            "expected AP": 0.07407407407407407
        }
    }
}
