{
    "TN": 111,
    "FP": 57,
    "FN": 111,
    "TP": 100,
    "AP": 0.6507547018724784,
    "recall": 0.47393364928909953,
    "precision": 0.6369426751592356,
    "specificity": 0.6607142857142857,
    "accuracy": 0.5567282321899736,
    "expected AP": 0.5567282321899736,
    "auroc": 0.6293584969532837,
    "balanced accuracy": 0.5673239675016926,
    "adjusted balanced accuracy": 0.13464793500338512
}
