{
    "TN": 610,
    "FP": 114,
    "FN": 151,
    "TP": 121,
    "AP": 0.4888671168677256,
    "recall": 0.44485294117647056,
    "precision": 0.5148936170212766,
    "specificity": 0.8425414364640884,
    "accuracy": 0.7339357429718876,
    "expected AP": 0.27309236947791166,
    "auroc": 0.7600747481312967,
    "balanced accuracy": 0.6436971888202795,
    "adjusted balanced accuracy": 0.287394377640559
}
