{
    "overall": {
        "mAP": 0.48140975932419183,
        "accuracy": 0.4779874213836478,
        "expected mAP": 0.25
    },
    "classwise": {
        "0": {
            "TN": 4206,
            "FP": 4952,
            "FN": 725,
            "TP": 3632,
            "AP": 0.5314083718676204,
            "recall": 0.8336011016754648,
            "precision": 0.42311276794035413,
            "specificity": 0.459270583096746,
            "accuracy": 0.5799482056973733,
            "expected AP": 0.3223825379208287
        },
        "1": {
            "TN": 5264,
            "FP": 1877,
            "FN": 3922,
            "TP": 2452,
            "AP": 0.5661395177041261,
            "recall": 0.3846877941637904,
            "precision": 0.5664125664125664,
            "specificity": 0.7371516594314522,
            "accuracy": 0.5709211986681465,
            "expected AP": 0.4716241213466519
        },
        "2": {
            "TN": 11336,
            "FP": 214,
            "FN": 1855,
            "TP": 110,
            "AP": 0.19221698349146704,
            "recall": 0.05597964376590331,
            "precision": 0.3395061728395062,
            "specificity": 0.9814718614718615,
            "accuracy": 0.8469108398076212,
            "expected AP": 0.1453940066592675
        },
        "3": {
            "TN": 12684,
            "FP": 12,
            "FN": 553,
            "TP": 266,
            "AP": 0.6358741642335538,
            "recall": 0.3247863247863248,
            "precision": 0.9568345323741008,
            "specificity": 0.999054820415879,
            "accuracy": 0.9581945985941547,
            "expected AP": 0.060599334073251944
        }
    }
}
