{
    "overall": {
        "mAP": 0.46405249543002985,
        "accuracy": 0.6191289496157131,
        "expected mAP": 0.25,
        "balanced accuracy": 0.40815118584392446,
        "adjusted balanced accuracy": 0.21086824779189928
    },
    "classwise": {
        "0": {
            "TN": 262,
            "FP": 174,
            "FN": 121,
            "TP": 614,
            "AP": 0.8784320289712892,
            "recall": 0.8353741496598639,
            "precision": 0.7791878172588832,
            "specificity": 0.6009174311926605,
            "accuracy": 0.7480785653287788,
            "expected AP": 0.627668659265585
        },
        "1": {
            "TN": 699,
            "FP": 254,
            "FN": 123,
            "TP": 95,
            "AP": 0.2644530358382021,
            "recall": 0.43577981651376146,
            "precision": 0.2722063037249284,
            "specificity": 0.7334732423924449,
            "accuracy": 0.6780529461998293,
            "expected AP": 0.18616567036720752
        },
        "2": {
            "TN": 971,
            "FP": 7,
            "FN": 185,
            "TP": 8,
            "AP": 0.33857608163260267,
            "recall": 0.04145077720207254,
            "precision": 0.5333333333333333,
            "specificity": 0.9928425357873211,
            "accuracy": 0.8360375747224594,
            "expected AP": 0.16481639624252775
        },
        "3": {
            "TN": 1135,
            "FP": 11,
            "FN": 17,
            "TP": 8,
            "AP": 0.3747488352780255,
            "recall": 0.32,
            "precision": 0.42105263157894735,
            "specificity": 0.9904013961605584,
            "accuracy": 0.9760888129803587,
            "expected AP": 0.02134927412467976
        }
    }
}
