{
    "overall": {
        "mAP": 0.4851592319789112,
        "accuracy": 0.6374589266155531,
        "expected mAP": 0.24999999999999997,
        "balanced accuracy": 0.4287275342572283,
        "adjusted balanced accuracy": 0.23830337900963774
    },
    "classwise": {
        "0": {
            "TN": 199,
            "FP": 130,
            "FN": 94,
            "TP": 490,
            "AP": 0.8988089705367346,
            "recall": 0.839041095890411,
            "precision": 0.7903225806451613,
            "specificity": 0.6048632218844985,
            "accuracy": 0.7546549835706462,
            "expected AP": 0.6396495071193866
        },
        "1": {
            "TN": 562,
            "FP": 184,
            "FN": 91,
            "TP": 76,
            "AP": 0.2825631680840637,
            "recall": 0.4550898203592814,
            "precision": 0.2923076923076923,
            "specificity": 0.7533512064343163,
            "accuracy": 0.6987951807228916,
            "expected AP": 0.1829134720700986
        },
        "2": {
            "TN": 767,
            "FP": 6,
            "FN": 132,
            "TP": 8,
            "AP": 0.3428445008443177,
            "recall": 0.05714285714285714,
            "precision": 0.5714285714285714,
            "specificity": 0.9922380336351876,
            "accuracy": 0.8488499452354874,
            "expected AP": 0.1533406352683461
        },
        "3": {
            "TN": 880,
            "FP": 11,
            "FN": 14,
            "TP": 8,
            "AP": 0.4164202884505289,
            "recall": 0.36363636363636365,
            "precision": 0.42105263157894735,
            "specificity": 0.9876543209876543,
            "accuracy": 0.9726177437020811,
            "expected AP": 0.024096385542168676
        }
    }
}
