{
    "overall": {
        "mAP": 0.4226636613296855,
        "accuracy": 0.5162037037037037,
        "expected mAP": 0.25,
        "balanced accuracy": 0.3301710601446517
    },
    "classwise": {
        "0": {
            "TN": 167,
            "FP": 117,
            "FN": 41,
            "TP": 107,
            "AP": 0.6069799753760062,
            "recall": 0.722972972972973,
            "precision": 0.47767857142857145,
            "specificity": 0.5880281690140845,
            "accuracy": 0.6342592592592593,
            "expected AP": 0.3425925925925926
        },
        "1": {
            "TN": 143,
            "FP": 76,
            "FN": 99,
            "TP": 114,
            "AP": 0.6788810139735229,
            "recall": 0.5352112676056338,
            "precision": 0.6,
            "specificity": 0.6529680365296804,
            "accuracy": 0.5949074074074074,
            "expected AP": 0.4930555555555556
        },
        "2": {
            "TN": 378,
            "FP": 15,
            "FN": 39,
            "TP": 0,
            "AP": 0.15086313663141127,
            "recall": 0.0,
            "precision": 0.0,
            "specificity": 0.9618320610687023,
            "accuracy": 0.875,
            "expected AP": 0.09027777777777778
        },
        "3": {
            "TN": 399,
            "FP": 1,
            "FN": 30,
            "TP": 2,
            "AP": 0.2539305193378019,
            "recall": 0.0625,
            "precision": 0.6666666666666666,
            "specificity": 0.9975,
            "accuracy": 0.9282407407407407,
            "expected AP": 0.07407407407407407
        }
    }
}
