{
    "TN": 1153,
    "FP": 35,
    "FN": 71,
    "TP": 8,
    "AP": 0.13443156841367718,
    "recall": 0.10126582278481013,
    "precision": 0.18604651162790697,
    "specificity": 0.9705387205387206,
    "accuracy": 0.9163378058405682,
    "expected AP": 0.062352012628255724,
    "auroc": 0.7088714145676172,
    "balanced accuracy": 0.5359022716617654,
    "adjusted balanced accuracy": 0.07180454332353081
}
