{
    "overall": {
        "mAP": 0.48128982064236037,
        "accuracy": 0.4759896411394747,
        "expected mAP": 0.25
    },
    "classwise": {
        "0": {
            "TN": 4143,
            "FP": 5015,
            "FN": 597,
            "TP": 3760,
            "AP": 0.5578600179519686,
            "recall": 0.8629791140693137,
            "precision": 0.4284900284900285,
            "specificity": 0.45239135182354223,
            "accuracy": 0.5847576766555679,
            "expected AP": 0.3223825379208287
        },
        "1": {
            "TN": 5365,
            "FP": 1776,
            "FN": 4078,
            "TP": 2296,
            "AP": 0.5608122385294254,
            "recall": 0.3602133668026357,
            "precision": 0.5638506876227898,
            "specificity": 0.7512953367875648,
            "accuracy": 0.566851646318905,
            "expected AP": 0.4716241213466519
        },
        "2": {
            "TN": 11266,
            "FP": 284,
            "FN": 1838,
            "TP": 127,
            "AP": 0.1873357168877721,
            "recall": 0.06463104325699745,
            "precision": 0.30900243309002434,
            "specificity": 0.9754112554112554,
            "accuracy": 0.8429892711801702,
            "expected AP": 0.1453940066592675
        },
        "3": {
            "TN": 12689,
            "FP": 7,
            "FN": 569,
            "TP": 250,
            "AP": 0.6191513092002755,
            "recall": 0.3052503052503053,
            "precision": 0.9727626459143969,
            "specificity": 0.9994486452425961,
            "accuracy": 0.9573806881243063,
            "expected AP": 0.060599334073251944
        }
    }
}
