{
    "overall": {
        "mAP": 0.45091753696084613,
        "accuracy": 0.623398804440649,
        "expected mAP": 0.25,
        "balanced accuracy": 0.4101689330007803,
        "adjusted balanced accuracy": 0.2135585773343737
    },
    "classwise": {
        "0": {
            "TN": 272,
            "FP": 164,
            "FN": 127,
            "TP": 608,
            "AP": 0.8802857684063105,
            "recall": 0.8272108843537415,
            "precision": 0.7875647668393783,
            "specificity": 0.6238532110091743,
            "accuracy": 0.7514944491887275,
            "expected AP": 0.627668659265585
        },
        "1": {
            "TN": 696,
            "FP": 257,
            "FN": 113,
            "TP": 105,
            "AP": 0.24813337051886547,
            "recall": 0.481651376146789,
            "precision": 0.2900552486187845,
            "specificity": 0.7303252885624344,
            "accuracy": 0.6840307429547395,
            "expected AP": 0.18616567036720752
        },
        "2": {
            "TN": 969,
            "FP": 9,
            "FN": 183,
            "TP": 10,
            "AP": 0.3280724151223808,
            "recall": 0.05181347150259067,
            "precision": 0.5263157894736842,
            "specificity": 0.99079754601227,
            "accuracy": 0.8360375747224594,
            "expected AP": 0.16481639624252775
        },
        "3": {
            "TN": 1135,
            "FP": 11,
            "FN": 18,
            "TP": 7,
            "AP": 0.3471785937958277,
            "recall": 0.28,
            "precision": 0.3888888888888889,
            "specificity": 0.9904013961605584,
            "accuracy": 0.9752348420153715,
            "expected AP": 0.02134927412467976
        }
    }
}
