{
    "overall": {
        "mAP": 0.4733804289738882,
        "accuracy": 0.6429353778751369,
        "expected mAP": 0.24999999999999997,
        "balanced accuracy": 0.4290611980096025,
        "adjusted balanced accuracy": 0.23874826401280336
    },
    "classwise": {
        "0": {
            "TN": 207,
            "FP": 122,
            "FN": 96,
            "TP": 488,
            "AP": 0.9020704651485006,
            "recall": 0.8356164383561644,
            "precision": 0.8,
            "specificity": 0.6291793313069909,
            "accuracy": 0.7612267250821467,
            "expected AP": 0.6396495071193866
        },
        "1": {
            "TN": 560,
            "FP": 186,
            "FN": 85,
            "TP": 82,
            "AP": 0.2618102106119519,
            "recall": 0.49101796407185627,
            "precision": 0.30597014925373134,
            "specificity": 0.7506702412868632,
            "accuracy": 0.7031763417305587,
            "expected AP": 0.1829134720700986
        },
        "2": {
            "TN": 766,
            "FP": 7,
            "FN": 130,
            "TP": 10,
            "AP": 0.3460652325707779,
            "recall": 0.07142857142857142,
            "precision": 0.5882352941176471,
            "specificity": 0.9909443725743855,
            "accuracy": 0.8499452354874042,
            "expected AP": 0.1533406352683461
        },
        "3": {
            "TN": 880,
            "FP": 11,
            "FN": 15,
            "TP": 7,
            "AP": 0.38357580756432264,
            "recall": 0.3181818181818182,
            "precision": 0.3888888888888889,
            "specificity": 0.9876543209876543,
            "accuracy": 0.9715224534501643,
            "expected AP": 0.024096385542168676
        }
    }
}
