{
    "TN": 115,
    "FP": 53,
    "FN": 115,
    "TP": 96,
    "AP": 0.6553730362554288,
    "recall": 0.4549763033175355,
    "precision": 0.6442953020134228,
    "specificity": 0.6845238095238095,
    "accuracy": 0.5567282321899736,
    "expected AP": 0.5567282321899736,
    "auroc": 0.6327437373053487,
    "balanced accuracy": 0.5697500564206726,
    "adjusted balanced accuracy": 0.13950011284134511
}
