{
    "TN": 1162,
    "FP": 26,
    "FN": 73,
    "TP": 6,
    "AP": 0.11935636937064817,
    "recall": 0.0759493670886076,
    "precision": 0.1875,
    "specificity": 0.9781144781144782,
    "accuracy": 0.9218626677190213,
    "expected AP": 0.062352012628255724,
    "auroc": 0.6697992584068533,
    "balanced accuracy": 0.5270319226015429,
    "adjusted balanced accuracy": 0.054063845203085714
}
