{
    "TN": 5787,
    "FP": 104,
    "FN": 105,
    "TP": 3118,
    "AP": 0.9946362418832533,
    "recall": 0.9674216568414521,
    "precision": 0.9677219118559901,
    "specificity": 0.9823459514513665,
    "accuracy": 0.9770682466535001,
    "expected AP": 0.35363177529076145,
    "auroc": 0.9968476342878668,
    "balanced accuracy": 0.9748838041464093,
    "adjusted balanced accuracy": 0.9497676082928186
}
