{
    "TN": 1269,
    "FP": 304,
    "FN": 201,
    "TP": 393,
    "AP": 0.6346564113396709,
    "recall": 0.6616161616161617,
    "precision": 0.563845050215208,
    "specificity": 0.806738715829625,
    "accuracy": 0.7669589293954776,
    "expected AP": 0.27411167512690354,
    "auroc": 0.8216863485458527,
    "balanced accuracy": 0.7341774387228933,
    "adjusted balanced accuracy": 0.46835487744578663
}
