{
    "overall": {
        "mAP": 0.4639803230521191,
        "accuracy": 0.4543100258971513,
        "expected mAP": 0.25
    },
    "classwise": {
        "0": {
            "TN": 3708,
            "FP": 5450,
            "FN": 738,
            "TP": 3619,
            "AP": 0.5167884572201298,
            "recall": 0.8306173972917145,
            "precision": 0.39905171463226374,
            "specificity": 0.4048918977942782,
            "accuracy": 0.5421383647798742,
            "expected AP": 0.3223825379208287
        },
        "1": {
            "TN": 5617,
            "FP": 1524,
            "FN": 4178,
            "TP": 2196,
            "AP": 0.5759130788680392,
            "recall": 0.34452463131471606,
            "precision": 0.5903225806451613,
            "specificity": 0.786584511973113,
            "accuracy": 0.5780984091749908,
            "expected AP": 0.4716241213466519
        },
        "2": {
            "TN": 11154,
            "FP": 396,
            "FN": 1857,
            "TP": 108,
            "AP": 0.19714096869555803,
            "recall": 0.0549618320610687,
            "precision": 0.21428571428571427,
            "specificity": 0.9657142857142857,
            "accuracy": 0.8332963374028857,
            "expected AP": 0.1453940066592675
        },
        "3": {
            "TN": 12691,
            "FP": 5,
            "FN": 602,
            "TP": 217,
            "AP": 0.5660787874247494,
            "recall": 0.26495726495726496,
            "precision": 0.9774774774774775,
            "specificity": 0.9996061751732829,
            "accuracy": 0.955086940436552,
            "expected AP": 0.060599334073251944
        }
    }
}
