{
    "overall": {
        "mAP": 0.4337763488512466,
        "accuracy": 0.3911007025761124,
        "expected mAP": 0.25,
        "balanced accuracy": 0.31613577863577863,
        "adjusted balanced accuracy": 0.08818103818103817
    },
    "classwise": {
        "0": {
            "TN": 43,
            "FP": 236,
            "FN": 13,
            "TP": 135,
            "AP": 0.47549259572915975,
            "recall": 0.9121621621621622,
            "precision": 0.3638814016172507,
            "specificity": 0.15412186379928317,
            "accuracy": 0.4168618266978923,
            "expected AP": 0.34660421545667447
        },
        "1": {
            "TN": 196,
            "FP": 21,
            "FN": 185,
            "TP": 25,
            "AP": 0.5595982987209366,
            "recall": 0.11904761904761904,
            "precision": 0.5434782608695652,
            "specificity": 0.9032258064516129,
            "accuracy": 0.5175644028103045,
            "expected AP": 0.4918032786885246
        },
        "2": {
            "TN": 386,
            "FP": 2,
            "FN": 39,
            "TP": 0,
            "AP": 0.11646528687120947,
            "recall": 0.0,
            "precision": 0.0,
            "specificity": 0.9948453608247423,
            "accuracy": 0.9039812646370023,
            "expected AP": 0.09133489461358314
        },
        "3": {
            "TN": 396,
            "FP": 1,
            "FN": 23,
            "TP": 7,
            "AP": 0.5835492140836808,
            "recall": 0.23333333333333334,
            "precision": 0.875,
            "specificity": 0.9974811083123426,
            "accuracy": 0.9437939110070258,
            "expected AP": 0.0702576112412178
        }
    }
}
