{
    "TN": 384,
    "FP": 10,
    "FN": 31,
    "TP": 2,
    "AP": 0.12830699540840593,
    "recall": 0.06060606060606061,
    "precision": 0.16666666666666666,
    "specificity": 0.9746192893401016,
    "accuracy": 0.9039812646370023,
    "expected AP": 0.07728337236533958,
    "auroc": 0.6158283341024459,
    "balanced accuracy": 0.517612674973081,
    "adjusted balanced accuracy": 0.03522534994616211
}
