{
    "overall": {
        "mAP": 0.4722921290324946,
        "accuracy": 0.4215456674473068,
        "expected mAP": 0.25,
        "balanced accuracy": 0.34340411840411844,
        "adjusted balanced accuracy": 0.12453882453882459
    },
    "classwise": {
        "0": {
            "TN": 65,
            "FP": 214,
            "FN": 18,
            "TP": 130,
            "AP": 0.49100554853768685,
            "recall": 0.8783783783783784,
            "precision": 0.37790697674418605,
            "specificity": 0.23297491039426524,
            "accuracy": 0.4566744730679157,
            "expected AP": 0.34660421545667447
        },
        "1": {
            "TN": 189,
            "FP": 28,
            "FN": 169,
            "TP": 41,
            "AP": 0.5769822625445444,
            "recall": 0.19523809523809524,
            "precision": 0.5942028985507246,
            "specificity": 0.8709677419354839,
            "accuracy": 0.5386416861826698,
            "expected AP": 0.4918032786885246
        },
        "2": {
            "TN": 383,
            "FP": 5,
            "FN": 39,
            "TP": 0,
            "AP": 0.12812686178028504,
            "recall": 0.0,
            "precision": 0.0,
            "specificity": 0.9871134020618557,
            "accuracy": 0.8969555035128806,
            "expected AP": 0.09133489461358314
        },
        "3": {
            "TN": 397,
            "FP": 0,
            "FN": 21,
            "TP": 9,
            "AP": 0.6930538432674622,
            "recall": 0.3,
            "precision": 1.0,
            "specificity": 1.0,
            "accuracy": 0.9508196721311475,
            "expected AP": 0.0702576112412178
        }
    }
}
