{
    "overall": {
        "mAP": 0.4730089344134131,
        "accuracy": 0.493007769145394,
        "expected mAP": 0.25
    },
    "classwise": {
        "0": {
            "TN": 4410,
            "FP": 4748,
            "FN": 697,
            "TP": 3660,
            "AP": 0.5442619083977827,
            "recall": 0.8400275418866192,
            "precision": 0.4352997145575642,
            "specificity": 0.48154618912426295,
            "accuracy": 0.5971143174250833,
            "expected AP": 0.3223825379208287
        },
        "1": {
            "TN": 5269,
            "FP": 1872,
            "FN": 3732,
            "TP": 2642,
            "AP": 0.562452132218435,
            "recall": 0.4144963915908378,
            "precision": 0.585290208241028,
            "specificity": 0.7378518414787845,
            "accuracy": 0.5853496115427304,
            "expected AP": 0.4716241213466519
        },
        "2": {
            "TN": 11329,
            "FP": 221,
            "FN": 1861,
            "TP": 104,
            "AP": 0.1827919273090048,
            "recall": 0.05292620865139949,
            "precision": 0.32,
            "specificity": 0.9808658008658009,
            "accuracy": 0.8459489456159822,
            "expected AP": 0.1453940066592675
        },
        "3": {
            "TN": 12685,
            "FP": 11,
            "FN": 562,
            "TP": 257,
            "AP": 0.6025297697284299,
            "recall": 0.3137973137973138,
            "precision": 0.9589552238805971,
            "specificity": 0.9991335853812224,
            "accuracy": 0.9576026637069922,
            "expected AP": 0.060599334073251944
        }
    }
}
