{
    "overall": {
        "mAP": 0.47875355134101666,
        "accuracy": 0.5462962962962963,
        "expected mAP": 0.25,
        "balanced accuracy": 0.3643146888085268
    },
    "classwise": {
        "0": {
            "TN": 174,
            "FP": 110,
            "FN": 43,
            "TP": 105,
            "AP": 0.6644634657685382,
            "recall": 0.7094594594594594,
            "precision": 0.4883720930232558,
            "specificity": 0.6126760563380281,
            "accuracy": 0.6458333333333334,
            "expected AP": 0.3425925925925926
        },
        "1": {
            "TN": 151,
            "FP": 68,
            "FN": 87,
            "TP": 126,
            "AP": 0.6978802552369112,
            "recall": 0.5915492957746479,
            "precision": 0.6494845360824743,
            "specificity": 0.6894977168949772,
            "accuracy": 0.6412037037037037,
            "expected AP": 0.4930555555555556
        },
        "2": {
            "TN": 379,
            "FP": 14,
            "FN": 39,
            "TP": 0,
            "AP": 0.1581390095982717,
            "recall": 0.0,
            "precision": 0.0,
            "specificity": 0.9643765903307888,
            "accuracy": 0.8773148148148148,
            "expected AP": 0.09027777777777778
        },
        "3": {
            "TN": 396,
            "FP": 4,
            "FN": 27,
            "TP": 5,
            "AP": 0.3945314747603455,
            "recall": 0.15625,
            "precision": 0.5555555555555556,
            "specificity": 0.99,
            "accuracy": 0.9282407407407407,
            "expected AP": 0.07407407407407407
        }
    }
}
