{
    "TN": 413,
    "FP": 155,
    "FN": 47,
    "TP": 172,
    "AP": 0.6274935719267798,
    "recall": 0.7853881278538812,
    "precision": 0.5259938837920489,
    "specificity": 0.727112676056338,
    "accuracy": 0.7433290978398983,
    "expected AP": 0.2782719186785261,
    "auroc": 0.8270145990095825,
    "balanced accuracy": 0.7562504019551096,
    "adjusted balanced accuracy": 0.5125008039102192
}
