{
    "overall": {
        "mAP": 0.46720489653387476,
        "accuracy": 0.4861111111111111,
        "expected mAP": 0.25,
        "balanced accuracy": 0.34256142145666796
    },
    "classwise": {
        "0": {
            "TN": 114,
            "FP": 170,
            "FN": 26,
            "TP": 122,
            "AP": 0.7013343546351494,
            "recall": 0.8243243243243243,
            "precision": 0.4178082191780822,
            "specificity": 0.4014084507042254,
            "accuracy": 0.5462962962962963,
            "expected AP": 0.3425925925925926
        },
        "1": {
            "TN": 185,
            "FP": 34,
            "FN": 130,
            "TP": 83,
            "AP": 0.7074835554447656,
            "recall": 0.38967136150234744,
            "precision": 0.7094017094017094,
            "specificity": 0.8447488584474886,
            "accuracy": 0.6203703703703703,
            "expected AP": 0.4930555555555556
        },
        "2": {
            "TN": 388,
            "FP": 5,
            "FN": 39,
            "TP": 0,
            "AP": 0.1735336428948786,
            "recall": 0.0,
            "precision": 0.0,
            "specificity": 0.9872773536895675,
            "accuracy": 0.8981481481481481,
            "expected AP": 0.09027777777777778
        },
        "3": {
            "TN": 387,
            "FP": 13,
            "FN": 27,
            "TP": 5,
            "AP": 0.28646803316070535,
            "recall": 0.15625,
            "precision": 0.2777777777777778,
            "specificity": 0.9675,
            "accuracy": 0.9074074074074074,
            "expected AP": 0.07407407407407407
        }
    }
}
