{
    "overall": {
        "mAP": 0.5085006663678022,
        "accuracy": 0.6071122536418166,
        "expected mAP": 0.25,
        "balanced accuracy": 0.4981500159050265,
        "adjusted balanced accuracy": 0.33086668787336865
    },
    "classwise": {
        "0": {
            "TN": 625,
            "FP": 229,
            "FN": 374,
            "TP": 1106,
            "AP": 0.8819652962093896,
            "recall": 0.7472972972972973,
            "precision": 0.8284644194756554,
            "specificity": 0.7318501170960188,
            "accuracy": 0.7416452442159382,
            "expected AP": 0.6341045415595544
        },
        "1": {
            "TN": 1309,
            "FP": 583,
            "FN": 203,
            "TP": 239,
            "AP": 0.36506776096311666,
            "recall": 0.5407239819004525,
            "precision": 0.29075425790754256,
            "specificity": 0.6918604651162791,
            "accuracy": 0.6632390745501285,
            "expected AP": 0.1893744644387318
        },
        "2": {
            "TN": 1912,
            "FP": 61,
            "FN": 319,
            "TP": 42,
            "AP": 0.3531797624780507,
            "recall": 0.11634349030470914,
            "precision": 0.4077669902912621,
            "specificity": 0.9690826153066396,
            "accuracy": 0.8371893744644388,
            "expected AP": 0.1546700942587832
        },
        "3": {
            "TN": 2239,
            "FP": 44,
            "FN": 21,
            "TP": 30,
            "AP": 0.4337898458206516,
            "recall": 0.5882352941176471,
            "precision": 0.40540540540540543,
            "specificity": 0.9807271134472185,
            "accuracy": 0.9721508140531276,
            "expected AP": 0.021850899742930592
        }
    }
}
