{
    "TN": 387,
    "FP": 7,
    "FN": 31,
    "TP": 2,
    "AP": 0.16667843117894282,
    "recall": 0.06060606060606061,
    "precision": 0.2222222222222222,
    "specificity": 0.9822335025380711,
    "accuracy": 0.9110070257611241,
    "expected AP": 0.07728337236533958,
    "auroc": 0.6073680972158129,
    "balanced accuracy": 0.5214197815720658,
    "adjusted balanced accuracy": 0.04283956314413162
}
