{
    "overall": {
        "mAP": 0.45972625225034425,
        "accuracy": 0.5138888888888888,
        "expected mAP": 0.25,
        "balanced accuracy": 0.3300283117624667
    },
    "classwise": {
        "0": {
            "TN": 158,
            "FP": 126,
            "FN": 39,
            "TP": 109,
            "AP": 0.7184257922228967,
            "recall": 0.7364864864864865,
            "precision": 0.46382978723404256,
            "specificity": 0.5563380281690141,
            "accuracy": 0.6180555555555556,
            "expected AP": 0.3425925925925926
        },
        "1": {
            "TN": 149,
            "FP": 70,
            "FN": 102,
            "TP": 111,
            "AP": 0.6879361635359087,
            "recall": 0.5211267605633803,
            "precision": 0.6132596685082873,
            "specificity": 0.680365296803653,
            "accuracy": 0.6018518518518519,
            "expected AP": 0.4930555555555556
        },
        "2": {
            "TN": 380,
            "FP": 13,
            "FN": 39,
            "TP": 0,
            "AP": 0.15473762003988578,
            "recall": 0.0,
            "precision": 0.0,
            "specificity": 0.9669211195928753,
            "accuracy": 0.8796296296296297,
            "expected AP": 0.09027777777777778
        },
        "3": {
            "TN": 399,
            "FP": 1,
            "FN": 30,
            "TP": 2,
            "AP": 0.2778054332026859,
            "recall": 0.0625,
            "precision": 0.6666666666666666,
            "specificity": 0.9975,
            "accuracy": 0.9282407407407407,
            "expected AP": 0.07407407407407407
        }
    }
}
