{
    "overall": {
        "mAP": 0.4785773380654813,
        "accuracy": 0.4168618266978923,
        "expected mAP": 0.25,
        "balanced accuracy": 0.33388030888030884,
        "adjusted balanced accuracy": 0.11184041184041178
    },
    "classwise": {
        "0": {
            "TN": 64,
            "FP": 215,
            "FN": 18,
            "TP": 130,
            "AP": 0.4836004113137997,
            "recall": 0.8783783783783784,
            "precision": 0.37681159420289856,
            "specificity": 0.22939068100358423,
            "accuracy": 0.45433255269320844,
            "expected AP": 0.34660421545667447
        },
        "1": {
            "TN": 188,
            "FP": 29,
            "FN": 170,
            "TP": 40,
            "AP": 0.581515069409857,
            "recall": 0.19047619047619047,
            "precision": 0.5797101449275363,
            "specificity": 0.8663594470046083,
            "accuracy": 0.5339578454332553,
            "expected AP": 0.4918032786885246
        },
        "2": {
            "TN": 383,
            "FP": 5,
            "FN": 39,
            "TP": 0,
            "AP": 0.1321301688745593,
            "recall": 0.0,
            "precision": 0.0,
            "specificity": 0.9871134020618557,
            "accuracy": 0.8969555035128806,
            "expected AP": 0.09133489461358314
        },
        "3": {
            "TN": 397,
            "FP": 0,
            "FN": 22,
            "TP": 8,
            "AP": 0.7170637026637091,
            "recall": 0.26666666666666666,
            "precision": 1.0,
            "specificity": 1.0,
            "accuracy": 0.9484777517564403,
            "expected AP": 0.0702576112412178
        }
    }
}
