{
    "overall": {
        "mAP": 0.46809163400913045,
        "accuracy": 0.5166111727709952,
        "expected mAP": 0.25
    },
    "classwise": {
        "0": {
            "TN": 4937,
            "FP": 4221,
            "FN": 873,
            "TP": 3484,
            "AP": 0.5632956318332709,
            "recall": 0.7996327748450769,
            "precision": 0.45217391304347826,
            "specificity": 0.5390915046953483,
            "accuracy": 0.6230854605993341,
            "expected AP": 0.3223825379208287
        },
        "1": {
            "TN": 5122,
            "FP": 2019,
            "FN": 3231,
            "TP": 3143,
            "AP": 0.5799518799497274,
            "recall": 0.49309695638531537,
            "precision": 0.6088725300271213,
            "specificity": 0.7172664892872147,
            "accuracy": 0.611542730299667,
            "expected AP": 0.4716241213466519
        },
        "2": {
            "TN": 11278,
            "FP": 272,
            "FN": 1847,
            "TP": 118,
            "AP": 0.18564243644406214,
            "recall": 0.06005089058524173,
            "precision": 0.30256410256410254,
            "specificity": 0.9764502164502165,
            "accuracy": 0.8432112467628561,
            "expected AP": 0.1453940066592675
        },
        "3": {
            "TN": 12675,
            "FP": 21,
            "FN": 582,
            "TP": 237,
            "AP": 0.5434765878094613,
            "recall": 0.2893772893772894,
            "precision": 0.9186046511627907,
            "specificity": 0.9983459357277883,
            "accuracy": 0.9553829078801331,
            "expected AP": 0.060599334073251944
        }
    }
}
