{
    "overall": {
        "mAP": 0.24406122580724518,
        "accuracy": 0.6792260692464358,
        "expected mAP": 0.25,
        "balanced accuracy": 0.2311304347826087,
        "adjusted balanced accuracy": -0.025159420289855072
    },
    "classwise": {
        "0": {
            "TN": 46,
            "FP": 168,
            "FN": 431,
            "TP": 1319,
            "AP": 0.862824841252181,
            "recall": 0.7537142857142857,
            "precision": 0.887020847343645,
            "specificity": 0.21495327102803738,
            "accuracy": 0.695010183299389,
            "expected AP": 0.8910386965376782
        },
        "1": {
            "TN": 1716,
            "FP": 87,
            "FN": 151,
            "TP": 10,
            "AP": 0.08229728418982382,
            "recall": 0.062111801242236024,
            "precision": 0.10309278350515463,
            "specificity": 0.9517470881863561,
            "accuracy": 0.8788187372708758,
            "expected AP": 0.08197556008146639
        },
        "2": {
            "TN": 1681,
            "FP": 237,
            "FN": 41,
            "TP": 5,
            "AP": 0.028937097894961517,
            "recall": 0.10869565217391304,
            "precision": 0.02066115702479339,
            "specificity": 0.8764337851929093,
            "accuracy": 0.8584521384928717,
            "expected AP": 0.023421588594704685
        },
        "3": {
            "TN": 1819,
            "FP": 138,
            "FN": 7,
            "TP": 0,
            "AP": 0.002185679892014427,
            "recall": 0.0,
            "precision": 0.0,
            "specificity": 0.9294839039345938,
            "accuracy": 0.9261710794297352,
            "expected AP": 0.003564154786150713
        }
    }
}
