{
    "overall": {
        "mAP": 0.4776279719773163,
        "accuracy": 0.4886422493525712,
        "expected mAP": 0.25
    },
    "classwise": {
        "0": {
            "TN": 4153,
            "FP": 5005,
            "FN": 589,
            "TP": 3768,
            "AP": 0.5440248391948943,
            "recall": 0.8648152398439293,
            "precision": 0.4294996010486721,
            "specificity": 0.4534832932954794,
            "accuracy": 0.5860895301516833,
            "expected AP": 0.3223825379208287
        },
        "1": {
            "TN": 5439,
            "FP": 1702,
            "FN": 3917,
            "TP": 2457,
            "AP": 0.5749885840842062,
            "recall": 0.3854722309381864,
            "precision": 0.5907670113007935,
            "specificity": 0.7616580310880829,
            "accuracy": 0.5842397336293008,
            "expected AP": 0.4716241213466519
        },
        "2": {
            "TN": 11355,
            "FP": 195,
            "FN": 1845,
            "TP": 120,
            "AP": 0.2019254951037759,
            "recall": 0.061068702290076333,
            "precision": 0.38095238095238093,
            "specificity": 0.9831168831168832,
            "accuracy": 0.8490566037735849,
            "expected AP": 0.1453940066592675
        },
        "3": {
            "TN": 12687,
            "FP": 9,
            "FN": 560,
            "TP": 259,
            "AP": 0.5895729695263889,
            "recall": 0.3162393162393162,
            "precision": 0.9664179104477612,
            "specificity": 0.9992911153119093,
            "accuracy": 0.9578986311505734,
            "expected AP": 0.060599334073251944
        }
    }
}
