{
    "overall": {
        "mAP": 0.47561956377765396,
        "accuracy": 0.4168618266978923,
        "expected mAP": 0.25,
        "balanced accuracy": 0.33637387387387385,
        "adjusted balanced accuracy": 0.11516516516516513
    },
    "classwise": {
        "0": {
            "TN": 59,
            "FP": 220,
            "FN": 13,
            "TP": 135,
            "AP": 0.4785916239236754,
            "recall": 0.9121621621621622,
            "precision": 0.38028169014084506,
            "specificity": 0.2114695340501792,
            "accuracy": 0.45433255269320844,
            "expected AP": 0.34660421545667447
        },
        "1": {
            "TN": 193,
            "FP": 24,
            "FN": 175,
            "TP": 35,
            "AP": 0.5761894599686961,
            "recall": 0.16666666666666666,
            "precision": 0.5932203389830508,
            "specificity": 0.8894009216589862,
            "accuracy": 0.5339578454332553,
            "expected AP": 0.4918032786885246
        },
        "2": {
            "TN": 383,
            "FP": 5,
            "FN": 39,
            "TP": 0,
            "AP": 0.1324512646071366,
            "recall": 0.0,
            "precision": 0.0,
            "specificity": 0.9871134020618557,
            "accuracy": 0.8969555035128806,
            "expected AP": 0.09133489461358314
        },
        "3": {
            "TN": 397,
            "FP": 0,
            "FN": 22,
            "TP": 8,
            "AP": 0.7152459066111079,
            "recall": 0.26666666666666666,
            "precision": 1.0,
            "specificity": 1.0,
            "accuracy": 0.9484777517564403,
            "expected AP": 0.0702576112412178
        }
    }
}
