{
    "overall": {
        "mAP": 0.4249750328264168,
        "accuracy": 0.7093596059113301,
        "expected mAP": 0.25,
        "balanced accuracy": 0.42856820983036603,
        "adjusted balanced accuracy": 0.23809094644048803
    },
    "classwise": {
        "0": {
            "TN": 202,
            "FP": 105,
            "FN": 88,
            "TP": 620,
            "AP": 0.9296598510072022,
            "recall": 0.8757062146892656,
            "precision": 0.8551724137931035,
            "specificity": 0.6579804560260586,
            "accuracy": 0.8098522167487685,
            "expected AP": 0.6975369458128079
        },
        "1": {
            "TN": 679,
            "FP": 153,
            "FN": 95,
            "TP": 88,
            "AP": 0.308498835176334,
            "recall": 0.4808743169398907,
            "precision": 0.3651452282157676,
            "specificity": 0.8161057692307693,
            "accuracy": 0.7556650246305419,
            "expected AP": 0.18029556650246306
        },
        "2": {
            "TN": 907,
            "FP": 4,
            "FN": 98,
            "TP": 6,
            "AP": 0.3199467053466816,
            "recall": 0.057692307692307696,
            "precision": 0.6,
            "specificity": 0.995609220636663,
            "accuracy": 0.8995073891625616,
            "expected AP": 0.10246305418719212
        },
        "3": {
            "TN": 962,
            "FP": 33,
            "FN": 14,
            "TP": 6,
            "AP": 0.1417947397754496,
            "recall": 0.3,
            "precision": 0.15384615384615385,
            "specificity": 0.9668341708542714,
            "accuracy": 0.9536945812807882,
            "expected AP": 0.019704433497536946
        }
    }
}
