{
    "TN": 373,
    "FP": 21,
    "FN": 30,
    "TP": 3,
    "AP": 0.15541901464641064,
    "recall": 0.09090909090909091,
    "precision": 0.125,
    "specificity": 0.9467005076142132,
    "accuracy": 0.8805620608899297,
    "expected AP": 0.07728337236533958,
    "auroc": 0.555376095985233,
    "balanced accuracy": 0.518804799261652,
    "adjusted balanced accuracy": 0.03760959852330403
}
