{
    "overall": {
        "mAP": 0.4832475531018474,
        "accuracy": 0.4262295081967213,
        "expected mAP": 0.25,
        "balanced accuracy": 0.3647918522918523,
        "adjusted balanced accuracy": 0.15305580305580305
    },
    "classwise": {
        "0": {
            "TN": 69,
            "FP": 210,
            "FN": 19,
            "TP": 129,
            "AP": 0.48751154454812634,
            "recall": 0.8716216216216216,
            "precision": 0.3805309734513274,
            "specificity": 0.24731182795698925,
            "accuracy": 0.4637002341920375,
            "expected AP": 0.34660421545667447
        },
        "1": {
            "TN": 189,
            "FP": 28,
            "FN": 169,
            "TP": 41,
            "AP": 0.5685074864980334,
            "recall": 0.19523809523809524,
            "precision": 0.5942028985507246,
            "specificity": 0.8709677419354839,
            "accuracy": 0.5386416861826698,
            "expected AP": 0.4918032786885246
        },
        "2": {
            "TN": 382,
            "FP": 6,
            "FN": 38,
            "TP": 1,
            "AP": 0.1338414354098666,
            "recall": 0.02564102564102564,
            "precision": 0.14285714285714285,
            "specificity": 0.9845360824742269,
            "accuracy": 0.8969555035128806,
            "expected AP": 0.09133489461358314
        },
        "3": {
            "TN": 396,
            "FP": 1,
            "FN": 19,
            "TP": 11,
            "AP": 0.7431297459513634,
            "recall": 0.36666666666666664,
            "precision": 0.9166666666666666,
            "specificity": 0.9974811083123426,
            "accuracy": 0.9531615925058547,
            "expected AP": 0.0702576112412178
        }
    }
}
