{
    "overall": {
        "mAP": 0.4114100035625766,
        "accuracy": 0.5575027382256298,
        "expected mAP": 0.24999999999999997,
        "balanced accuracy": 0.4222769924481228,
        "adjusted balanced accuracy": 0.22970265659749703
    },
    "classwise": {
        "0": {
            "TN": 225,
            "FP": 104,
            "FN": 197,
            "TP": 387,
            "AP": 0.7891586078231134,
            "recall": 0.6626712328767124,
            "precision": 0.7881873727087576,
            "specificity": 0.6838905775075987,
            "accuracy": 0.6703176341730559,
            "expected AP": 0.6396495071193866
        },
        "1": {
            "TN": 515,
            "FP": 231,
            "FN": 69,
            "TP": 98,
            "AP": 0.27250226338822925,
            "recall": 0.5868263473053892,
            "precision": 0.2978723404255319,
            "specificity": 0.6903485254691689,
            "accuracy": 0.6714129244249726,
            "expected AP": 0.1829134720700986
        },
        "2": {
            "TN": 708,
            "FP": 65,
            "FN": 123,
            "TP": 17,
            "AP": 0.18844614385789826,
            "recall": 0.12142857142857143,
            "precision": 0.2073170731707317,
            "specificity": 0.9159120310478654,
            "accuracy": 0.7940854326396495,
            "expected AP": 0.1533406352683461
        },
        "3": {
            "TN": 887,
            "FP": 4,
            "FN": 15,
            "TP": 7,
            "AP": 0.3955329991810657,
            "recall": 0.3181818181818182,
            "precision": 0.6363636363636364,
            "specificity": 0.9955106621773289,
            "accuracy": 0.9791894852135816,
            "expected AP": 0.024096385542168676
        }
    }
}
