{
    "overall": {
        "mAP": 0.40194420765545674,
        "accuracy": 0.5311699402220325,
        "expected mAP": 0.25,
        "balanced accuracy": 0.4051476051750738,
        "adjusted balanced accuracy": 0.20686347356676507
    },
    "classwise": {
        "0": {
            "TN": 302,
            "FP": 134,
            "FN": 271,
            "TP": 464,
            "AP": 0.7859667706712935,
            "recall": 0.6312925170068027,
            "precision": 0.7759197324414716,
            "specificity": 0.6926605504587156,
            "accuracy": 0.6541417591801879,
            "expected AP": 0.627668659265585
        },
        "1": {
            "TN": 628,
            "FP": 325,
            "FN": 95,
            "TP": 123,
            "AP": 0.257935796447311,
            "recall": 0.5642201834862385,
            "precision": 0.27455357142857145,
            "specificity": 0.6589716684155299,
            "accuracy": 0.64133219470538,
            "expected AP": 0.18616567036720752
        },
        "2": {
            "TN": 891,
            "FP": 87,
            "FN": 165,
            "TP": 28,
            "AP": 0.21651537144365324,
            "recall": 0.14507772020725387,
            "precision": 0.24347826086956523,
            "specificity": 0.911042944785276,
            "accuracy": 0.784799316823228,
            "expected AP": 0.16481639624252775
        },
        "3": {
            "TN": 1143,
            "FP": 3,
            "FN": 18,
            "TP": 7,
            "AP": 0.3473588920595692,
            "recall": 0.28,
            "precision": 0.7,
            "specificity": 0.9973821989528796,
            "accuracy": 0.982066609735269,
            "expected AP": 0.02134927412467976
        }
    }
}
