{
    "overall": {
        "mAP": 0.4036544338911723,
        "accuracy": 0.3815760266370699,
        "expected mAP": 0.25,
        "balanced accuracy": 0.2895758734484795,
        "adjusted balanced accuracy": 0.05276783126463935
    },
    "classwise": {
        "0": {
            "TN": 1621,
            "FP": 7537,
            "FN": 221,
            "TP": 4136,
            "AP": 0.45217805712890535,
            "recall": 0.9492770254762452,
            "precision": 0.35432193951854707,
            "specificity": 0.1770037126010046,
            "accuracy": 0.42597114317425083,
            "expected AP": 0.3223825379208287
        },
        "1": {
            "TN": 6365,
            "FP": 776,
            "FN": 5425,
            "TP": 949,
            "AP": 0.5415953273278775,
            "recall": 0.14888609978035772,
            "precision": 0.5501449275362319,
            "specificity": 0.891331746254026,
            "accuracy": 0.5411764705882353,
            "expected AP": 0.4716241213466519
        },
        "2": {
            "TN": 11513,
            "FP": 37,
            "FN": 1926,
            "TP": 39,
            "AP": 0.2822457092838861,
            "recall": 0.01984732824427481,
            "precision": 0.5131578947368421,
            "specificity": 0.9967965367965368,
            "accuracy": 0.8547539770625231,
            "expected AP": 0.1453940066592675
        },
        "3": {
            "TN": 12688,
            "FP": 8,
            "FN": 786,
            "TP": 33,
            "AP": 0.3385986418240201,
            "recall": 0.040293040293040296,
            "precision": 0.8048780487804879,
            "specificity": 0.9993698802772527,
            "accuracy": 0.9412504624491306,
            "expected AP": 0.060599334073251944
        }
    }
}
