{
    "TN": 389,
    "FP": 5,
    "FN": 31,
    "TP": 2,
    "AP": 0.15748300070447685,
    "recall": 0.06060606060606061,
    "precision": 0.2857142857142857,
    "specificity": 0.9873096446700508,
    "accuracy": 0.9156908665105387,
    "expected AP": 0.07728337236533958,
    "auroc": 0.6313644054760806,
    "balanced accuracy": 0.5239578526380557,
    "adjusted balanced accuracy": 0.04791570527611144
}
