{
    "TN": 192,
    "FP": 104,
    "FN": 209,
    "TP": 197,
    "AP": 0.6734604313175736,
    "recall": 0.4852216748768473,
    "precision": 0.654485049833887,
    "specificity": 0.6486486486486487,
    "accuracy": 0.5541310541310541,
    "expected AP": 0.5783475783475783,
    "auroc": 0.630729097323925,
    "balanced accuracy": 0.566935161762748,
    "adjusted balanced accuracy": 0.1338703235254961
}
