{
    "TN": 114,
    "FP": 54,
    "FN": 107,
    "TP": 104,
    "AP": 0.6779299009653583,
    "recall": 0.4928909952606635,
    "precision": 0.6582278481012658,
    "specificity": 0.6785714285714286,
    "accuracy": 0.575197889182058,
    "expected AP": 0.5567282321899736,
    "auroc": 0.6458333333333333,
    "balanced accuracy": 0.585731211916046,
    "adjusted balanced accuracy": 0.1714624238320921
}
