{
    "TN": 686,
    "FP": 15,
    "FN": 48,
    "TP": 1,
    "AP": 0.14014486998490464,
    "recall": 0.02040816326530612,
    "precision": 0.0625,
    "specificity": 0.978601997146933,
    "accuracy": 0.916,
    "expected AP": 0.06533333333333333,
    "auroc": 0.7387114617601677,
    "balanced accuracy": 0.49950508020611956,
    "adjusted balanced accuracy": -0.0009898395877608879
}
