{
    "TN": 383,
    "FP": 11,
    "FN": 27,
    "TP": 6,
    "AP": 0.22106466026533678,
    "recall": 0.18181818181818182,
    "precision": 0.35294117647058826,
    "specificity": 0.9720812182741116,
    "accuracy": 0.9110070257611241,
    "expected AP": 0.07728337236533958,
    "auroc": 0.6427088140286111,
    "balanced accuracy": 0.5769497000461468,
    "adjusted balanced accuracy": 0.15389940009229353
}
