{
    "TN": 684,
    "FP": 17,
    "FN": 43,
    "TP": 6,
    "AP": 0.14059518593660492,
    "recall": 0.12244897959183673,
    "precision": 0.2608695652173913,
    "specificity": 0.9757489300998573,
    "accuracy": 0.92,
    "expected AP": 0.06533333333333333,
    "auroc": 0.6089988063699089,
    "balanced accuracy": 0.549098954845847,
    "adjusted balanced accuracy": 0.09819790969169406
}
