{
    "overall": {
        "mAP": 0.48875753165991137,
        "accuracy": 0.49537037037037035,
        "expected mAP": 0.25,
        "balanced accuracy": 0.3247624825529755
    },
    "classwise": {
        "0": {
            "TN": 140,
            "FP": 144,
            "FN": 31,
            "TP": 117,
            "AP": 0.7271806688104406,
            "recall": 0.7905405405405406,
            "precision": 0.4482758620689655,
            "specificity": 0.49295774647887325,
            "accuracy": 0.5949074074074074,
            "expected AP": 0.3425925925925926
        },
        "1": {
            "TN": 161,
            "FP": 58,
            "FN": 118,
            "TP": 95,
            "AP": 0.6948546267455057,
            "recall": 0.4460093896713615,
            "precision": 0.6209150326797386,
            "specificity": 0.7351598173515982,
            "accuracy": 0.5925925925925926,
            "expected AP": 0.4930555555555556
        },
        "2": {
            "TN": 378,
            "FP": 15,
            "FN": 39,
            "TP": 0,
            "AP": 0.16652023878158959,
            "recall": 0.0,
            "precision": 0.0,
            "specificity": 0.9618320610687023,
            "accuracy": 0.875,
            "expected AP": 0.09027777777777778
        },
        "3": {
            "TN": 399,
            "FP": 1,
            "FN": 30,
            "TP": 2,
            "AP": 0.36647459230210955,
            "recall": 0.0625,
            "precision": 0.6666666666666666,
            "specificity": 0.9975,
            "accuracy": 0.9282407407407407,
            "expected AP": 0.07407407407407407
        }
    }
}
