{
    "TN": 117,
    "FP": 51,
    "FN": 112,
    "TP": 99,
    "AP": 0.6636800163798426,
    "recall": 0.46919431279620855,
    "precision": 0.66,
    "specificity": 0.6964285714285714,
    "accuracy": 0.5699208443271768,
    "expected AP": 0.5567282321899736,
    "auroc": 0.63611487248928,
    "balanced accuracy": 0.58281144211239,
    "adjusted balanced accuracy": 0.16562288422478
}
