{
    "TN": 1031,
    "FP": 69,
    "FN": 68,
    "TP": 8,
    "AP": 0.11586791411274805,
    "recall": 0.10526315789473684,
    "precision": 0.1038961038961039,
    "specificity": 0.9372727272727273,
    "accuracy": 0.8835034013605442,
    "expected AP": 0.06462585034013606,
    "auroc": 0.6510526315789474,
    "balanced accuracy": 0.5212679425837321,
    "adjusted balanced accuracy": 0.042535885167464205
}
