{
    "TN": 127,
    "FP": 41,
    "FN": 145,
    "TP": 66,
    "AP": 0.6407184061584463,
    "recall": 0.3127962085308057,
    "precision": 0.616822429906542,
    "specificity": 0.7559523809523809,
    "accuracy": 0.5092348284960422,
    "expected AP": 0.5567282321899736,
    "auroc": 0.6526743398781314,
    "balanced accuracy": 0.5343742947415933,
    "adjusted balanced accuracy": 0.06874858948318652
}
