{
    "overall": {
        "mAP": 0.41763489104098356,
        "accuracy": 0.46296296296296297,
        "expected mAP": 0.25,
        "balanced accuracy": 0.30575315632533945
    },
    "classwise": {
        "0": {
            "TN": 127,
            "FP": 157,
            "FN": 36,
            "TP": 112,
            "AP": 0.5695331428973315,
            "recall": 0.7567567567567568,
            "precision": 0.4163568773234201,
            "specificity": 0.4471830985915493,
            "accuracy": 0.5532407407407407,
            "expected AP": 0.3425925925925926
        },
        "1": {
            "TN": 157,
            "FP": 62,
            "FN": 127,
            "TP": 86,
            "AP": 0.6470691334753566,
            "recall": 0.40375586854460094,
            "precision": 0.581081081081081,
            "specificity": 0.7168949771689498,
            "accuracy": 0.5625,
            "expected AP": 0.4930555555555556
        },
        "2": {
            "TN": 381,
            "FP": 12,
            "FN": 39,
            "TP": 0,
            "AP": 0.13781156612576928,
            "recall": 0.0,
            "precision": 0.0,
            "specificity": 0.9694656488549618,
            "accuracy": 0.8819444444444444,
            "expected AP": 0.09027777777777778
        },
        "3": {
            "TN": 399,
            "FP": 1,
            "FN": 30,
            "TP": 2,
            "AP": 0.3161257216654769,
            "recall": 0.0625,
            "precision": 0.6666666666666666,
            "specificity": 0.9975,
            "accuracy": 0.9282407407407407,
            "expected AP": 0.07407407407407407
        }
    }
}
