{
    "overall": {
        "mAP": 0.46410530501625336,
        "accuracy": 0.41451990632318503,
        "expected mAP": 0.25,
        "balanced accuracy": 0.3336872586872587,
        "adjusted balanced accuracy": 0.11158301158301158
    },
    "classwise": {
        "0": {
            "TN": 64,
            "FP": 215,
            "FN": 16,
            "TP": 132,
            "AP": 0.4636480614514593,
            "recall": 0.8918918918918919,
            "precision": 0.3804034582132565,
            "specificity": 0.22939068100358423,
            "accuracy": 0.45901639344262296,
            "expected AP": 0.34660421545667447
        },
        "1": {
            "TN": 187,
            "FP": 30,
            "FN": 173,
            "TP": 37,
            "AP": 0.5601783686450227,
            "recall": 0.1761904761904762,
            "precision": 0.5522388059701493,
            "specificity": 0.8617511520737328,
            "accuracy": 0.5245901639344263,
            "expected AP": 0.4918032786885246
        },
        "2": {
            "TN": 383,
            "FP": 5,
            "FN": 39,
            "TP": 0,
            "AP": 0.11803458113572698,
            "recall": 0.0,
            "precision": 0.0,
            "specificity": 0.9871134020618557,
            "accuracy": 0.8969555035128806,
            "expected AP": 0.09133489461358314
        },
        "3": {
            "TN": 397,
            "FP": 0,
            "FN": 22,
            "TP": 8,
            "AP": 0.7145602088328042,
            "recall": 0.26666666666666666,
            "precision": 1.0,
            "specificity": 1.0,
            "accuracy": 0.9484777517564403,
            "expected AP": 0.0702576112412178
        }
    }
}
