{
    "overall": {
        "mAP": 0.45901806505657333,
        "accuracy": 0.4722900480947096,
        "expected mAP": 0.25
    },
    "classwise": {
        "0": {
            "TN": 4120,
            "FP": 5038,
            "FN": 1004,
            "TP": 3353,
            "AP": 0.5208890466584566,
            "recall": 0.7695662152857471,
            "precision": 0.39959480395662017,
            "specificity": 0.4498798864380869,
            "accuracy": 0.5529411764705883,
            "expected AP": 0.3223825379208287
        },
        "1": {
            "TN": 5227,
            "FP": 1914,
            "FN": 3615,
            "TP": 2759,
            "AP": 0.5759009575316303,
            "recall": 0.43285221211170377,
            "precision": 0.5904130109137599,
            "specificity": 0.7319703122811931,
            "accuracy": 0.5908990011098779,
            "expected AP": 0.4716241213466519
        },
        "2": {
            "TN": 11386,
            "FP": 164,
            "FN": 1894,
            "TP": 71,
            "AP": 0.19992539143526752,
            "recall": 0.036132315521628496,
            "precision": 0.3021276595744681,
            "specificity": 0.9858008658008658,
            "accuracy": 0.8477247502774695,
            "expected AP": 0.1453940066592675
        },
        "3": {
            "TN": 12680,
            "FP": 16,
            "FN": 619,
            "TP": 200,
            "AP": 0.539356864600939,
            "recall": 0.2442002442002442,
            "precision": 0.9259259259259259,
            "specificity": 0.9987397605545053,
            "accuracy": 0.9530151683314836,
            "expected AP": 0.060599334073251944
        }
    }
}
