{
    "overall": {
        "mAP": 0.45638469051410757,
        "accuracy": 0.5601851851851852,
        "expected mAP": 0.25,
        "balanced accuracy": 0.34886316774521
    },
    "classwise": {
        "0": {
            "TN": 195,
            "FP": 89,
            "FN": 48,
            "TP": 100,
            "AP": 0.7016360872878361,
            "recall": 0.6756756756756757,
            "precision": 0.5291005291005291,
            "specificity": 0.6866197183098591,
            "accuracy": 0.6828703703703703,
            "expected AP": 0.3425925925925926
        },
        "1": {
            "TN": 136,
            "FP": 83,
            "FN": 73,
            "TP": 140,
            "AP": 0.7111220859680285,
            "recall": 0.6572769953051644,
            "precision": 0.6278026905829597,
            "specificity": 0.6210045662100456,
            "accuracy": 0.6388888888888888,
            "expected AP": 0.4930555555555556
        },
        "2": {
            "TN": 376,
            "FP": 17,
            "FN": 39,
            "TP": 0,
            "AP": 0.14465214243408317,
            "recall": 0.0,
            "precision": 0.0,
            "specificity": 0.9567430025445293,
            "accuracy": 0.8703703703703703,
            "expected AP": 0.09027777777777778
        },
        "3": {
            "TN": 399,
            "FP": 1,
            "FN": 30,
            "TP": 2,
            "AP": 0.26812844636648253,
            "recall": 0.0625,
            "precision": 0.6666666666666666,
            "specificity": 0.9975,
            "accuracy": 0.9282407407407407,
            "expected AP": 0.07407407407407407
        }
    }
}
