{
    "TN": 947,
    "FP": 153,
    "FN": 61,
    "TP": 15,
    "AP": 0.08188081121598885,
    "recall": 0.19736842105263158,
    "precision": 0.08928571428571429,
    "specificity": 0.860909090909091,
    "accuracy": 0.8180272108843537,
    "expected AP": 0.06462585034013606,
    "auroc": 0.5705442583732058,
    "balanced accuracy": 0.5291387559808612,
    "adjusted balanced accuracy": 0.058277511961722483
}
