{
    "TN": 897,
    "FP": 49,
    "FN": 66,
    "TP": 6,
    "AP": 0.09984167707198216,
    "recall": 0.08333333333333333,
    "precision": 0.10909090909090909,
    "specificity": 0.9482029598308668,
    "accuracy": 0.8870333988212181,
    "expected AP": 0.07072691552062868,
    "auroc": 0.5952255109231854,
    "balanced accuracy": 0.5157681465821,
    "adjusted balanced accuracy": 0.031536293164200035
}
