{
    "TN": 426,
    "FP": 142,
    "FN": 72,
    "TP": 147,
    "AP": 0.5433247185998535,
    "recall": 0.6712328767123288,
    "precision": 0.5086505190311419,
    "specificity": 0.75,
    "accuracy": 0.7280813214739518,
    "expected AP": 0.2782719186785261,
    "auroc": 0.7907341308122708,
    "balanced accuracy": 0.7106164383561644,
    "adjusted balanced accuracy": 0.4212328767123288
}
