{
    "overall": {
        "mAP": 0.4880618078360527,
        "accuracy": 0.5509259259259259,
        "expected mAP": 0.25,
        "balanced accuracy": 0.3462302531404644
    },
    "classwise": {
        "0": {
            "TN": 185,
            "FP": 99,
            "FN": 44,
            "TP": 104,
            "AP": 0.733622833436177,
            "recall": 0.7027027027027027,
            "precision": 0.5123152709359606,
            "specificity": 0.6514084507042254,
            "accuracy": 0.6689814814814815,
            "expected AP": 0.3425925925925926
        },
        "1": {
            "TN": 143,
            "FP": 76,
            "FN": 81,
            "TP": 132,
            "AP": 0.7218658785423806,
            "recall": 0.6197183098591549,
            "precision": 0.6346153846153846,
            "specificity": 0.6529680365296804,
            "accuracy": 0.6365740740740741,
            "expected AP": 0.4930555555555556
        },
        "2": {
            "TN": 375,
            "FP": 18,
            "FN": 39,
            "TP": 0,
            "AP": 0.14567249069652083,
            "recall": 0.0,
            "precision": 0.0,
            "specificity": 0.9541984732824428,
            "accuracy": 0.8680555555555556,
            "expected AP": 0.09027777777777778
        },
        "3": {
            "TN": 399,
            "FP": 1,
            "FN": 30,
            "TP": 2,
            "AP": 0.3510860286691323,
            "recall": 0.0625,
            "precision": 0.6666666666666666,
            "specificity": 0.9975,
            "accuracy": 0.9282407407407407,
            "expected AP": 0.07407407407407407
        }
    }
}
