{
    "overall": {
        "mAP": 0.47510249774207863,
        "accuracy": 0.43559718969555034,
        "expected mAP": 0.25,
        "balanced accuracy": 0.35054697554697556,
        "adjusted balanced accuracy": 0.13406263406263408
    },
    "classwise": {
        "0": {
            "TN": 72,
            "FP": 207,
            "FN": 18,
            "TP": 130,
            "AP": 0.4962688434489878,
            "recall": 0.8783783783783784,
            "precision": 0.3857566765578635,
            "specificity": 0.25806451612903225,
            "accuracy": 0.47306791569086654,
            "expected AP": 0.34660421545667447
        },
        "1": {
            "TN": 190,
            "FP": 27,
            "FN": 163,
            "TP": 47,
            "AP": 0.5859872727913913,
            "recall": 0.22380952380952382,
            "precision": 0.6351351351351351,
            "specificity": 0.8755760368663594,
            "accuracy": 0.5550351288056206,
            "expected AP": 0.4918032786885246
        },
        "2": {
            "TN": 382,
            "FP": 6,
            "FN": 39,
            "TP": 0,
            "AP": 0.10595927753658846,
            "recall": 0.0,
            "precision": 0.0,
            "specificity": 0.9845360824742269,
            "accuracy": 0.8946135831381733,
            "expected AP": 0.09133489461358314
        },
        "3": {
            "TN": 396,
            "FP": 1,
            "FN": 21,
            "TP": 9,
            "AP": 0.7121945971913468,
            "recall": 0.3,
            "precision": 0.9,
            "specificity": 0.9974811083123426,
            "accuracy": 0.9484777517564403,
            "expected AP": 0.0702576112412178
        }
    }
}
