{
    "TN": 124,
    "FP": 44,
    "FN": 120,
    "TP": 91,
    "AP": 0.673125504353229,
    "recall": 0.4312796208530806,
    "precision": 0.674074074074074,
    "specificity": 0.7380952380952381,
    "accuracy": 0.5672823218997362,
    "expected AP": 0.5567282321899736,
    "auroc": 0.6481324757391107,
    "balanced accuracy": 0.5846874294741593,
    "adjusted balanced accuracy": 0.1693748589483186
}
