{
    "TN": 595,
    "FP": 129,
    "FN": 141,
    "TP": 131,
    "AP": 0.5352114315351755,
    "recall": 0.48161764705882354,
    "precision": 0.5038461538461538,
    "specificity": 0.8218232044198895,
    "accuracy": 0.7289156626506024,
    "expected AP": 0.27309236947791166,
    "auroc": 0.730421778518037,
    "balanced accuracy": 0.6517204257393565,
    "adjusted balanced accuracy": 0.303440851478713
}
