{
    "overall": {
        "mAP": 0.4800341497955909,
        "accuracy": 0.628696604600219,
        "expected mAP": 0.24999999999999997,
        "balanced accuracy": 0.43438929160004136,
        "adjusted balanced accuracy": 0.24585238880005514
    },
    "classwise": {
        "0": {
            "TN": 202,
            "FP": 127,
            "FN": 101,
            "TP": 483,
            "AP": 0.8992797968461458,
            "recall": 0.827054794520548,
            "precision": 0.7918032786885246,
            "specificity": 0.6139817629179332,
            "accuracy": 0.7502738225629791,
            "expected AP": 0.6396495071193866
        },
        "1": {
            "TN": 556,
            "FP": 190,
            "FN": 94,
            "TP": 73,
            "AP": 0.2693195270103476,
            "recall": 0.437125748502994,
            "precision": 0.27756653992395436,
            "specificity": 0.7453083109919572,
            "accuracy": 0.6889375684556407,
            "expected AP": 0.1829134720700986
        },
        "2": {
            "TN": 763,
            "FP": 10,
            "FN": 131,
            "TP": 9,
            "AP": 0.36177401914287555,
            "recall": 0.06428571428571428,
            "precision": 0.47368421052631576,
            "specificity": 0.9870633893919794,
            "accuracy": 0.8455640744797371,
            "expected AP": 0.1533406352683461
        },
        "3": {
            "TN": 879,
            "FP": 12,
            "FN": 13,
            "TP": 9,
            "AP": 0.3897632561829946,
            "recall": 0.4090909090909091,
            "precision": 0.42857142857142855,
            "specificity": 0.9865319865319865,
            "accuracy": 0.9726177437020811,
            "expected AP": 0.024096385542168676
        }
    }
}
