{
    "overall": {
        "mAP": 0.4585291060895465,
        "accuracy": 0.6105892399658411,
        "expected mAP": 0.25,
        "balanced accuracy": 0.41617154291483194,
        "adjusted balanced accuracy": 0.22156205721977593
    },
    "classwise": {
        "0": {
            "TN": 267,
            "FP": 169,
            "FN": 134,
            "TP": 601,
            "AP": 0.8832610925998086,
            "recall": 0.817687074829932,
            "precision": 0.7805194805194805,
            "specificity": 0.6123853211009175,
            "accuracy": 0.7412467976088813,
            "expected AP": 0.627668659265585
        },
        "1": {
            "TN": 689,
            "FP": 264,
            "FN": 122,
            "TP": 96,
            "AP": 0.2533358178763021,
            "recall": 0.44036697247706424,
            "precision": 0.26666666666666666,
            "specificity": 0.7229800629590766,
            "accuracy": 0.6703672075149445,
            "expected AP": 0.18616567036720752
        },
        "2": {
            "TN": 967,
            "FP": 11,
            "FN": 184,
            "TP": 9,
            "AP": 0.34137554755584415,
            "recall": 0.046632124352331605,
            "precision": 0.45,
            "specificity": 0.9887525562372188,
            "accuracy": 0.8334756618274979,
            "expected AP": 0.16481639624252775
        },
        "3": {
            "TN": 1134,
            "FP": 12,
            "FN": 16,
            "TP": 9,
            "AP": 0.3561439663262312,
            "recall": 0.36,
            "precision": 0.42857142857142855,
            "specificity": 0.9895287958115183,
            "accuracy": 0.9760888129803587,
            "expected AP": 0.02134927412467976
        }
    }
}
