{
    "TN": 118,
    "FP": 50,
    "FN": 117,
    "TP": 94,
    "AP": 0.6447744952476595,
    "recall": 0.44549763033175355,
    "precision": 0.6527777777777778,
    "specificity": 0.7023809523809523,
    "accuracy": 0.5593667546174143,
    "expected AP": 0.5567282321899736,
    "auroc": 0.6236600090273076,
    "balanced accuracy": 0.5739392913563529,
    "adjusted balanced accuracy": 0.14787858271270582
}
