{
    "overall": {
        "mAP": 0.4852659140236598,
        "accuracy": 0.5118756936736959,
        "expected mAP": 0.25
    },
    "classwise": {
        "0": {
            "TN": 4762,
            "FP": 4396,
            "FN": 791,
            "TP": 3566,
            "AP": 0.566168329248002,
            "recall": 0.8184530640348864,
            "precision": 0.4478774177342376,
            "specificity": 0.519982528936449,
            "accuracy": 0.616204217536071,
            "expected AP": 0.3223825379208287
        },
        "1": {
            "TN": 5205,
            "FP": 1936,
            "FN": 3394,
            "TP": 2980,
            "AP": 0.5753818021160577,
            "recall": 0.4675243175400063,
            "precision": 0.6061838893409276,
            "specificity": 0.728889511272931,
            "accuracy": 0.605623381428043,
            "expected AP": 0.4716241213466519
        },
        "2": {
            "TN": 11299,
            "FP": 251,
            "FN": 1851,
            "TP": 114,
            "AP": 0.191688111873163,
            "recall": 0.05801526717557252,
            "precision": 0.31232876712328766,
            "specificity": 0.9782683982683983,
            "accuracy": 0.8444691083980762,
            "expected AP": 0.1453940066592675
        },
        "3": {
            "TN": 12682,
            "FP": 14,
            "FN": 561,
            "TP": 258,
            "AP": 0.6078254128574164,
            "recall": 0.315018315018315,
            "precision": 0.9485294117647058,
            "specificity": 0.9988972904851922,
            "accuracy": 0.9574546799852016,
            "expected AP": 0.060599334073251944
        }
    }
}
