{
    "TN": 448,
    "FP": 120,
    "FN": 73,
    "TP": 146,
    "AP": 0.5723129784241408,
    "recall": 0.6666666666666666,
    "precision": 0.5488721804511278,
    "specificity": 0.7887323943661971,
    "accuracy": 0.7547649301143583,
    "expected AP": 0.2782719186785261,
    "auroc": 0.8056868608913755,
    "balanced accuracy": 0.7276995305164319,
    "adjusted balanced accuracy": 0.45539906103286376
}
