{
    "overall": {
        "mAP": 0.4748798759516774,
        "accuracy": 0.42360340362560117,
        "expected mAP": 0.25
    },
    "classwise": {
        "0": {
            "TN": 2707,
            "FP": 6451,
            "FN": 380,
            "TP": 3977,
            "AP": 0.4925165336561428,
            "recall": 0.9127840257057609,
            "precision": 0.3813770617568086,
            "specificity": 0.2955885564533741,
            "accuracy": 0.4945615982241953,
            "expected AP": 0.3223825379208287
        },
        "1": {
            "TN": 6049,
            "FP": 1092,
            "FN": 5004,
            "TP": 1370,
            "AP": 0.5570624462962837,
            "recall": 0.21493567618449952,
            "precision": 0.5564581640942323,
            "specificity": 0.8470802408626242,
            "accuracy": 0.548945615982242,
            "expected AP": 0.4716241213466519
        },
        "2": {
            "TN": 11329,
            "FP": 221,
            "FN": 1882,
            "TP": 83,
            "AP": 0.20898627498421649,
            "recall": 0.042239185750636135,
            "precision": 0.2730263157894737,
            "specificity": 0.9808658008658009,
            "accuracy": 0.8443951165371809,
            "expected AP": 0.1453940066592675
        },
        "3": {
            "TN": 12670,
            "FP": 26,
            "FN": 524,
            "TP": 295,
            "AP": 0.6409542488700668,
            "recall": 0.3601953601953602,
            "precision": 0.9190031152647975,
            "specificity": 0.9979521109010712,
            "accuracy": 0.9593044765075842,
            "expected AP": 0.060599334073251944
        }
    }
}
