{
    "TN": 433,
    "FP": 135,
    "FN": 66,
    "TP": 153,
    "AP": 0.5693231820229867,
    "recall": 0.6986301369863014,
    "precision": 0.53125,
    "specificity": 0.7623239436619719,
    "accuracy": 0.7445997458703939,
    "expected AP": 0.2782719186785261,
    "auroc": 0.8073027204321821,
    "balanced accuracy": 0.7304770403241366,
    "adjusted balanced accuracy": 0.46095408064827326
}
