{
    "overall": {
        "mAP": 0.32958264776376567,
        "accuracy": 0.49537037037037035,
        "expected mAP": 0.25,
        "balanced accuracy": 0.31818614389036926
    },
    "classwise": {
        "0": {
            "TN": 96,
            "FP": 188,
            "FN": 18,
            "TP": 130,
            "AP": 0.3686703467083624,
            "recall": 0.8783783783783784,
            "precision": 0.4088050314465409,
            "specificity": 0.3380281690140845,
            "accuracy": 0.5231481481481481,
            "expected AP": 0.3425925925925926
        },
        "1": {
            "TN": 189,
            "FP": 30,
            "FN": 129,
            "TP": 84,
            "AP": 0.6479373847450322,
            "recall": 0.39436619718309857,
            "precision": 0.7368421052631579,
            "specificity": 0.863013698630137,
            "accuracy": 0.6319444444444444,
            "expected AP": 0.4930555555555556
        },
        "2": {
            "TN": 393,
            "FP": 0,
            "FN": 39,
            "TP": 0,
            "AP": 0.07087828713205534,
            "recall": 0.0,
            "precision": 0.0,
            "specificity": 1.0,
            "accuracy": 0.9097222222222222,
            "expected AP": 0.09027777777777778
        },
        "3": {
            "TN": 400,
            "FP": 0,
            "FN": 32,
            "TP": 0,
            "AP": 0.2308445724696129,
            "recall": 0.0,
            "precision": 0.0,
            "specificity": 1.0,
            "accuracy": 0.9259259259259259,
            "expected AP": 0.07407407407407407
        }
    }
}
