{
    "overall": {
        "mAP": 0.4705589627062997,
        "accuracy": 0.4827968923418424,
        "expected mAP": 0.25
    },
    "classwise": {
        "0": {
            "TN": 4389,
            "FP": 4769,
            "FN": 773,
            "TP": 3584,
            "AP": 0.5197320251492242,
            "recall": 0.8225843470277714,
            "precision": 0.42906740093379625,
            "specificity": 0.47925311203319504,
            "accuracy": 0.589937106918239,
            "expected AP": 0.3223825379208287
        },
        "1": {
            "TN": 5236,
            "FP": 1905,
            "FN": 3850,
            "TP": 2524,
            "AP": 0.552484193365042,
            "recall": 0.39598368371509257,
            "precision": 0.5698803341612102,
            "specificity": 0.7332306399663913,
            "accuracy": 0.5741768405475398,
            "expected AP": 0.4716241213466519
        },
        "2": {
            "TN": 11272,
            "FP": 278,
            "FN": 1804,
            "TP": 161,
            "AP": 0.23473150783515367,
            "recall": 0.08193384223918575,
            "precision": 0.36674259681093396,
            "specificity": 0.975930735930736,
            "accuracy": 0.8459489456159822,
            "expected AP": 0.1453940066592675
        },
        "3": {
            "TN": 12658,
            "FP": 38,
            "FN": 563,
            "TP": 256,
            "AP": 0.5752881244757789,
            "recall": 0.3125763125763126,
            "precision": 0.8707482993197279,
            "specificity": 0.9970069313169502,
            "accuracy": 0.9555308916019238,
            "expected AP": 0.060599334073251944
        }
    }
}
