{
    "overall": {
        "mAP": 0.38942478586852275,
        "accuracy": 0.5684556407447974,
        "expected mAP": 0.24999999999999997,
        "balanced accuracy": 0.40052790034590136,
        "adjusted balanced accuracy": 0.20070386712786847
    },
    "classwise": {
        "0": {
            "TN": 224,
            "FP": 105,
            "FN": 183,
            "TP": 401,
            "AP": 0.801404998054586,
            "recall": 0.6866438356164384,
            "precision": 0.7924901185770751,
            "specificity": 0.6808510638297872,
            "accuracy": 0.6845564074479737,
            "expected AP": 0.6396495071193866
        },
        "1": {
            "TN": 508,
            "FP": 238,
            "FN": 64,
            "TP": 103,
            "AP": 0.29066910510767846,
            "recall": 0.6167664670658682,
            "precision": 0.3020527859237537,
            "specificity": 0.6809651474530831,
            "accuracy": 0.6692223439211391,
            "expected AP": 0.1829134720700986
        },
        "2": {
            "TN": 733,
            "FP": 40,
            "FN": 130,
            "TP": 10,
            "AP": 0.19698923527097484,
            "recall": 0.07142857142857142,
            "precision": 0.2,
            "specificity": 0.9482535575679172,
            "accuracy": 0.8138006571741512,
            "expected AP": 0.1533406352683461
        },
        "3": {
            "TN": 880,
            "FP": 11,
            "FN": 17,
            "TP": 5,
            "AP": 0.26863580504085177,
            "recall": 0.22727272727272727,
            "precision": 0.3125,
            "specificity": 0.9876543209876543,
            "accuracy": 0.9693318729463308,
            "expected AP": 0.024096385542168676
        }
    }
}
