{
    "overall": {
        "mAP": 0.3814822931767252,
        "accuracy": 0.5516652433817251,
        "expected mAP": 0.25,
        "balanced accuracy": 0.3902342536101763,
        "adjusted balanced accuracy": 0.18697900481356836
    },
    "classwise": {
        "0": {
            "TN": 296,
            "FP": 140,
            "FN": 242,
            "TP": 493,
            "AP": 0.7968250981427014,
            "recall": 0.6707482993197279,
            "precision": 0.7788309636650869,
            "specificity": 0.6788990825688074,
            "accuracy": 0.6737830913748932,
            "expected AP": 0.627668659265585
        },
        "1": {
            "TN": 638,
            "FP": 315,
            "FN": 89,
            "TP": 129,
            "AP": 0.27573047281955787,
            "recall": 0.591743119266055,
            "precision": 0.2905405405405405,
            "specificity": 0.6694648478488983,
            "accuracy": 0.6549957301451751,
            "expected AP": 0.18616567036720752
        },
        "2": {
            "TN": 920,
            "FP": 58,
            "FN": 174,
            "TP": 19,
            "AP": 0.22526725870099748,
            "recall": 0.09844559585492228,
            "precision": 0.24675324675324675,
            "specificity": 0.9406952965235174,
            "accuracy": 0.8018787361229718,
            "expected AP": 0.16481639624252775
        },
        "3": {
            "TN": 1134,
            "FP": 12,
            "FN": 20,
            "TP": 5,
            "AP": 0.22810634304364422,
            "recall": 0.2,
            "precision": 0.29411764705882354,
            "specificity": 0.9895287958115183,
            "accuracy": 0.9726729291204099,
            "expected AP": 0.02134927412467976
        }
    }
}
