{
    "TN": 96,
    "FP": 72,
    "FN": 98,
    "TP": 113,
    "AP": 0.6224660149631314,
    "recall": 0.5355450236966824,
    "precision": 0.6108108108108108,
    "specificity": 0.5714285714285714,
    "accuracy": 0.5514511873350924,
    "expected AP": 0.5567282321899736,
    "auroc": 0.603658880613857,
    "balanced accuracy": 0.553486797562627,
    "adjusted balanced accuracy": 0.10697359512525395
}
