{
    "overall": {
        "mAP": 0.5083722538690185,
        "accuracy": 0.5048464668886422,
        "expected mAP": 0.25
    },
    "classwise": {
        "0": {
            "TN": 4644,
            "FP": 4514,
            "FN": 909,
            "TP": 3448,
            "AP": 0.5871624616469899,
            "recall": 0.7913702088593069,
            "precision": 0.4330570208490329,
            "specificity": 0.5070976195675911,
            "accuracy": 0.5987421383647799,
            "expected AP": 0.3223825379208287
        },
        "1": {
            "TN": 5439,
            "FP": 1702,
            "FN": 3562,
            "TP": 2812,
            "AP": 0.5911959207234052,
            "recall": 0.4411672419203012,
            "precision": 0.6229508196721312,
            "specificity": 0.7616580310880829,
            "accuracy": 0.6105068442471329,
            "expected AP": 0.4716241213466519
        },
        "2": {
            "TN": 11126,
            "FP": 424,
            "FN": 1679,
            "TP": 286,
            "AP": 0.2683475993590349,
            "recall": 0.1455470737913486,
            "precision": 0.4028169014084507,
            "specificity": 0.9632900432900433,
            "accuracy": 0.8443951165371809,
            "expected AP": 0.1453940066592675
        },
        "3": {
            "TN": 12644,
            "FP": 52,
            "FN": 542,
            "TP": 277,
            "AP": 0.586783033746644,
            "recall": 0.33821733821733824,
            "precision": 0.8419452887537994,
            "specificity": 0.9959042218021424,
            "accuracy": 0.9560488346281909,
            "expected AP": 0.060599334073251944
        }
    }
}
