{
    "TN": 413,
    "FP": 122,
    "FN": 83,
    "TP": 120,
    "AP": 0.44873831213005305,
    "recall": 0.5911330049261084,
    "precision": 0.49586776859504134,
    "specificity": 0.77196261682243,
    "accuracy": 0.7222222222222222,
    "expected AP": 0.2750677506775068,
    "auroc": 0.7066479443856176,
    "balanced accuracy": 0.6815478108742692,
    "adjusted balanced accuracy": 0.3630956217485384
}
