{
    "TN": 540,
    "FP": 184,
    "FN": 119,
    "TP": 153,
    "AP": 0.42057661998264995,
    "recall": 0.5625,
    "precision": 0.4540059347181009,
    "specificity": 0.7458563535911602,
    "accuracy": 0.6957831325301205,
    "expected AP": 0.27309236947791166,
    "auroc": 0.6930147058823528,
    "balanced accuracy": 0.6541781767955801,
    "adjusted balanced accuracy": 0.3083563535911602
}
