{
    "TN": 388,
    "FP": 6,
    "FN": 30,
    "TP": 3,
    "AP": 0.17289765276555183,
    "recall": 0.09090909090909091,
    "precision": 0.3333333333333333,
    "specificity": 0.9847715736040609,
    "accuracy": 0.9156908665105387,
    "expected AP": 0.07728337236533958,
    "auroc": 0.6279803107214275,
    "balanced accuracy": 0.5378403322565759,
    "adjusted balanced accuracy": 0.07568066451315181
}
