{
    "overall": {
        "mAP": 0.3813286185513683,
        "accuracy": 0.5750273822562979,
        "expected mAP": 0.24999999999999997,
        "balanced accuracy": 0.407618404890983,
        "adjusted balanced accuracy": 0.21015787318797732
    },
    "classwise": {
        "0": {
            "TN": 213,
            "FP": 116,
            "FN": 172,
            "TP": 412,
            "AP": 0.7774210807302497,
            "recall": 0.7054794520547946,
            "precision": 0.7803030303030303,
            "specificity": 0.6474164133738601,
            "accuracy": 0.6845564074479737,
            "expected AP": 0.6396495071193866
        },
        "1": {
            "TN": 535,
            "FP": 211,
            "FN": 70,
            "TP": 97,
            "AP": 0.2834447335313739,
            "recall": 0.5808383233532934,
            "precision": 0.31493506493506496,
            "specificity": 0.7171581769436998,
            "accuracy": 0.6922234392113911,
            "expected AP": 0.1829134720700986
        },
        "2": {
            "TN": 718,
            "FP": 55,
            "FN": 130,
            "TP": 10,
            "AP": 0.19144287855849806,
            "recall": 0.07142857142857142,
            "precision": 0.15384615384615385,
            "specificity": 0.9288486416558862,
            "accuracy": 0.7973713033953997,
            "expected AP": 0.1533406352683461
        },
        "3": {
            "TN": 885,
            "FP": 6,
            "FN": 16,
            "TP": 6,
            "AP": 0.2730057813853514,
            "recall": 0.2727272727272727,
            "precision": 0.5,
            "specificity": 0.9932659932659933,
            "accuracy": 0.9759036144578314,
            "expected AP": 0.024096385542168676
        }
    }
}
