{
    "overall": {
        "mAP": 0.3711239951178143,
        "accuracy": 0.53800170794193,
        "expected mAP": 0.25,
        "balanced accuracy": 0.38432646205794196,
        "adjusted balanced accuracy": 0.1791019494105893
    },
    "classwise": {
        "0": {
            "TN": 281,
            "FP": 155,
            "FN": 247,
            "TP": 488,
            "AP": 0.7663012110738423,
            "recall": 0.6639455782312925,
            "precision": 0.7589424572317263,
            "specificity": 0.6444954128440367,
            "accuracy": 0.6567036720751495,
            "expected AP": 0.627668659265585
        },
        "1": {
            "TN": 646,
            "FP": 307,
            "FN": 98,
            "TP": 120,
            "AP": 0.27081419154383923,
            "recall": 0.5504587155963303,
            "precision": 0.2810304449648712,
            "specificity": 0.6778593913955928,
            "accuracy": 0.6541417591801879,
            "expected AP": 0.18616567036720752
        },
        "2": {
            "TN": 904,
            "FP": 74,
            "FN": 177,
            "TP": 16,
            "AP": 0.21523245413834508,
            "recall": 0.08290155440414508,
            "precision": 0.17777777777777778,
            "specificity": 0.9243353783231084,
            "accuracy": 0.7856532877882152,
            "expected AP": 0.16481639624252775
        },
        "3": {
            "TN": 1141,
            "FP": 5,
            "FN": 19,
            "TP": 6,
            "AP": 0.2321481237152307,
            "recall": 0.24,
            "precision": 0.5454545454545454,
            "specificity": 0.9956369982547993,
            "accuracy": 0.9795046968403074,
            "expected AP": 0.02134927412467976
        }
    }
}
