{
    "overall": {
        "mAP": 0.5589875338384862,
        "accuracy": 0.676949443016281,
        "expected mAP": 0.25,
        "balanced accuracy": 0.517377840701533,
        "adjusted balanced accuracy": 0.35650378760204404
    },
    "classwise": {
        "0": {
            "TN": 627,
            "FP": 227,
            "FN": 238,
            "TP": 1242,
            "AP": 0.9066616663926703,
            "recall": 0.8391891891891892,
            "precision": 0.8454731109598366,
            "specificity": 0.734192037470726,
            "accuracy": 0.800771208226221,
            "expected AP": 0.6341045415595544
        },
        "1": {
            "TN": 1435,
            "FP": 457,
            "FN": 192,
            "TP": 250,
            "AP": 0.37600570951285195,
            "recall": 0.5656108597285068,
            "precision": 0.3536067892503536,
            "specificity": 0.7584566596194503,
            "accuracy": 0.721936589545844,
            "expected AP": 0.1893744644387318
        },
        "2": {
            "TN": 1939,
            "FP": 34,
            "FN": 298,
            "TP": 63,
            "AP": 0.5020776363404009,
            "recall": 0.1745152354570637,
            "precision": 0.6494845360824743,
            "specificity": 0.9827673593512417,
            "accuracy": 0.8577549271636675,
            "expected AP": 0.1546700942587832
        },
        "3": {
            "TN": 2247,
            "FP": 36,
            "FN": 26,
            "TP": 25,
            "AP": 0.4512051231080216,
            "recall": 0.49019607843137253,
            "precision": 0.4098360655737705,
            "specificity": 0.9842312746386334,
            "accuracy": 0.9734361610968295,
            "expected AP": 0.021850899742930592
        }
    }
}
