{
    "TN": 373,
    "FP": 21,
    "FN": 28,
    "TP": 5,
    "AP": 0.20934713413490805,
    "recall": 0.15151515151515152,
    "precision": 0.19230769230769232,
    "specificity": 0.9467005076142132,
    "accuracy": 0.8852459016393442,
    "expected AP": 0.07728337236533958,
    "auroc": 0.7001230579910783,
    "balanced accuracy": 0.5491078295646824,
    "adjusted balanced accuracy": 0.09821565912936481
}
