{
    "overall": {
        "mAP": 0.44377660354462467,
        "accuracy": 0.5115740740740741,
        "expected mAP": 0.25,
        "balanced accuracy": 0.3288546028422789
    },
    "classwise": {
        "0": {
            "TN": 159,
            "FP": 125,
            "FN": 39,
            "TP": 109,
            "AP": 0.6757896384294054,
            "recall": 0.7364864864864865,
            "precision": 0.4658119658119658,
            "specificity": 0.5598591549295775,
            "accuracy": 0.6203703703703703,
            "expected AP": 0.3425925925925926
        },
        "1": {
            "TN": 149,
            "FP": 70,
            "FN": 103,
            "TP": 110,
            "AP": 0.6793042024885587,
            "recall": 0.5164319248826291,
            "precision": 0.6111111111111112,
            "specificity": 0.680365296803653,
            "accuracy": 0.5995370370370371,
            "expected AP": 0.4930555555555556
        },
        "2": {
            "TN": 378,
            "FP": 15,
            "FN": 39,
            "TP": 0,
            "AP": 0.15438846849019314,
            "recall": 0.0,
            "precision": 0.0,
            "specificity": 0.9618320610687023,
            "accuracy": 0.875,
            "expected AP": 0.09027777777777778
        },
        "3": {
            "TN": 399,
            "FP": 1,
            "FN": 30,
            "TP": 2,
            "AP": 0.2656241047703413,
            "recall": 0.0625,
            "precision": 0.6666666666666666,
            "specificity": 0.9975,
            "accuracy": 0.9282407407407407,
            "expected AP": 0.07407407407407407
        }
    }
}
