{
    "TN": 1264,
    "FP": 309,
    "FN": 194,
    "TP": 400,
    "AP": 0.6335033394763018,
    "recall": 0.6734006734006734,
    "precision": 0.5641748942172073,
    "specificity": 0.803560076287349,
    "accuracy": 0.7678818643285649,
    "expected AP": 0.27411167512690354,
    "auroc": 0.818429045701773,
    "balanced accuracy": 0.7384803748440112,
    "adjusted balanced accuracy": 0.4769607496880224
}
