{
    "TN": 5746,
    "FP": 145,
    "FN": 114,
    "TP": 3109,
    "AP": 0.9908109790354048,
    "recall": 0.9646292274278623,
    "precision": 0.955439459127228,
    "specificity": 0.9753861823120014,
    "accuracy": 0.9715821812596006,
    "expected AP": 0.35363177529076145,
    "auroc": 0.995297943670338,
    "balanced accuracy": 0.9700077048699318,
    "adjusted balanced accuracy": 0.9400154097398636
}
