{
    "TN": 126,
    "FP": 42,
    "FN": 130,
    "TP": 81,
    "AP": 0.6527151871484567,
    "recall": 0.38388625592417064,
    "precision": 0.6585365853658537,
    "specificity": 0.75,
    "accuracy": 0.5461741424802111,
    "expected AP": 0.5567282321899736,
    "auroc": 0.6397963213721507,
    "balanced accuracy": 0.5669431279620853,
    "adjusted balanced accuracy": 0.1338862559241707
}
