{
    "TN": 443,
    "FP": 125,
    "FN": 81,
    "TP": 138,
    "AP": 0.5255283053185664,
    "recall": 0.6301369863013698,
    "precision": 0.5247148288973384,
    "specificity": 0.7799295774647887,
    "accuracy": 0.7382465057179162,
    "expected AP": 0.2782719186785261,
    "auroc": 0.7809746607498874,
    "balanced accuracy": 0.7050332818830793,
    "adjusted balanced accuracy": 0.4100665637661587
}
