{
    "overall": {
        "mAP": 0.4672602337834092,
        "accuracy": 0.4238875878220141,
        "expected mAP": 0.25,
        "balanced accuracy": 0.3589520839520839,
        "adjusted balanced accuracy": 0.14526944526944519
    },
    "classwise": {
        "0": {
            "TN": 64,
            "FP": 215,
            "FN": 14,
            "TP": 134,
            "AP": 0.4818371228841793,
            "recall": 0.9054054054054054,
            "precision": 0.3839541547277937,
            "specificity": 0.22939068100358423,
            "accuracy": 0.4637002341920375,
            "expected AP": 0.34660421545667447
        },
        "1": {
            "TN": 191,
            "FP": 26,
            "FN": 174,
            "TP": 36,
            "AP": 0.5687642456332889,
            "recall": 0.17142857142857143,
            "precision": 0.5806451612903226,
            "specificity": 0.880184331797235,
            "accuracy": 0.531615925058548,
            "expected AP": 0.4918032786885246
        },
        "2": {
            "TN": 383,
            "FP": 5,
            "FN": 38,
            "TP": 1,
            "AP": 0.11067218692025887,
            "recall": 0.02564102564102564,
            "precision": 0.16666666666666666,
            "specificity": 0.9871134020618557,
            "accuracy": 0.8992974238875878,
            "expected AP": 0.09133489461358314
        },
        "3": {
            "TN": 397,
            "FP": 0,
            "FN": 20,
            "TP": 10,
            "AP": 0.7077673796959097,
            "recall": 0.3333333333333333,
            "precision": 1.0,
            "specificity": 1.0,
            "accuracy": 0.9531615925058547,
            "expected AP": 0.0702576112412178
        }
    }
}
