{
    "overall": {
        "mAP": 0.47929483643617266,
        "accuracy": 0.4238875878220141,
        "expected mAP": 0.25,
        "balanced accuracy": 0.33944658944658945,
        "adjusted balanced accuracy": 0.11926211926211927
    },
    "classwise": {
        "0": {
            "TN": 62,
            "FP": 217,
            "FN": 14,
            "TP": 134,
            "AP": 0.4778997826123235,
            "recall": 0.9054054054054054,
            "precision": 0.3817663817663818,
            "specificity": 0.2222222222222222,
            "accuracy": 0.45901639344262296,
            "expected AP": 0.34660421545667447
        },
        "1": {
            "TN": 194,
            "FP": 23,
            "FN": 171,
            "TP": 39,
            "AP": 0.5801255281310703,
            "recall": 0.18571428571428572,
            "precision": 0.6290322580645161,
            "specificity": 0.8940092165898618,
            "accuracy": 0.5456674473067916,
            "expected AP": 0.4918032786885246
        },
        "2": {
            "TN": 382,
            "FP": 6,
            "FN": 39,
            "TP": 0,
            "AP": 0.12166733158097162,
            "recall": 0.0,
            "precision": 0.0,
            "specificity": 0.9845360824742269,
            "accuracy": 0.8946135831381733,
            "expected AP": 0.09133489461358314
        },
        "3": {
            "TN": 397,
            "FP": 0,
            "FN": 22,
            "TP": 8,
            "AP": 0.7374867034203253,
            "recall": 0.26666666666666666,
            "precision": 1.0,
            "specificity": 1.0,
            "accuracy": 0.9484777517564403,
            "expected AP": 0.0702576112412178
        }
    }
}
