{
    "TN": 927,
    "FP": 173,
    "FN": 57,
    "TP": 19,
    "AP": 0.08345701885887097,
    "recall": 0.25,
    "precision": 0.09895833333333333,
    "specificity": 0.8427272727272728,
    "accuracy": 0.8044217687074829,
    "expected AP": 0.06462585034013606,
    "auroc": 0.5853708133971293,
    "balanced accuracy": 0.5463636363636364,
    "adjusted balanced accuracy": 0.09272727272727277
}
