{
    "overall": {
        "mAP": 0.43704876697284145,
        "accuracy": 0.5231481481481481,
        "expected mAP": 0.25,
        "balanced accuracy": 0.35154663906864614
    },
    "classwise": {
        "0": {
            "TN": 170,
            "FP": 114,
            "FN": 45,
            "TP": 103,
            "AP": 0.5758508982281156,
            "recall": 0.6959459459459459,
            "precision": 0.47465437788018433,
            "specificity": 0.5985915492957746,
            "accuracy": 0.6319444444444444,
            "expected AP": 0.3425925925925926
        },
        "1": {
            "TN": 141,
            "FP": 78,
            "FN": 95,
            "TP": 118,
            "AP": 0.6723544578592874,
            "recall": 0.5539906103286385,
            "precision": 0.6020408163265306,
            "specificity": 0.6438356164383562,
            "accuracy": 0.5995370370370371,
            "expected AP": 0.4930555555555556
        },
        "2": {
            "TN": 380,
            "FP": 13,
            "FN": 39,
            "TP": 0,
            "AP": 0.13558724400410288,
            "recall": 0.0,
            "precision": 0.0,
            "specificity": 0.9669211195928753,
            "accuracy": 0.8796296296296297,
            "expected AP": 0.09027777777777778
        },
        "3": {
            "TN": 399,
            "FP": 1,
            "FN": 27,
            "TP": 5,
            "AP": 0.3644024677998599,
            "recall": 0.15625,
            "precision": 0.8333333333333334,
            "specificity": 0.9975,
            "accuracy": 0.9351851851851852,
            "expected AP": 0.07407407407407407
        }
    }
}
