{
    "TN": 912,
    "FP": 34,
    "FN": 67,
    "TP": 5,
    "AP": 0.09831914257158292,
    "recall": 0.06944444444444445,
    "precision": 0.1282051282051282,
    "specificity": 0.9640591966173362,
    "accuracy": 0.9007858546168959,
    "expected AP": 0.07072691552062868,
    "auroc": 0.5480825698848955,
    "balanced accuracy": 0.5167518205308903,
    "adjusted balanced accuracy": 0.03350364106178061
}
