{
    "TN": 5747,
    "FP": 144,
    "FN": 94,
    "TP": 3129,
    "AP": 0.9931211343677578,
    "recall": 0.9708346261247285,
    "precision": 0.9560036663611365,
    "specificity": 0.9755559327788151,
    "accuracy": 0.9738863287250384,
    "expected AP": 0.35363177529076145,
    "auroc": 0.9963575015406843,
    "balanced accuracy": 0.9731952794517718,
    "adjusted balanced accuracy": 0.9463905589035435
}
