{
    "TN": 1270,
    "FP": 303,
    "FN": 176,
    "TP": 418,
    "AP": 0.6838226285574189,
    "recall": 0.7037037037037037,
    "precision": 0.579750346740638,
    "specificity": 0.8073744437380801,
    "accuracy": 0.7789570835256114,
    "expected AP": 0.27411167512690354,
    "auroc": 0.8451280124833843,
    "balanced accuracy": 0.7555390737208919,
    "adjusted balanced accuracy": 0.5110781474417838
}
