{
    "overall": {
        "mAP": 0.4397350770830213,
        "accuracy": 0.6601244614648157,
        "expected mAP": 0.25,
        "balanced accuracy": 0.46470034446809605,
        "adjusted balanced accuracy": 0.2862671259574614
    },
    "classwise": {
        "0": {
            "TN": 401,
            "FP": 223,
            "FN": 279,
            "TP": 1186,
            "AP": 0.9029659622815145,
            "recall": 0.8095563139931741,
            "precision": 0.8417317246273953,
            "specificity": 0.6426282051282052,
            "accuracy": 0.7596936333173767,
            "expected AP": 0.7012924844423168
        },
        "1": {
            "TN": 1333,
            "FP": 378,
            "FN": 234,
            "TP": 144,
            "AP": 0.24805337368239697,
            "recall": 0.38095238095238093,
            "precision": 0.27586206896551724,
            "specificity": 0.7790765634132086,
            "accuracy": 0.7070368597415031,
            "expected AP": 0.18094782192436573
        },
        "2": {
            "TN": 1851,
            "FP": 33,
            "FN": 178,
            "TP": 27,
            "AP": 0.3222418630718888,
            "recall": 0.13170731707317074,
            "precision": 0.45,
            "specificity": 0.982484076433121,
            "accuracy": 0.8989947343226424,
            "expected AP": 0.09813307802776448
        },
        "3": {
            "TN": 1972,
            "FP": 76,
            "FN": 19,
            "TP": 22,
            "AP": 0.28567910929628487,
            "recall": 0.5365853658536586,
            "precision": 0.22448979591836735,
            "specificity": 0.962890625,
            "accuracy": 0.9545236955481091,
            "expected AP": 0.019626615605552896
        }
    }
}
