{
    "overall": {
        "mAP": 0.45650504837396416,
        "accuracy": 0.5761226725082147,
        "expected mAP": 0.24999999999999997,
        "balanced accuracy": 0.5271082523620256,
        "adjusted balanced accuracy": 0.3694776698160342
    },
    "classwise": {
        "0": {
            "TN": 265,
            "FP": 64,
            "FN": 189,
            "TP": 395,
            "AP": 0.8681278338113144,
            "recall": 0.6763698630136986,
            "precision": 0.8605664488017429,
            "specificity": 0.8054711246200608,
            "accuracy": 0.7228915662650602,
            "expected AP": 0.6396495071193866
        },
        "1": {
            "TN": 480,
            "FP": 266,
            "FN": 66,
            "TP": 101,
            "AP": 0.2808826245276696,
            "recall": 0.6047904191616766,
            "precision": 0.27520435967302453,
            "specificity": 0.6434316353887399,
            "accuracy": 0.6363636363636364,
            "expected AP": 0.1829134720700986
        },
        "2": {
            "TN": 748,
            "FP": 25,
            "FN": 126,
            "TP": 14,
            "AP": 0.2559738868737024,
            "recall": 0.1,
            "precision": 0.358974358974359,
            "specificity": 0.9676584734799483,
            "accuracy": 0.8346111719605696,
            "expected AP": 0.1533406352683461
        },
        "3": {
            "TN": 859,
            "FP": 32,
            "FN": 6,
            "TP": 16,
            "AP": 0.4210358482831702,
            "recall": 0.7272727272727273,
            "precision": 0.3333333333333333,
            "specificity": 0.9640852974186308,
            "accuracy": 0.9583789704271632,
            "expected AP": 0.024096385542168676
        }
    }
}
