{
    "overall": {
        "mAP": 0.45475834615389266,
        "accuracy": 0.5772843723313408,
        "expected mAP": 0.25,
        "balanced accuracy": 0.5064843768947423,
        "adjusted balanced accuracy": 0.3419791691929898
    },
    "classwise": {
        "0": {
            "TN": 338,
            "FP": 98,
            "FN": 222,
            "TP": 513,
            "AP": 0.8631944561120051,
            "recall": 0.6979591836734694,
            "precision": 0.839607201309329,
            "specificity": 0.7752293577981652,
            "accuracy": 0.726729291204099,
            "expected AP": 0.627668659265585
        },
        "1": {
            "TN": 616,
            "FP": 337,
            "FN": 94,
            "TP": 124,
            "AP": 0.26656322157453594,
            "recall": 0.5688073394495413,
            "precision": 0.26898047722342733,
            "specificity": 0.646379853095488,
            "accuracy": 0.6319385140905209,
            "expected AP": 0.18616567036720752
        },
        "2": {
            "TN": 951,
            "FP": 27,
            "FN": 170,
            "TP": 23,
            "AP": 0.28223668635464844,
            "recall": 0.11917098445595854,
            "precision": 0.46,
            "specificity": 0.9723926380368099,
            "accuracy": 0.8317677198975235,
            "expected AP": 0.16481639624252775
        },
        "3": {
            "TN": 1113,
            "FP": 33,
            "FN": 9,
            "TP": 16,
            "AP": 0.40703902057438135,
            "recall": 0.64,
            "precision": 0.32653061224489793,
            "specificity": 0.9712041884816754,
            "accuracy": 0.964133219470538,
            "expected AP": 0.02134927412467976
        }
    }
}
