{
    "overall": {
        "mAP": 0.48179030361362696,
        "accuracy": 0.4765815760266371,
        "expected mAP": 0.25
    },
    "classwise": {
        "0": {
            "TN": 4145,
            "FP": 5013,
            "FN": 669,
            "TP": 3688,
            "AP": 0.5504629430018824,
            "recall": 0.8464539820977737,
            "precision": 0.4238593265141938,
            "specificity": 0.4526097401179297,
            "accuracy": 0.5795782463928968,
            "expected AP": 0.3223825379208287
        },
        "1": {
            "TN": 5307,
            "FP": 1834,
            "FN": 3999,
            "TP": 2375,
            "AP": 0.561181872087925,
            "recall": 0.37260746783809223,
            "precision": 0.5642670468044666,
            "specificity": 0.74317322503851,
            "accuracy": 0.5684054753977063,
            "expected AP": 0.4716241213466519
        },
        "2": {
            "TN": 11334,
            "FP": 216,
            "FN": 1854,
            "TP": 111,
            "AP": 0.18749948860544283,
            "recall": 0.05648854961832061,
            "precision": 0.3394495412844037,
            "specificity": 0.9812987012987013,
            "accuracy": 0.8468368479467259,
            "expected AP": 0.1453940066592675
        },
        "3": {
            "TN": 12685,
            "FP": 11,
            "FN": 552,
            "TP": 267,
            "AP": 0.6280169107592578,
            "recall": 0.326007326007326,
            "precision": 0.960431654676259,
            "specificity": 0.9991335853812224,
            "accuracy": 0.9583425823159453,
            "expected AP": 0.060599334073251944
        }
    }
}
