{
    "overall": {
        "mAP": 0.47743464553203735,
        "accuracy": 0.5138888888888888,
        "expected mAP": 0.25,
        "balanced accuracy": 0.3310592723004695
    },
    "classwise": {
        "0": {
            "TN": 160,
            "FP": 124,
            "FN": 37,
            "TP": 111,
            "AP": 0.6968687643202119,
            "recall": 0.75,
            "precision": 0.4723404255319149,
            "specificity": 0.5633802816901409,
            "accuracy": 0.6273148148148148,
            "expected AP": 0.3425925925925926
        },
        "1": {
            "TN": 152,
            "FP": 67,
            "FN": 104,
            "TP": 109,
            "AP": 0.6981191872086361,
            "recall": 0.5117370892018779,
            "precision": 0.6193181818181818,
            "specificity": 0.6940639269406392,
            "accuracy": 0.6041666666666666,
            "expected AP": 0.4930555555555556
        },
        "2": {
            "TN": 375,
            "FP": 18,
            "FN": 39,
            "TP": 0,
            "AP": 0.16052683308451984,
            "recall": 0.0,
            "precision": 0.0,
            "specificity": 0.9541984732824428,
            "accuracy": 0.8680555555555556,
            "expected AP": 0.09027777777777778
        },
        "3": {
            "TN": 399,
            "FP": 1,
            "FN": 30,
            "TP": 2,
            "AP": 0.35422379751478156,
            "recall": 0.0625,
            "precision": 0.6666666666666666,
            "specificity": 0.9975,
            "accuracy": 0.9282407407407407,
            "expected AP": 0.07407407407407407
        }
    }
}
